{"type":"Topology","arcs":[[[138093,124960],[-104,713],[-996,545],[-240,118],[-79,58],[-68,73],[-84,68],[-172,122],[-107,59],[-80,56],[-68,98],[-106,63],[-62,86],[-10,68],[-47,66],[-154,110],[-41,53],[10,123],[-91,105],[-25,68],[-15,126],[-45,47],[-64,22],[-65,33],[-40,65],[-18,61],[-138,76],[-101,71],[-139,55],[-50,38],[-88,87],[-40,64],[-13,59],[-6,186],[-206,322],[-103,322],[-23,47],[-4,39],[5,46],[13,45],[37,54],[-25,80],[-28,42],[-93,54],[-199,64]],[[134121,129717],[13,70],[23,31],[-6,23],[31,18],[5,-8],[15,0],[36,26],[16,0],[32,-16],[9,2],[26,28],[14,-3],[5,6],[-8,59],[-11,24],[16,39],[-5,11],[-90,40],[-22,16],[-4,31],[14,39],[-5,17],[18,15],[-4,28],[37,33],[-4,34],[-20,21],[1,9],[5,7],[17,4],[9,13],[24,-8],[6,9],[-15,18],[-37,14],[3,19],[-38,-4],[-20,10],[-23,29],[-6,22],[-13,17],[11,14],[2,15],[-24,17],[-15,2],[-33,-17],[-35,13],[-29,-22],[-58,4],[-14,5],[-13,27],[5,22],[22,13],[4,24],[-13,96],[16,34],[-15,28],[-2,21],[41,21],[10,15],[-7,57],[19,24],[-16,40],[-1,28],[18,74],[-3,12],[-31,40],[-3,26],[-11,17],[-6,25],[-48,32],[-29,81],[5,25],[-35,12],[-20,34],[10,26],[-16,25],[-15,59],[-14,14],[9,25],[-27,17],[-3,41],[10,24],[-9,18],[8,13],[0,51],[-22,44],[5,24],[13,23],[-2,34],[-10,16],[6,11],[1,32],[-18,24],[-26,-3],[-9,6],[-20,35],[9,20],[32,1],[27,21],[39,66],[2,19],[-19,12],[-3,12],[22,21],[4,18],[-12,15],[-19,0],[-4,19],[27,70],[46,64],[15,30],[-3,25],[-12,25],[9,18],[0,54],[29,18],[20,28],[52,8],[19,20],[-2,26],[-14,30],[5,37],[-5,23],[49,48],[5,28],[32,27],[24,35],[23,2],[14,8],[9,32],[-16,5],[-16,18],[-13,70],[15,10],[-5,13],[18,23],[1,18],[21,43],[76,43],[13,32],[36,29],[-16,17],[-2,29],[22,15],[2,39],[18,1],[-13,40],[6,14],[8,12],[19,9],[0,7],[-18,12],[-6,56],[16,3],[16,-13],[15,13],[11,-7],[21,32],[16,4],[11,10],[31,38],[94,29],[59,35],[26,24],[23,49],[1,37],[17,24],[3,18],[17,2],[26,31],[12,46],[23,45],[6,39],[27,27],[26,4],[14,-11],[18,-4],[10,8],[2,14],[15,7],[-7,27],[9,4],[12,-7],[16,21],[-9,58],[69,94],[12,10],[34,0],[16,12],[6,28],[46,47],[8,51],[19,9],[20,21],[-10,25],[12,28],[25,18],[27,-9],[9,3],[31,25],[-10,26],[3,31],[22,37],[41,109],[8,7],[18,1],[38,34],[41,21],[11,33],[34,23],[29,58],[24,1],[24,-13],[12,0],[40,22],[53,53],[50,15],[26,-3],[20,10],[32,49],[-8,44],[10,40],[36,32],[174,71],[23,30],[8,44],[18,16],[79,46],[54,39],[62,16],[88,49],[71,24],[47,33],[37,44],[47,101],[46,62],[11,40],[1,760],[9,230],[-13,218],[5,155],[-4,146],[8,76],[2,111],[-13,79],[8,66],[-2,241],[49,165],[7,131],[-4,63],[-11,35],[-28,51],[-3,43],[13,48],[-2,29],[-15,11],[-118,-12],[-38,7],[-45,27],[-33,10],[-113,78],[-71,13],[-43,21],[-94,68],[-65,33],[-124,49],[-143,11],[-19,7],[-8,22],[-110,1087],[-39,240],[-16,190],[-52,157],[16,92],[33,60],[36,46],[67,77],[170,108],[-18,93],[8,58],[27,104],[-9,59],[-82,141],[-33,87],[-50,93],[-4,28],[10,99],[-42,119],[-3,31],[14,123],[19,89],[-8,54],[-75,171],[-8,28],[7,222],[7,22],[-36,53],[-28,55],[-7,42],[-92,1116],[-12,0],[-235,2815],[-47,707]],[[135019,146985],[158,6],[153,26],[161,18],[126,-2],[130,-14],[155,-67],[208,-117],[147,-102],[413,-233],[109,-46],[70,-22],[161,46],[231,123],[110,48],[156,36],[300,26],[397,-4],[205,-21],[243,-14],[138,1],[211,-8],[275,6],[106,16],[108,2],[88,-11],[195,-53],[153,-66],[86,-66],[11,-54],[-31,-23],[-55,-17],[-85,-1],[-132,-33],[-48,-26],[-29,-25],[-74,-78],[-21,-38],[-39,-35],[-63,-110],[-16,-50],[-9,-216],[-23,-98],[-19,-44],[-38,-54],[-58,-131],[-30,-41],[-12,-32],[-2,-22],[-74,-131],[-18,-45],[-55,-57],[-140,-206],[-88,-86],[-88,-110],[-42,-69],[-44,-55],[-31,-61],[-67,-88],[-29,-27],[-62,-94],[-54,-104],[132,-91],[149,-46],[167,-68],[213,-70],[150,-14],[32,27],[47,20],[157,-145],[54,-94],[193,-185],[148,-92],[153,-105],[317,-278],[142,-115],[42,-65],[9,-66],[-25,-389],[-13,-95],[-38,-142],[9,-56],[1,-69],[-11,-98],[50,-37],[5,-52],[24,-23],[25,-51],[27,-37],[10,-9],[13,2],[15,14],[26,4],[13,11],[14,4],[20,-6],[57,-50],[13,-54],[26,-6],[25,-34],[44,-8],[60,-32],[104,-6],[20,-11],[30,-50],[7,-25],[25,-2],[6,-37],[13,-6],[32,0],[26,-16],[18,-29],[40,-8],[18,-68],[23,-24],[31,1],[20,-15],[25,-2],[52,-67],[28,-4],[38,-37],[47,-30],[35,5],[38,20],[293,89],[117,49],[127,44],[164,45],[36,18],[249,82],[116,20],[585,194],[1597,-1092],[48,-22],[107,-18],[108,-36],[93,-18],[61,-26],[32,-25],[31,-8],[16,-12],[70,-148],[21,-65],[-39,-152],[9,-38],[-3,-13],[-11,-15],[-30,-117],[-22,-53],[-17,-90],[27,-55],[2,-26],[58,-30],[45,-66],[141,-121],[27,-131],[-3,-138],[5,-25],[-6,-13],[-3,-124],[20,-53],[11,-76],[25,-32],[22,-50],[23,-24],[0,-16],[12,-24],[36,-21],[1,-21],[25,-14],[32,-32],[11,-46],[36,-8],[49,-67],[43,-22],[12,-15],[8,-34],[106,-120],[5,-34],[17,-16],[33,-12],[4,-17],[18,-23],[2,-36],[30,-53],[25,-18],[25,-43],[8,-16],[5,-52],[32,-41],[-6,-17],[13,-52],[-11,-28],[57,-73],[-10,-25],[2,-16],[12,-10],[0,-17],[15,-23],[-2,-17],[-22,-15],[4,-25],[-11,-9],[-3,-18],[16,-19],[-15,-41],[-17,-23],[-8,-52],[10,-9],[-2,-18],[-19,-30],[8,-32],[-9,-10],[-14,-61],[13,-23],[-16,-27],[12,-12],[-4,-47],[14,-31],[3,-23],[-8,-57],[20,-15],[0,-70],[13,-9],[4,-16],[3,-39],[-10,-29],[5,-20],[11,-12],[-6,-26],[5,-30],[9,-5],[9,-24],[-9,-37],[-25,-52],[8,-9],[-5,-18],[8,-69],[-6,-12],[-31,-23],[-16,-41],[2,-33],[19,-16],[8,-47],[-7,-19],[2,-22],[25,-27],[-45,-31],[-51,-150],[46,-88],[32,-22],[6,-23],[37,-2],[22,-8],[19,-25],[73,-51],[39,-121],[74,-88],[8,-20],[14,-7],[14,-16],[12,-54],[-3,-15],[14,-20],[6,-79],[-116,-41],[-299,-1187],[-208,-611],[-18,-160],[20,-102],[-47,-179],[-15,-39],[-76,-656],[11,-1],[-40,-509],[-4,-330],[2875,-1706]],[[148783,130128],[493,-921],[206,-536],[840,-808],[28,-46],[-5,-66],[21,9],[20,-32],[-13,-29],[4,-11],[6,-6],[19,0],[7,21],[6,1],[11,-7],[29,-1],[20,-18],[3,-26],[-26,-17],[7,-19],[-4,-6],[-9,-5],[-16,9],[0,-8],[-8,-6],[11,-29],[-6,-46],[5,-22],[16,-7],[19,18],[11,-1],[20,-27],[23,-13],[14,1],[0,38],[-29,24],[5,15],[42,24],[7,-5],[11,-47],[12,-18],[0,-8],[-20,-15],[4,-23],[12,-5],[13,13],[35,-13],[17,18],[21,-8],[17,-69],[28,-6],[4,-5],[-9,-20],[4,-7],[38,-45],[9,5],[6,13],[37,25],[21,-7],[18,23],[17,-2],[20,-32],[20,-14],[9,-22],[33,-16],[24,-42],[29,-20],[19,-97],[51,3],[12,-98],[-9,-27],[-19,-26],[-24,5],[-18,-9],[6,-63],[-3,-47],[6,-20],[20,-20],[1,-53],[6,-10],[30,-23],[48,-17],[18,-58],[31,-43],[-20,-12],[14,-23],[12,-58],[1,-17],[-16,-48],[33,-59],[1,-30],[-273,4],[-136,9],[-173,-3],[-34,9],[-154,83],[-44,12],[-416,-33],[-39,17],[-663,105],[-62,0],[-10,-3],[-41,-49],[-239,-57],[-141,-56],[-41,-6],[-83,-44],[-91,-29],[-1620,-135],[-74,28],[-69,155],[-73,7],[-129,0],[-84,10],[-99,28],[-51,46],[-123,-148],[-67,-49],[-185,64],[-124,19],[-144,47],[-38,3],[-61,-5],[-173,22],[-226,65],[-167,6],[-142,25],[-114,0],[-142,15],[-391,70],[-71,3],[-228,65],[-201,37],[-111,1],[-126,-10],[-46,-13],[-86,-7],[-67,-26],[-99,-25],[-144,-48],[-394,-61],[-390,-31],[-240,-157],[-549,-277],[-1372,-713],[-246,-232],[-4,5],[-21,-46],[-1766,-110]],[[62466,140783],[-19,107],[-12,23],[-64,231],[-22,36],[-85,96],[-24,18],[-176,40],[-80,7],[-12,13],[-10,2],[-35,55],[-35,228],[14,35],[10,59],[23,30],[11,28],[120,105],[170,107],[244,114],[115,82],[150,69],[128,94],[115,153],[41,81],[19,227],[29,29],[86,51],[48,19],[94,66],[249,256],[151,115],[91,30],[112,14],[160,-4],[323,-50],[44,7],[49,26],[29,32],[4,46],[-29,157],[-58,113],[-65,161],[38,202],[28,200],[49,119],[200,152],[103,105],[53,72],[88,146],[192,240],[35,62],[65,78],[92,134],[71,141],[19,60],[31,147],[45,121],[55,94],[102,118],[122,91],[35,46],[104,199],[58,96],[72,219],[44,88],[68,50],[91,43],[40,12],[167,3],[27,4],[27,11],[23,23],[18,54],[35,46]],[[66566,147067],[47,62],[71,76],[36,60],[-7,141],[19,91],[68,132],[136,237],[194,227],[113,146],[99,169],[51,147],[15,211],[14,92],[140,184],[51,77],[48,109],[11,116],[-95,233],[-58,82],[-115,131],[-27,47],[-26,176],[6,105],[4,0],[25,104],[68,165],[53,70],[42,19],[303,90],[93,55],[24,35],[83,276],[40,61],[36,72],[13,103],[40,141],[3,73],[-14,305],[3,54],[19,67],[50,82],[100,77],[91,84],[44,65],[107,188],[61,56],[101,57],[51,56],[37,65],[15,65],[1,100],[-16,133],[-39,170],[-14,156],[5,58],[22,80],[22,43],[53,65],[80,76],[71,24],[301,36],[64,20],[167,84],[66,50],[100,95],[18,36],[15,15],[52,128],[51,97],[33,40],[83,81],[24,14],[120,100],[100,106],[119,114],[178,194],[45,75],[38,84],[20,142],[-2,32],[-18,95],[-26,96],[-134,251],[-43,132],[-36,196],[10,84],[35,131],[21,38],[100,138],[77,127],[84,114],[52,58],[44,34],[71,44],[142,57],[282,100],[35,16],[55,44],[47,58],[62,105],[41,91],[59,88],[260,291],[13,9],[41,97],[41,136],[65,109],[9,4],[39,51],[210,205],[566,-2],[82,-12],[193,-65],[72,-17],[98,-7],[125,19],[236,70],[35,15],[70,-3],[23,6],[12,12],[489,263],[139,124],[52,64],[71,47],[58,17],[47,1],[96,21],[64,23],[36,23],[99,104],[49,79],[222,160],[46,74],[72,156],[24,28],[16,47],[131,149],[209,109],[135,111],[206,59],[269,-13],[330,1],[337,-155],[193,-143],[104,-162],[99,-181],[129,-153],[61,-51],[51,-34],[195,-97],[221,-69],[90,-16],[342,-11],[282,-38],[229,-77],[88,-22],[133,-53],[85,-24],[113,4],[109,26],[175,72],[228,122],[134,31],[118,54],[287,161],[30,24],[16,27],[3,41],[-6,33],[-11,42],[-54,100],[-14,54],[0,95],[30,90],[61,120],[30,82],[116,187],[84,111],[209,222],[55,71],[36,30],[113,87],[55,31],[256,90],[132,67],[106,39],[255,-16],[87,2],[67,8],[112,52]],[[82207,160586],[30,11],[31,-2],[27,6],[35,13],[47,-5],[58,25],[145,24],[83,22],[106,14],[115,46],[457,44],[85,48],[44,10],[49,28],[39,15],[31,42],[21,40],[19,7],[20,-2],[13,8],[3,68],[9,15],[23,18],[40,-4],[12,-18],[1,-57],[-9,-29],[-28,-31],[3,-11],[31,-3],[24,-26],[12,6],[37,66],[14,2],[44,-12],[8,15],[-4,18],[11,11],[59,24],[49,0],[12,-7],[2,-22],[-13,-37],[6,-26],[-18,-27],[11,-20],[34,33],[54,-46],[12,-2],[13,8],[14,36],[12,0],[25,-9],[22,-15],[66,-66],[-6,-6],[-37,-4],[-13,-10],[-63,-84],[13,-23],[23,-13],[32,2],[12,10],[15,-20],[30,21],[19,-1],[19,-14]],[[84297,160690],[-71,-83],[-72,-102],[-56,-124],[-1,-72],[87,-554],[7,-99],[138,-628],[12,-101],[-1,-785],[-19,-29],[-50,-39],[-28,-16],[-17,0],[-6,-31],[-28,-27],[-68,-121],[-14,-57],[-26,-68],[-26,-262],[-17,-38],[-28,-38],[-78,-939],[36,-507],[15,-138],[26,-57],[97,-306],[25,-130],[-2,-47],[-42,-6],[-51,7],[-41,-2],[-118,17],[-73,-14],[-50,-1],[-144,20],[-118,6],[-125,-14],[-80,19],[-70,-29],[-78,26],[-69,-22],[-123,-5],[-75,7],[-65,51],[-17,-2],[-19,-19],[5,-15],[38,-31],[1,-19],[23,-15],[18,0],[17,-61],[34,-31],[27,-93],[80,-84],[27,-40],[20,2],[14,-6],[32,-68],[17,-66],[21,-26],[41,-21],[11,-18],[-8,-31],[-55,-54],[-5,-32],[49,-74],[15,-40],[31,-25],[11,-51],[0,-63],[26,-80],[-8,-47],[-70,-52],[-5,-23],[-23,-30],[-47,-98],[10,-36],[56,-88],[-7,-20],[-24,-26],[-2,-24],[14,-22],[72,-70],[19,-31],[0,-27],[20,-21],[59,-37],[41,-40],[44,4],[20,-49],[54,-31],[4,-27],[-7,-22],[10,-26],[12,-31],[54,-68],[26,-110],[32,-46],[8,-49],[26,-49],[10,-40],[-47,-31],[-16,-18],[-16,-32],[-67,-7],[-37,-26],[-20,-6],[-74,6],[-36,-3],[-27,-25],[-25,-39],[-73,-20],[-8,-8],[30,-85],[7,-6],[30,3],[10,-20],[-5,-69],[-10,-39],[-28,-54],[-9,-68],[19,-50],[0,-36],[12,-20],[1,-19],[-17,-19],[-49,-17],[-124,-70],[-19,-20],[-1,-20],[8,-13],[25,-2],[-9,-21],[-30,-17],[-66,-21],[-9,-25],[-109,-86],[2,-20],[26,-52],[-7,-16],[-19,-12],[-11,4],[-21,-23],[-31,0],[-17,8],[-17,-5],[-20,-25],[15,-117],[-9,-42],[-107,-118],[-42,-10],[-23,-12],[-10,-17],[16,-30],[38,-32],[1,-32],[-33,-56],[-38,-28],[-65,-13],[-35,9],[-46,37],[-13,-8],[-3,-91],[47,-155],[-1,-25],[-43,-82],[-47,-39],[-25,-35],[7,-37],[18,-9],[2,-27],[-17,-36],[0,-86],[-8,-35],[7,-79],[4,-12],[47,-40],[50,3],[14,-17],[2,-16],[30,-44],[17,-4],[52,-43],[5,-31],[-3,-51],[33,-37],[-5,-17],[-18,-11],[-5,-13],[27,-32],[-10,-17],[-15,0],[-20,12],[-35,0],[-16,-9],[-28,-47],[-7,-72],[9,-7],[29,-4],[7,-7],[1,-18],[-7,-36],[0,-74],[-9,-59],[-15,-196],[116,-155],[33,1],[6,-10],[-57,-65],[-60,-170],[-38,-185],[-88,-44],[15,-43],[-64,-11],[-93,-218],[-29,-24],[-142,-67],[-50,-39],[-43,-20],[-11,-12],[-3,-20],[6,-37],[-5,-12],[14,-34],[-89,-69],[-35,-4],[-11,-7],[-6,-33],[-59,-15],[-57,-23],[-38,14],[-20,-7],[-69,-55],[-22,-34],[-53,-43],[-30,-41],[-3,-25],[-80,-30],[-38,-25],[-27,-42],[-52,-43],[-65,-41],[-44,-58],[-32,-88],[-13,-83],[-29,-102],[7,-115],[-11,-44],[2,-17],[13,-18],[-3,-37],[-54,-169],[-26,-60],[12,-40],[-16,-40],[-10,-48],[-39,-86],[-20,-25],[-3,-18],[16,-40],[10,-13],[24,-9],[20,-23],[-46,-51],[-47,10],[-9,-5],[-4,-13],[-3,-46],[-27,-63],[-14,-73],[-36,-109],[7,-162],[-7,-49],[-18,-29],[-20,-73],[-4,-98],[-13,-15],[-58,-28],[-34,-65],[-20,-65],[-97,-140],[-224,-223],[-67,-84],[-4,-14],[-14,-9],[-96,-150],[-39,-41],[-26,-44],[-41,-37],[-242,-298],[1,-83],[-52,-91],[-19,-153],[-16,-24],[-14,-4],[-17,-16],[-25,-53],[-27,-41],[35,-27],[12,-100],[-65,-105],[-53,-188],[-11,-155],[-97,-147],[12,-166],[-82,-44],[-65,-194],[0,-105],[-29,-72],[-141,-122],[42,-72],[-43,-45],[-21,-4],[-13,-17],[-10,-1],[-32,15],[-11,-53],[-73,-53],[-12,-24],[-25,-6],[-63,-64],[-10,-132],[6,-6],[-2,-15],[-69,-100],[-14,-10],[-11,3],[-5,-55],[35,-61],[53,-72],[-29,-72],[17,-88],[-11,-111],[-323,-371],[-94,-193],[-2667,-8],[-515,-85],[-924,-74],[-642,-182],[-987,-229],[-1942,-419],[-170,-44],[-99,-97],[-220,-5],[-143,-92],[-35,2],[-24,-6],[-49,17],[-34,2],[-9,14],[-56,32],[-25,26],[-2,12],[-23,10],[-1,30],[-46,75],[-41,16],[-207,-40],[-36,-37],[-9,7],[-78,-51],[-20,-32],[-25,9],[-15,-7],[-6,-17],[-27,3],[-51,-12],[-10,-21],[-15,-12],[-20,3],[-15,12],[-11,-5],[-25,10],[-32,-2],[-128,-27],[-22,20],[-29,7],[-11,10],[-27,2],[-28,48],[-16,2],[-8,10],[0,10],[-28,49],[-21,15],[-5,10],[-18,4],[-17,21],[-24,14],[4,34],[-9,9],[-66,0],[-91,12],[-46,-2],[-5,16],[-83,30],[-13,-15],[-19,6],[-36,-10],[-50,-1],[-8,-9],[-20,-3],[-23,10],[-43,-53],[5,-19],[-27,-26],[-28,-5],[-13,-17],[-20,3],[-10,-19],[6,-42],[-14,-53],[-24,-13],[-9,-16],[-9,13],[-36,0],[-6,-21],[7,-7],[1,-28],[25,-28],[-7,-6],[5,-7],[-56,-21],[-18,-20],[3,-12],[-76,-49],[-53,-21],[-51,-1],[5,-11],[-4,-6],[-24,4],[-10,-8],[-24,7],[-19,-8],[-15,-16],[-3,-43],[-13,-12],[0,-17],[-22,-18],[-1,-32],[-19,-30],[9,-8],[-2,-6],[15,-34],[-13,-48],[-13,-16],[-23,-4],[-13,-11],[-23,4],[-29,-19],[-46,5],[-37,13],[-18,0],[-3,-13],[-10,-7],[-9,-21],[-27,2],[-19,-21],[3,-5],[13,0],[-2,-25],[-31,-17],[-3,-10],[-31,-22],[-30,-8],[-30,-20],[19,-60],[2,-30],[-13,-17],[-62,-13],[-30,-25],[-73,-44],[-12,-22],[1,-20],[17,-94],[-8,-12],[15,-12],[-10,-11],[-29,4],[-7,-7],[4,-22],[10,-10],[0,-13],[-21,-14],[-5,-64],[-18,-27],[-16,-12],[8,-34],[64,-46],[-21,-33],[5,-14],[-13,-12],[-44,-3],[-15,-16],[-38,-2],[-28,-11],[0,-13],[-41,-50],[-17,-9],[-54,-6],[-20,-11],[9,-38],[-12,-5],[-4,-13],[-18,-24],[-13,-7],[-17,-29],[-17,1],[-16,-9],[-20,2],[-22,-11],[-3,-18],[8,-30],[-12,-59],[-51,-66],[-15,-5],[-7,3],[-14,-13],[-6,-35],[-11,-3],[-14,-24],[9,-10],[9,-1],[-19,-21],[-57,-15],[-46,47],[-30,15],[-21,20],[-21,6],[-5,12],[-15,8],[-8,-11],[-40,17],[-8,13],[-9,-5],[-190,69],[-26,-19],[-32,-7],[-58,15],[-79,-35],[-22,6],[3,-11],[-48,-3],[-41,-22],[-5,-22],[-24,-23],[-42,-13],[-13,-1],[-79,29],[-58,31],[-30,44],[-60,27],[4,48],[-28,20],[-20,3],[-19,-6],[-38,12],[-24,17],[9,15],[-37,3],[-51,31],[-78,93],[-51,47],[15,9],[18,0],[28,53],[-2,24],[-29,29],[27,33],[1,23],[-33,40],[6,9],[-6,10],[-42,17],[0,94],[-80,6],[-204,96],[-152,44],[31,153],[-98,120],[-65,-144],[-88,-103],[-173,33],[-63,75],[16,7],[4,57],[-38,4],[-14,-31],[-48,56],[-13,3],[10,15],[-41,17],[-23,-22],[-118,24],[-90,61],[25,67],[-42,43],[-57,3],[-11,-32],[-14,-14],[-10,6],[-109,-69],[-133,65],[-234,166],[-151,196],[-184,135],[-150,161],[-186,16],[-85,102],[-4,17],[-46,64],[-161,128],[-4,23]],[[134121,129717],[-17,-5],[-13,5],[-44,43],[-83,-25],[-71,-47],[-14,7],[-27,46],[-28,-2],[-7,-9],[-11,6],[-37,-19],[-7,-10],[2,-29],[-9,-25],[16,-42],[-85,23],[-53,-12],[24,-59],[-5,-14],[5,-11],[-25,-21],[-26,-5],[-8,-13],[-16,15],[-18,1],[-10,-44],[8,-22],[-19,-27],[-32,1],[-38,-16],[-9,-16],[-18,-9],[-18,-26],[-12,-7],[-6,7],[-29,-5],[-98,43],[-2,-18],[-28,-5],[-6,-9],[1,-12],[-14,-17],[2,-20],[-4,-3],[-18,7],[-38,-34],[0,-12],[-19,5],[-10,-4],[25,-23],[-4,-6],[-17,-1],[-32,-32],[-10,-3],[-26,4],[-30,38],[-33,-16],[-17,5],[-8,-15],[-9,13],[-5,-5],[-33,25],[-27,6],[-14,-13],[-15,1],[3,24],[-9,5],[-10,-7],[-9,2],[-16,14],[2,7],[15,1],[17,17],[-16,7],[-14,28],[-34,-5],[-2,-10],[-16,3],[-12,-15],[-24,29],[-22,3],[-6,-10],[-9,12],[-11,2],[-14,-46],[-77,-16],[-6,2],[-5,19],[-72,45],[-36,-2],[-4,-13],[-10,12],[-15,-3],[2,13],[-26,8],[-9,-10],[0,-10],[-6,4],[-16,-16],[-29,6],[-2,-8],[-12,-5],[-16,7],[-5,-26],[-15,-11],[-1,-11],[-16,-7],[-24,16],[8,12],[-7,11],[-15,-3],[-12,10],[-5,18],[-19,1],[-11,10],[5,20],[-17,-5],[-3,5],[19,21],[-10,13],[10,14],[-6,30],[-28,19],[-34,4],[-23,8],[-13,-21],[-18,12],[-40,-12],[-6,-33],[-25,-3],[-24,-13],[-15,7],[-26,-2],[2,11],[10,1],[-12,45],[-32,-16],[-58,-73],[-31,4],[-10,-9],[-14,10],[-17,-1],[-7,23],[-16,-8],[-13,15],[-17,-2],[-5,15],[-17,5],[-3,-20],[-20,12],[-8,13],[-64,10],[-9,-11],[-1,-32],[-20,-2],[2,-29],[-26,7],[-13,-26],[-9,7],[-12,-9],[-33,-3],[-8,-6],[-25,4],[-9,-6],[1,-13],[-28,-17],[-15,-18],[-12,-2],[-42,17],[-11,12],[-146,10],[-27,-12],[-18,14],[-20,1],[-13,-11],[-42,-12],[-22,-17],[-7,7],[1,16],[10,22],[10,7],[47,105],[4,24],[-6,5],[7,19],[-7,22],[-10,7],[6,10],[-4,9],[13,16],[-11,21],[-9,2],[-7,-15],[-12,-6],[-6,15],[8,21],[-9,7],[-10,-3],[-2,49],[17,4],[1,6],[-9,17],[0,89],[16,40],[-38,29],[-4,-11],[-9,-1],[-2,24],[-7,6],[-10,-10],[-12,3],[3,17],[18,23],[8,1],[3,16],[20,-1],[14,14],[-12,15],[1,30],[-14,22],[-11,4],[-4,-15],[-12,2],[-12,13],[-19,-8],[-1,9],[-40,7],[-16,-12],[-10,1],[-14,24],[-58,14],[4,-21],[-30,1],[2,25],[-16,12],[11,10],[-9,25],[-27,20],[11,22],[-8,16],[-22,22],[4,26],[11,3],[23,-12],[13,16],[5,-4],[23,16],[-3,8],[17,17],[33,-8],[8,8],[1,27],[36,8],[-1,17],[12,13],[-14,16],[-4,90],[24,24],[-3,38],[-10,1],[-4,16],[-12,7],[-14,-8],[7,-10],[-4,-5],[-16,0],[-2,-19],[-15,17],[-7,-3],[-3,-12],[-6,0],[-15,24],[11,14],[-39,44],[-24,8],[-28,-12],[1,-9],[-15,-6],[-6,-20],[-23,1],[-10,28],[15,12],[-7,16],[-13,1],[3,22],[-11,23],[-7,4],[-6,24],[-30,14],[-16,-3],[-12,-13],[-9,2],[-1,7],[-94,-17],[-21,-67],[51,-72],[-11,-20],[4,-18],[-51,-62],[-15,-51],[-24,-35],[-6,-24],[-34,-38],[-51,-101],[-125,-136],[-93,-126],[-39,-94],[-13,-56],[-50,-115],[-21,-32],[2,-13],[-30,-30],[-14,-35],[-51,-50],[-350,32],[-144,-10],[-19,4],[-60,39],[-63,31],[-234,53],[-128,17],[-31,15],[-78,-2],[-81,24],[-31,0],[-355,122],[-128,21],[-148,-24],[-122,72],[-27,5],[-128,17],[-10,-6],[-287,12],[-361,44],[-175,34],[-178,23],[-109,8],[-50,-28],[-33,-9],[-11,-19],[-18,-14],[-96,-44],[-291,-22],[-29,-14],[-69,-60],[-40,-50],[-81,-125],[-21,-47],[-33,-52],[-27,-28],[-61,1],[-66,14],[-60,-15],[-169,-12],[-63,15],[-14,11],[-35,2],[-24,-16],[-100,-25],[-77,0],[-91,9],[-132,-5],[-81,24],[-12,9],[-28,5],[-34,-7],[-15,28],[-39,14],[-91,-19],[-131,-11],[-23,-13],[-29,-28],[-16,-4],[-42,5],[-38,-23],[-30,-7],[-9,5],[-29,-2],[-46,-20],[-23,-2],[-9,-9],[-64,7],[-36,-12],[-24,7],[-97,10],[-38,14],[-34,-2],[-37,14],[-28,-12],[-39,4],[-46,-8],[-33,8],[-22,-2],[-78,19],[-13,-6],[-51,39],[-42,4],[-24,21],[-56,-13],[-21,5],[-49,-7],[-25,14],[-18,-19],[-20,8],[-77,0],[-34,-29],[-11,-3],[-16,26],[-11,-5],[-48,22],[-14,-4],[-34,15],[-62,11],[-21,16],[-7,12],[-15,6],[-10,-5],[-6,-14],[-45,2],[-21,-14],[-30,-4],[-12,-10],[-35,-8],[1,-12],[-8,-9],[-20,1],[-28,-23],[-25,1],[-18,-7],[-34,-33],[-5,-17],[-13,-4],[-20,4],[-30,-7],[-13,-12],[-24,-1],[-28,-57],[-39,-26],[-12,-2],[-24,7],[-15,-27],[-29,2],[-81,-60],[-12,-15],[-15,-3],[-44,-50],[-20,-3],[-26,14],[-25,-6],[-33,-19],[-45,63],[-831,1007],[-113,-45],[-675,-211],[-68,-28],[-1070,-348]],[[119471,129573],[-58,214],[-113,285],[-125,254],[2,53],[-5,18],[-45,83],[-41,45],[-5,23],[-53,62],[-11,58],[-23,47],[-13,47],[4,150],[49,96],[17,17],[29,15],[44,54],[-415,647],[-49,-17],[-50,-3],[-40,7],[-40,-9],[-122,32],[-94,49],[-13,13],[-22,43],[-21,17],[-25,42],[-71,32],[-10,29],[-17,12],[-6,39],[-58,80],[-3,36],[-15,7],[-35,61],[3,44],[-54,72],[-72,35],[-73,20],[-44,25],[-46,8],[-42,22],[-13,14],[-29,59],[-33,43],[-22,76],[-25,16],[-31,45],[-35,14],[-21,31],[-19,73],[-15,13],[-2,33],[-19,27],[-16,51],[14,58],[-3,47],[-39,82],[-81,123],[-15,15],[-9,21],[-45,35],[-86,42],[-56,17],[-88,5],[-103,47],[-37,30],[-84,131],[-47,47],[-15,6],[-31,49],[-46,56],[-22,17],[-116,32],[28,39],[17,53],[8,7],[3,39],[68,163],[27,22],[23,46],[1,19],[6,5],[41,110],[57,176],[12,69],[13,24],[0,32],[26,44],[10,52],[30,73],[3,39],[54,97],[22,65],[23,48],[11,48],[83,232],[31,45],[20,93],[17,34],[25,23],[-3,43],[7,23],[27,40],[12,78],[28,49],[-1,39],[22,45],[12,57],[13,21],[43,135],[37,58],[28,26],[23,39],[80,54],[-5,25],[19,1],[4,6],[0,11],[14,29],[55,84],[9,34],[23,35],[57,39],[52,23],[165,50],[3,17],[-7,15],[-18,7],[-36,40],[-8,-4],[-17,7],[-4,-18],[-13,1],[-5,8],[2,10],[-12,12],[-15,4],[-8,16],[3,5],[-15,7],[-2,17],[-8,5],[-8,3],[-3,-13],[-38,16],[1,21],[-19,11],[7,4],[2,10],[-22,-2],[-10,23],[-47,40],[-3,-8],[-17,10],[-11,23],[-16,15],[7,13],[-6,5],[1,17],[-14,0],[0,-18],[-16,3],[2,21],[-12,10],[0,18],[-59,1],[-21,-9],[-5,4],[3,17],[-27,-9],[-28,2],[-17,22],[-26,3],[-9,-22],[-5,0],[-2,15],[-5,2],[-7,-11],[-17,6],[-8,13],[-15,-19],[-11,-4],[-12,31],[-14,-2],[-11,8],[-17,-2],[-2,4],[10,10],[-28,9],[-24,-18],[-7,-27],[-5,0],[-8,23],[-18,-10],[-9,7],[10,36],[-9,13],[4,7],[-7,12],[11,7],[14,-2],[-4,20],[-23,3],[-7,10],[-22,0],[10,-15],[-10,-4],[2,-13],[-8,-5],[-12,6],[-10,-7],[-10,6],[-13,-3],[-7,14],[-25,-1],[-13,19],[-23,-11],[-15,7],[-16,-13],[-7,-28],[-12,8],[-13,-9],[-17,14],[9,40],[-22,7],[-32,26],[-39,-2],[-7,7],[-1,26],[3,6],[19,-2],[5,34],[23,23],[21,39],[-4,15],[-17,3],[2,7],[12,28],[21,25],[-12,27],[1,12],[16,4],[4,26],[15,12],[1,-23],[21,-2],[16,3],[45,37],[18,2],[23,-23],[29,-4],[48,-17],[25,7],[35,-9],[59,36],[18,-5],[27,-20],[45,-88],[1,-33],[29,-9],[-16,-25],[1,-26],[-24,-16],[12,-17],[-2,-7],[-23,-12],[-11,-14],[-1,-22],[15,-11],[52,-14],[50,21],[11,13],[13,3],[10,-5],[8,5],[0,23],[29,67],[4,42],[8,19],[48,35],[28,29],[1,25],[8,11],[23,3],[29,19],[23,7],[39,37],[39,-4],[13,11],[6,-3],[14,-38],[-4,-26],[18,-14],[12,1],[3,-8],[-5,-24],[22,3],[9,-6],[12,-20],[0,-24],[33,-39],[9,13],[8,0],[13,-23],[38,14],[3,21],[37,40],[12,-3],[14,16],[30,3],[-13,20],[19,29],[17,13],[10,4],[1,-15],[13,0],[49,19],[13,-3],[4,-46],[-11,-12],[-23,-3],[-9,-23],[11,-21],[14,8],[6,12],[2,-32],[26,-9],[16,-26],[-22,-37],[5,-19],[-14,-15],[13,-26],[-9,-26],[2,-31],[29,-23],[-1,-65],[9,-3],[12,20],[23,-25],[6,-32],[36,-7],[-1,-7],[-21,-8],[-1,-13],[11,-6],[4,9],[11,1],[-1,-21],[7,-16],[17,14],[9,-15],[6,22],[12,3],[8,-3],[12,-26],[28,-22],[10,13],[44,-10],[3,-10],[26,-19],[23,-31],[51,8],[16,-12],[27,-3],[8,15],[23,7],[-6,14],[17,9],[-5,7],[5,11],[30,7],[22,-4],[7,-22],[8,-4],[17,0],[22,10],[6,-9],[14,-70],[24,-18],[2,-17],[7,-3],[24,-44],[12,-11],[-8,-26],[14,-8],[1,-13],[23,8],[2,-7],[-7,-11],[23,-18],[8,-13],[49,0],[11,-10],[12,0],[22,14],[19,-15],[8,1],[19,52],[52,24],[-1,36],[-7,22],[4,26],[-19,18],[19,15],[26,6],[4,7],[-15,11],[-8,16],[-44,10],[-2,12],[14,16],[0,29],[15,-3],[6,-20],[18,25],[5,15],[-6,84],[-9,23],[19,38],[19,12],[6,49],[18,29],[-5,30],[30,38],[3,27],[21,-5],[17,24],[9,-4],[4,-13],[9,-2],[19,28],[24,4],[5,-6],[18,10],[6,-11],[8,-1],[5,16],[52,-19],[37,9],[6,47],[27,19],[2,15],[12,8],[0,14],[5,5],[17,-7],[4,17],[9,3],[8,26],[11,9],[-3,18],[19,13],[11,-18],[9,-3],[35,24],[-1,13],[-12,14],[16,26],[-2,20],[-49,33],[-13,16],[0,6],[9,4],[27,-2],[7,7],[1,17],[15,2],[29,-54],[17,-7],[12,6],[-15,16],[20,24],[16,-9],[-3,-24],[17,-7],[16,10],[6,-4],[12,-33],[15,-10],[1,-8],[-8,0],[-2,-9],[27,-48],[24,-18],[37,-1],[11,28],[18,6],[34,-25],[36,0],[2,-62],[4,-4],[32,13],[3,-10],[-9,-17],[-30,-25],[-3,-11],[19,-26],[43,2],[55,-8],[19,-13],[22,0],[35,26],[17,-10],[6,-14],[3,-73],[7,-33],[20,-18],[50,-16],[11,-53],[42,-18],[21,-29],[51,-25],[50,-66],[19,-8],[9,-52],[-4,-13],[-26,-5],[-4,-22],[31,-45],[11,1],[19,19],[19,-8],[35,-39],[2,-37],[13,-1],[33,12],[12,7],[24,36],[26,5],[0,24],[22,14],[45,63],[71,79],[91,45],[9,17],[16,6],[10,16],[41,18],[12,15],[20,5],[12,15],[15,7],[11,0],[23,-12],[22,24],[39,-1],[48,11],[26,17],[37,12],[36,56],[9,71],[44,26],[-2,15],[4,5],[21,2],[21,24],[25,4],[35,-22],[21,-43],[44,11],[9,-11],[40,0],[20,-17],[14,-1],[25,-21],[8,-40],[7,-9],[8,3],[2,8],[12,4],[-8,19],[12,3],[5,16],[-64,114],[-216,230],[-46,66],[7,36],[64,159],[55,198],[82,194],[104,207],[112,207],[299,432],[177,307],[105,169],[335,596],[210,444],[80,227],[10,48],[8,114],[30,226],[0,188],[36,212],[34,113],[115,285],[33,-22],[39,-13],[81,5],[9,-14],[38,2],[74,-25],[37,-2],[25,-13],[64,3],[94,-16],[48,2],[25,-8],[13,7],[20,26],[55,12],[16,23],[21,5],[-55,103],[0,17],[-83,65],[-65,190],[-36,69],[-51,132],[-27,90],[-7,125],[18,110],[4,150],[-20,49],[-163,-19],[-105,-27],[-140,-53],[-70,-2],[-29,12],[-28,2],[-27,22],[-55,19],[-15,13],[-46,21],[-86,6],[-68,21],[-11,20],[-19,6],[-47,-3],[-27,14],[-127,29],[-44,-3],[-38,8],[-8,-9],[-21,6],[-34,-8],[-54,8],[-55,-4],[-140,12],[-73,-6],[-12,-5],[-37,7],[-139,-2],[-85,-18],[-41,-18],[-100,-4],[-142,-22],[-51,1],[-25,-8],[-26,7],[-17,-4],[-13,-13],[-98,-11],[-31,-1],[-34,8],[-82,-1],[-34,-10],[-1,12],[-11,12],[-27,7],[5,18],[-20,22],[-1,24],[-9,0],[-16,18],[-16,8],[12,27],[-30,18],[-3,29],[-8,11],[4,62],[-17,47],[-1,20],[9,28],[-9,56],[32,49],[3,13],[-21,63],[-2,97],[-18,39],[11,31],[27,27],[0,15],[-30,46],[20,28],[-43,25],[24,18],[3,14],[-4,8],[-40,17],[-1,60],[-30,62],[-4,80],[-41,30],[-2,59],[-43,43],[-9,54],[-25,10],[-33,-8],[-20,5],[-10,11],[16,27],[44,32],[12,42],[0,34],[-13,13],[12,28],[-4,9],[-28,3],[-9,16],[-22,-2],[-8,9],[3,14],[12,32],[25,34],[7,53],[12,12],[18,59],[70,143],[3,25],[10,15],[-1,34],[19,23],[-14,43],[16,19],[1,41],[32,25],[-13,34],[22,26],[0,10],[-11,14],[2,32],[10,12],[0,11],[-8,19],[-25,17],[-9,30],[10,29],[31,22],[-2,17],[-40,37],[-10,26],[18,85],[21,42],[-5,43],[-7,13],[13,39],[-10,62],[27,30],[19,67],[-27,33],[-2,13],[6,23],[35,60],[2,16],[-2,12],[-13,-11],[-15,2],[-5,11],[13,26],[1,46],[-40,34],[-5,24],[9,40],[-19,31],[-17,52],[-14,21],[-2,16],[8,22],[-29,51],[11,18],[-13,18],[22,30],[-1,13],[-15,39],[-12,6],[-13,-7],[-8,16],[-11,-3],[-5,6],[-5,34],[9,46],[12,5],[5,-11],[14,-8],[4,44],[-18,70],[-22,20],[-12,38],[16,34],[-13,31],[-12,3],[1,22],[-17,20],[0,57],[11,32]],[[120569,147007],[25,60],[28,22],[7,27],[24,42],[18,15],[8,19],[-5,46],[5,16],[51,90],[30,97],[39,9],[-8,18],[28,5],[10,17],[49,22],[11,15],[-9,34],[21,48],[-1,12],[-22,24],[-9,58],[-10,2],[18,35],[-1,6],[-13,-5],[-8,14],[21,36],[-8,12],[-27,15],[1,10],[18,10],[6,11],[-5,22],[5,26],[-13,29],[-18,16],[11,8],[3,20],[-14,21],[-6,24],[3,28],[29,8],[18,-2],[19,7],[13,-10],[26,-6],[10,7],[26,-11],[73,10],[69,-4],[45,-13],[45,-4],[170,1],[117,-17],[670,51],[1039,-353],[23,-2],[810,170],[47,-3],[41,-10],[123,-77],[102,-19],[43,-18],[18,3],[1236,419],[37,2],[1783,-117],[-67,61],[-45,26],[-10,34],[0,45],[-32,40],[-29,14],[-58,110],[-17,13],[-28,68],[-14,12],[-31,-6],[-32,3],[-14,23],[-20,15],[-12,24],[-23,14],[-23,34],[-16,9],[-55,-2],[-36,34],[-25,2],[-36,17],[-109,70],[-41,20],[-33,30],[-30,11],[-12,10],[-30,74],[-13,57],[1,48],[-6,25],[-14,19],[1,54],[11,47],[0,59],[-55,68],[-88,67],[-10,42],[-32,-1],[-4,25],[-12,5],[-21,-1],[0,9],[-29,26],[-1,26],[-10,17],[5,47],[-45,23],[-9,27],[20,26],[1,16],[8,4],[3,38],[13,29],[16,12],[7,34],[14,20],[278,216],[337,250],[233,192],[10,-2],[919,309],[366,165],[238,139],[135,116],[-9,22],[1,16],[35,57],[1,16],[-10,19],[11,14],[1,24],[8,15],[38,38],[23,60],[15,10],[22,30],[11,42],[60,50],[94,57],[61,23],[55,39],[233,129],[209,132],[95,6],[293,39],[16,8],[59,-16],[17,-10],[59,9],[115,3],[204,-25],[61,-30],[94,-86],[26,-15],[140,22],[147,-20],[1335,-105],[41,-11],[38,16],[10,9],[0,12],[21,18],[22,-10],[26,-29],[12,-39],[20,-20],[-2,-20],[-37,-7],[-24,-17],[11,-9],[10,-30],[3,-14],[-6,-7],[-33,14],[-5,-10],[0,-17],[31,-44],[-4,-24],[10,-6],[10,-29],[13,-1],[-1,-35],[31,-7],[37,2],[44,24],[14,-7],[-2,-9],[6,-10],[31,-27],[43,-3],[1,-31],[9,-9],[49,-46],[30,-2],[-5,-66],[14,3],[18,-17],[25,11],[12,-2],[-2,-20],[15,-9],[6,-34],[15,-6],[27,18],[6,-6],[1,-38],[17,-14],[18,-1],[65,24],[43,7],[71,-9],[82,27],[26,-3],[11,-9],[59,10],[41,-18],[13,4],[13,-11],[7,-24],[22,-13],[28,4],[35,15],[20,2],[18,-8],[64,9],[90,-22],[20,16],[78,-19],[26,15],[0,17],[14,23],[22,5],[20,18],[17,2],[29,-11],[67,6],[29,-3],[25,6],[15,-4],[10,-22],[15,-10],[19,1],[14,-23],[14,-4],[30,20],[131,13],[17,-1],[34,-28],[29,20],[38,49],[17,12],[15,38],[58,-3],[39,-20],[41,18],[43,10],[16,-8],[21,-1],[18,7],[27,23]],[[134715,151217],[10,-126],[-9,-322],[8,-61],[0,-215],[33,-369],[31,-246],[43,-570],[7,-374],[11,-193],[57,-426],[113,-1330]],[[128397,111447],[-74,-9],[-109,15],[-126,38],[-151,24],[-111,62],[-76,113],[-59,41],[-77,22],[-43,34],[-21,72],[-38,51],[-54,53],[-55,25],[-117,36],[-97,139],[-39,35],[-16,24],[-254,-8],[-165,41],[-96,-122],[-76,-67],[-136,-61],[-190,-17],[-179,-68],[-147,-118]],[[125891,111802],[-68,78],[0,206],[-22,71],[-82,64],[-262,169],[-276,135],[-147,125],[-21,142],[-36,51],[-64,121],[7,129],[-29,87],[-150,31],[-183,16],[-111,-22],[-181,-56],[-64,1],[-136,31],[-35,35],[-57,31],[-34,12],[-88,12],[-61,-1],[-136,-13],[-83,8],[-54,12],[-82,34],[-71,48],[-86,38],[-32,25],[-21,6],[-46,1],[-48,11],[-57,-11],[-23,9],[-27,-10],[-26,11],[-24,2],[-33,16],[-98,17],[-58,-28],[-116,-3],[-18,-9],[-20,9],[-12,24],[-173,29],[-64,25],[-47,45],[-40,80],[-39,111],[-19,34],[-63,73],[-99,60],[-164,60],[-40,0],[-48,-8],[-245,-81],[-101,-10],[-142,13],[-81,-9],[-121,-55],[-77,16],[-36,17],[-224,132],[-141,9]],[[120656,114008],[1,70],[-13,65],[-52,146],[-19,112],[37,245],[36,76],[-65,49],[-6,16],[-29,11],[-63,74],[-46,29],[-27,2],[-84,78],[-101,62],[-50,43],[-63,74],[-15,45],[-6,33],[10,79],[9,23],[-5,15],[4,40],[-7,35],[-39,22],[-6,21],[-121,37],[-87,146],[-59,14],[-4,11],[-168,81],[-34,24],[-13,13],[-8,21],[13,38],[15,17],[30,13],[137,17],[99,39],[36,16],[36,30],[27,27],[25,41],[11,7],[49,3],[99,4],[73,-24],[36,-6],[130,-58],[21,-1],[16,8],[27,29],[70,42],[26,11],[25,0],[18,10],[22,-2],[15,8],[58,-36],[58,-14],[54,-66],[91,9],[291,-31],[146,-6],[2,5],[35,1],[3,10],[21,1],[3,20],[12,6],[5,21],[22,16],[-2,12],[30,12],[0,15],[18,10],[22,32],[13,3],[2,25],[-14,22],[-10,45],[10,51],[26,27],[-20,51],[1,12],[4,20],[16,13],[9,22],[33,29],[9,37],[-8,77],[-34,26],[-26,33],[-8,30],[-37,38],[-45,67],[-29,14],[-115,113],[-30,22],[-29,9],[-92,55],[-21,18],[-17,25],[-23,5],[-17,26],[-17,19],[-25,14],[-33,42],[-44,20],[-15,31],[-33,222],[1,42],[9,69],[60,171],[-1,29],[-11,32],[3,16],[22,64],[32,45],[9,56],[-53,178],[4,47],[-13,23],[2,27],[-9,34],[-57,121],[-9,13],[-20,5],[-10,35],[-89,80],[-118,86],[-14,38],[-32,-22],[-56,-22],[-41,-8],[-93,-125],[-11,-28],[-26,-22],[-3,-16],[-50,0],[-60,22],[-261,13],[-119,30],[44,0],[-141,46],[-38,19],[-22,21],[10,21],[23,23],[23,7],[22,17],[50,55],[75,132],[49,69],[33,84],[15,24],[8,41],[-3,42],[-44,70],[-45,37],[-37,21],[-46,95],[-60,77],[-64,186],[-26,51],[-89,87],[-113,67],[-139,25],[-6,20],[51,76],[31,83],[9,59],[0,60],[-16,32],[-13,84],[-112,131],[-30,6],[-6,13],[-9,39],[-20,41],[3,40],[-28,115],[1,111],[-16,55],[-45,126],[-79,123],[-9,152],[-27,86],[-35,56],[-103,129],[0,79],[7,22],[-107,-80],[-25,-37],[-30,-28],[-73,-51],[-41,-46],[-21,-51],[-68,-69],[-41,-62],[-39,-15],[-60,-11],[-59,-26],[-128,-41],[-208,-54],[-226,-8],[-64,35],[-65,21],[-72,6],[-101,0],[-92,17],[-124,-117],[-28,-10],[-37,2],[-13,-9],[-74,4],[-20,-11],[-37,0],[-25,-10],[-47,-2],[-37,-19],[-34,-35],[-119,-88],[-50,-63],[-12,-33],[-27,-11],[-139,-101],[-15,-46],[-83,-25],[-104,0],[-119,-19],[-44,3],[-122,-140],[-45,159],[-55,246],[-155,598],[-102,482],[-76,75],[-71,28],[-58,38],[-104,100],[13,152],[26,120],[38,67],[0,100],[-6,25],[-32,50],[-13,51],[27,25],[24,61],[21,27],[5,26],[6,149],[-6,59],[-13,53],[-5,60],[-26,99],[19,49],[13,20],[34,13],[29,23],[54,75],[32,33],[33,25],[71,26],[12,70],[39,17],[50,84],[107,137],[68,29],[78,23],[39,26],[26,36],[62,45],[34,80],[-14,38],[51,68],[28,23],[84,49],[32,33],[0,36],[15,18],[0,18],[13,16],[28,8],[7,17],[13,-1],[16,9],[9,16],[-3,15],[31,33],[99,7],[20,19],[16,49],[39,13],[22,20],[11,28],[-18,17],[9,29],[35,-5],[24,4],[36,34],[47,63],[27,13],[4,29],[-6,31],[18,26],[-67,87],[-56,56],[-35,60],[-15,58],[2,16],[-26,18],[-9,29],[41,36],[38,146],[3,71],[-12,84],[-43,102],[-15,50],[-101,123],[-61,14],[-3,59],[4,30],[-32,56],[4,58],[-73,117],[9,39],[31,73],[19,21],[-23,88],[-34,30],[-10,105],[-80,44]],[[116400,126331],[9,21],[20,19],[83,61],[39,38],[59,30],[19,5],[110,-39],[41,-6],[39,13],[42,6],[58,46],[96,56],[43,14],[74,12],[35,3],[28,-7],[9,-11],[5,-36],[13,-18],[24,-16],[15,-36],[32,-19],[12,-18],[37,-4],[16,-9],[19,-33],[8,-35],[23,-28],[37,-101],[19,-77],[49,-101],[43,-4],[49,-41],[6,0],[66,4],[73,28],[82,86],[106,128],[-28,67],[-10,72],[60,90],[30,32],[20,10],[23,3],[25,-8],[32,-33],[74,-37],[42,-11],[38,-19],[36,-7],[29,2],[33,-9],[20,2],[81,32],[23,3],[44,-8],[25,-16],[3,-16],[-70,-63],[-33,-12],[-47,-56],[68,-91],[19,-96],[136,96],[33,9],[88,-9],[154,86],[53,-45],[83,-23],[43,-73],[58,-50],[-48,-82],[-82,-82],[-54,-69],[83,-127],[19,-87],[140,73],[145,119],[44,77],[53,32],[73,32],[53,14],[24,-23],[-58,-105],[0,-105],[-24,-68],[77,-46],[49,60],[154,146],[97,141],[58,100],[73,45],[87,5],[63,-32],[67,23],[44,27],[150,-18],[-15,-37],[-116,-118],[17,-162],[53,-27],[58,18],[34,73],[29,96],[58,50],[44,-5],[87,-118],[29,-50],[34,50],[43,-23],[29,14],[5,18],[39,9],[29,82],[159,82],[34,-9],[39,-41],[34,-64],[-15,-55],[-77,-4],[-19,-64],[-54,-68],[-87,-91],[-77,-64],[-53,-27],[-39,-9],[-15,-60],[-33,-77],[33,-32],[63,-18],[107,36],[43,32],[78,-9],[43,18],[34,-9],[19,-14],[44,46],[29,-5],[-15,-36],[-43,-37],[10,-59],[-25,-27],[-58,-9],[-48,-37],[-44,-81],[-36,-44],[-77,-61],[19,-78],[-22,-88],[-59,-67],[-31,17],[-31,9],[-59,-41],[0,-14],[19,-17],[-6,-47],[25,-41],[68,-32],[55,0],[84,41],[22,55],[142,55],[34,-8],[25,17],[77,158],[71,35],[62,49],[53,-3],[80,-29],[13,-26],[15,-70],[-40,-3],[-22,-35],[10,-9],[28,18],[24,-3],[-12,-73],[0,-44],[14,-28],[-22,-54],[-30,-37],[-62,-37],[-30,-31],[-7,-56],[-47,-51],[-35,12],[-30,-21],[-59,-10],[-89,-74],[5,-59],[-51,-8],[-3,-63],[-44,-93],[30,-5],[42,31],[37,-7],[0,-68],[59,-30],[-15,-40],[-2,-26],[32,-25],[59,51],[30,-7],[30,7],[22,37],[10,31],[62,63],[12,30],[43,18],[9,31],[50,28],[42,61],[12,51],[30,-14],[30,5],[77,41],[57,94],[36,34],[52,9],[42,54],[12,25],[-22,28],[5,10],[22,4],[17,70],[-5,54],[13,39],[22,21],[87,-14],[20,-58],[34,-32],[18,25],[12,35],[37,23],[25,-2],[52,44],[42,0],[-3,42],[25,-16],[37,16],[98,27],[60,12],[52,0],[2,-24],[-15,-32],[3,-28],[-10,-28],[-27,-24],[-3,-35],[-87,-13],[-17,7],[-47,-19],[0,-16],[-17,-17],[5,-16],[-30,-21],[-32,-51],[-8,-73],[-36,-87],[15,-16],[45,-19],[49,-63],[-2,-37],[22,-21],[3,-28],[-77,-47],[-15,-44],[-55,-17],[-86,-42],[-67,-11],[-51,-85],[-35,-3],[-5,-18],[-19,-17],[7,-23],[-5,-21],[-15,-7],[23,-86],[24,-21],[25,-7],[42,4],[18,-13],[61,31],[40,-23],[30,-54],[64,-12],[49,12],[43,-15],[-43,-40],[-58,-26],[-9,-164],[-37,6],[22,-44],[-6,-20],[-34,-40],[3,-43],[31,-21],[70,-14],[21,-23],[34,-23],[43,34],[58,-5],[46,40],[21,63],[-12,66],[21,32],[68,38],[15,20],[6,55],[15,49],[28,14],[30,-14],[0,-24],[-9,-25],[3,-35],[25,-15],[33,7],[16,11],[6,32],[43,23],[-13,23],[-24,-12],[-15,15],[12,20],[30,11],[28,0],[18,17],[-9,-40],[25,-11],[3,-12],[-3,-17],[-25,-20],[0,-18],[34,-5],[21,5],[18,29],[25,-8],[21,-21],[86,-5],[32,-91],[61,-38],[49,-14],[18,-26],[4,-69],[9,-14],[42,5],[16,15],[116,-12],[37,-23],[30,-80],[3,-41],[19,-6],[36,6],[49,-3],[16,-11],[-22,-17],[-30,2],[-7,-37],[-42,-20],[-22,-29],[-43,-15],[-18,-14],[-50,-62],[-37,-63],[15,-26],[-6,-26],[25,-12],[18,-25],[43,3],[6,-41],[-71,-49],[19,-26],[36,-8],[13,5],[33,-14],[86,17],[40,-3],[12,-14],[55,0],[49,-12],[34,-49],[27,-17],[9,-29],[14,-18],[-15,-15],[-31,-9],[-6,-45],[-40,-67],[-58,-46],[-95,-118],[-6,-26],[3,-37],[28,-20],[76,5],[19,-3],[3,-11],[55,32],[61,2],[156,-11],[58,17],[67,72],[28,43],[-34,49],[-18,49],[-19,23],[28,15],[15,-12],[22,3],[21,18],[-3,28],[6,29],[-18,43],[33,-5],[52,28],[55,3],[71,14],[46,-17],[15,-37],[27,8],[-3,-28],[110,-26],[7,-9],[-17,-33],[8,-17],[-10,-34],[-20,-21],[-21,-1],[0,-47],[-13,-16],[-3,-16],[18,-84],[-1,-25],[-21,-44],[-24,-30],[-2,-33],[6,-9],[28,-7],[4,-12],[-21,-13],[-4,-18],[54,-56],[31,-57],[-10,-48],[-40,-87],[-1,-48],[18,-24],[43,-9],[44,-3],[63,13],[28,-12],[45,0],[41,12],[7,-7],[-5,-29],[-19,-41],[-46,-34],[-28,-33],[-1,-48],[13,-25],[-13,-46],[-4,-6],[-17,9],[-17,-1],[-31,-10],[-8,-10],[-2,-19],[22,-32],[35,-18],[6,14],[23,3],[26,34],[15,0],[34,35],[41,7],[60,57],[53,23],[24,-9],[119,15],[18,-12],[-10,-31],[1,-19],[-6,-14],[-37,-35],[-7,-27],[4,-33],[11,-20],[22,-18],[21,2],[10,9],[23,43],[63,74],[25,0],[8,-13],[16,-3],[63,41],[76,4],[25,10],[26,-1],[55,22],[34,0],[52,-12],[12,-23],[-1,-26],[16,-16],[43,-20],[6,29],[18,3],[10,-18],[39,-15],[27,-93],[44,-48],[12,-6],[14,2],[41,22],[49,3],[19,12],[16,-3],[61,-63],[1,-31],[-7,-9],[-41,-10],[-17,-32],[11,-39],[-15,-47],[3,-42],[-8,-32],[-25,-54],[-1,-18],[3,-21],[20,-25],[36,-5],[26,-45],[14,1],[12,11],[8,20],[14,10],[56,-21],[22,13],[10,-5],[-2,-31],[6,-8],[57,31],[-6,20],[-9,4],[-23,-3],[-4,6],[6,16],[51,9],[31,23],[9,-1],[4,-23],[13,-18],[-17,-23],[3,-19],[-22,-13],[-21,-28],[-23,-55],[5,-25],[-12,-43],[7,-16],[21,0],[8,-8],[-28,-33],[-1,-10],[23,-36],[16,1],[29,30],[27,-22],[11,20],[11,-5],[24,14],[29,7],[18,16],[1,47],[28,34],[25,9],[27,21],[12,1],[0,-38],[10,-40],[11,-9],[36,9],[70,-50],[14,-13],[8,-33],[18,-20],[7,-25],[24,-19],[11,15],[56,24],[0,24],[-10,28],[7,14],[20,7],[9,11],[17,51],[-1,31],[28,16],[-16,23],[13,8],[61,3],[12,-13],[14,-3],[35,4],[11,-29],[32,-12],[54,-67],[37,1],[30,21],[1,52],[11,4],[12,16],[32,5],[8,8],[-11,14],[7,8],[21,-5],[16,4],[1,6],[-17,19],[12,22],[13,8],[-8,10],[2,35],[8,17],[-4,18],[58,3],[6,-6],[0,-18],[30,-12],[5,-39],[22,-3],[17,-13],[2,-9],[41,-24],[1,10],[21,-10],[19,0],[15,11],[14,38],[21,28],[21,9],[41,2],[20,17],[31,5],[6,12],[0,22],[29,7],[0,19],[8,9],[20,3],[19,23],[29,9],[36,81],[17,0],[43,28],[48,8],[27,-24],[12,1],[8,-6],[8,-17],[12,-4],[19,-20],[14,-3],[3,-11],[10,-7],[22,13],[7,-18],[19,-7],[4,-13],[23,-5],[18,22],[29,12],[-1,14],[-14,15],[21,6],[12,27],[36,16],[9,-3],[0,25],[41,32],[14,3],[15,-7],[-3,-10],[7,-8],[-9,-17],[10,-5],[-10,-24],[21,2],[10,-16],[8,-3],[8,5],[7,-17],[13,1],[3,-8],[15,9],[7,-8],[11,-1],[-2,22],[-9,0],[-10,10],[5,7],[28,-10],[14,-16],[30,-10],[16,-21],[-17,-8],[-5,-16],[-11,-5],[5,-10],[16,4],[1,-10],[34,-5],[3,-8],[-6,-20],[22,-12],[16,0],[24,18],[18,-14],[9,-1],[26,18],[46,-19],[36,2],[8,7],[5,36],[18,-3],[15,28],[38,11],[46,-41],[10,-26],[35,-3],[24,-11],[5,-16],[25,-21],[-4,-11],[9,-7],[5,-19],[-8,-22],[11,-9],[1,-10],[39,-43],[53,-27],[18,-1],[6,5],[11,42],[15,18],[46,-3],[9,8],[45,17],[30,73],[9,-7],[36,13],[10,-3],[-1,-9],[-13,-15],[8,-22],[-7,-10],[7,-8],[-25,-26],[-45,-22],[-1,-16],[-18,-1],[2,-10],[20,-18],[45,-15],[19,15],[55,4],[-3,22],[5,18],[29,45],[45,20],[25,3],[17,15],[15,5],[36,-17],[21,-2],[51,-37],[10,-25],[30,-4],[33,33],[3,24],[16,9],[14,23],[24,21],[64,-44],[52,-28],[15,-16],[6,27],[14,17],[24,57],[26,26],[1,81],[11,11],[0,18],[28,26],[11,3],[18,24],[21,12],[2,11],[23,17],[4,12],[19,6],[22,31],[1,12],[34,18],[5,29],[22,28],[42,79],[24,18],[21,-2],[14,-6],[25,-29],[24,-8],[12,31],[-17,6],[2,8],[15,14],[43,-8],[0,19],[35,-8],[15,-19],[-26,-1],[-14,-7],[-4,-19],[13,-18],[0,-16],[12,-13],[27,1],[50,21],[69,18],[36,31],[19,124],[93,26],[23,41],[51,-4],[1,12],[19,21],[8,28],[51,23],[42,37],[-9,71],[8,9],[3,23],[29,49],[30,24],[2,42],[11,8],[24,-3],[-1,-21],[24,-20],[0,-14],[42,-39],[59,18],[22,17],[9,-4],[2,-19],[26,-27],[7,-1],[8,2],[-3,17],[8,9],[40,28],[21,-13],[26,10],[22,-4],[18,13],[5,13],[-19,19],[4,21],[16,-6],[21,18],[25,-3],[-15,-33],[3,-29],[32,-26],[-1,-26],[14,-14],[37,-26],[19,-1],[25,34],[12,3],[40,43],[10,28],[44,5],[23,-18],[-12,-11],[-22,-5],[-17,-13],[-7,-9],[10,-7],[31,-4],[24,11],[30,-2],[5,-13],[16,-4],[-2,-15],[6,-4],[28,17],[12,43],[18,9],[42,9],[18,-5],[21,-50],[32,5],[21,-8],[14,-65],[-13,-31],[24,-28],[0,-9],[17,-3],[9,3],[37,46],[13,10],[10,-1],[9,24],[23,5],[19,-17],[22,-6],[16,-17],[12,5],[34,-7],[24,8],[33,-4],[77,28],[35,28],[33,13],[16,-16],[14,-2],[42,-25],[19,25],[9,0],[52,-28],[46,-16],[25,-31],[17,-4],[42,-3],[38,31],[8,-3],[3,-19],[25,-3],[22,-19],[16,0],[6,0],[14,22],[63,7],[13,-6],[-11,-29],[5,-22],[7,-9],[29,3],[11,-6],[6,-11],[-6,-32],[37,-9],[2,-22],[17,-12],[16,-1],[21,10],[21,0],[6,13],[22,11],[10,24],[13,5],[3,12],[15,-3],[26,17],[17,-1],[8,7],[26,-6],[-2,-14],[-15,-18],[3,-7],[20,-10],[12,-15],[24,-2],[11,-29],[20,1],[23,18],[11,-11],[-11,-7],[5,-12],[16,-7],[24,17],[22,-9],[9,26],[17,16],[-25,6],[-5,16],[22,21],[17,-6],[20,-25],[11,1],[0,59],[4,1],[19,-2],[11,-7],[-3,-14],[-18,-17],[4,-39],[61,14],[50,-14],[26,-31],[21,-9],[49,24],[53,8],[32,-11],[51,-39],[6,-16],[10,-4],[17,14],[8,0],[9,-16],[34,10],[11,-3],[-8,-19],[12,-5],[20,6],[18,20],[22,-1],[7,5],[9,31],[-2,22],[12,31],[42,1],[6,-4],[-4,-22],[8,-7],[21,-6],[25,3],[1,-18],[10,-3],[33,5],[10,21],[9,-2],[9,7],[11,0],[5,-6],[-2,-24],[49,-23],[0,16],[10,13],[6,-1],[-10,15],[11,6],[16,2],[15,-7],[9,-19],[9,-4],[12,-2],[14,13],[-1,-17],[5,-2],[8,8],[23,-1],[1,17],[6,5],[30,-9],[48,20],[10,-5],[-1,-28],[7,-4],[70,0],[22,3],[-2,40],[9,4],[12,-9],[21,3]],[[134173,121757],[47,-71],[-6,-38],[51,-136],[43,-72],[45,-45],[19,-64],[35,-80],[22,-91],[64,-149],[-17,-55],[8,-40],[-26,-57],[6,-47],[-13,-26],[-6,-81],[-17,-22],[8,-40],[34,-49],[18,-68],[4,-91],[14,-54],[-11,-231],[136,-472],[-6,-111],[-53,-101],[-893,-634],[-333,-194],[-214,-219],[-99,-23],[-14,-44],[-8,-75],[-76,-75],[-54,-108],[-57,-79],[-91,-86],[-11,-31],[-3,-35],[-13,-18],[-58,-7],[-13,19],[-21,0],[2,20],[4,-7],[6,7],[14,-5],[0,15],[-15,4],[-6,7],[-13,0],[-26,28],[2,18],[-31,24],[-22,7],[-5,12],[-18,-4],[-4,8],[-44,6],[-1,-10],[-15,8],[-18,-23],[-33,-14],[-24,2],[-4,14],[-59,43],[-60,-8],[-2,-6],[-46,2],[-12,-10],[-27,4],[-4,14],[-16,-4],[-9,26],[-24,15],[-8,-9],[6,-9],[-23,-1],[-14,-12],[-27,19],[-21,3],[-1,14],[-18,3],[-12,42],[-55,21],[-24,-28],[-11,-3],[-19,15],[-5,14],[-24,12],[2,8],[-12,6],[-22,-15],[-10,2],[-73,34],[-26,26],[-20,-3],[13,17],[-8,16],[-16,0],[-4,14],[-8,1],[-8,-11],[-2,13],[-20,5],[-19,-7],[0,-8],[-6,5],[-15,-3],[11,-14],[-17,2],[-1,-5],[-10,-1],[-3,11],[6,6],[-19,-1],[-26,25],[-58,11],[-2,-5],[-62,20],[-4,-16],[-12,2],[-1,22],[-29,16],[2,-7],[-8,-5],[-9,20],[-65,-8],[3,-9],[-8,-10],[-20,15],[-1,11],[-12,4],[0,6],[-22,5],[-20,-5],[-6,14],[-14,-1],[-17,11],[-65,19],[0,-6],[-15,-10],[-25,-63],[-16,-28],[-17,-16],[-4,-14],[-17,-16],[6,-25],[-24,-42],[18,-74],[-13,-25],[6,-17],[-5,-74],[12,-4],[1,-15],[15,-13],[11,-42],[18,-21],[-5,-21],[30,-18],[15,-26],[48,-10],[40,-52],[31,-21],[18,-29],[22,-6],[28,7],[9,-13],[29,-8],[45,-25],[4,-22],[36,0],[20,-7],[-3,-34],[31,-11],[23,-39],[55,-20],[39,-77],[35,-18],[44,-58],[62,-36],[34,-33],[46,-1],[44,-27],[48,-4],[58,6],[17,-4],[45,-40],[59,-39],[87,-32],[16,-26],[33,-104],[49,-97],[23,-64],[14,-110],[-10,-74],[5,-42],[-50,-118],[-10,-16],[-20,-10],[-30,-50],[-65,-65],[-46,-60],[-24,-66],[-16,-9],[9,-26],[-16,-44],[3,-17],[-10,-35],[4,-18],[-15,-22],[4,-24],[-19,-19],[-6,-76],[-17,-25],[12,-23],[-13,-13],[5,-15],[-3,-16],[-40,-38],[18,-16],[-8,-8],[-5,-34],[2,-50],[-59,-187],[-13,-20],[-70,-68],[-155,-112],[-24,-34],[-20,-11],[-24,-33],[-29,-58],[-5,-28],[-17,-19],[-13,-109],[-16,-34],[-23,-104],[22,-111],[5,-172],[-213,-127],[-156,-133],[-97,-98],[-130,-167],[-11,13],[-5,22],[-25,10],[-23,26],[-17,30],[-20,7],[-64,66],[-26,17],[-43,62],[-27,27],[-15,0],[-5,21],[-46,77],[-23,13],[-4,17],[-42,43],[-19,40],[-11,2],[7,29],[-16,10],[-9,27],[-23,9],[-45,78],[-19,45],[1,74],[-9,15],[8,12],[-29,19],[-17,33],[-34,13],[-28,26],[-69,82],[-24,45],[-25,-22],[-5,-21],[-33,-28],[-66,-85],[-7,-23],[-33,-54],[-33,-36],[-39,-97],[-21,-30],[-58,-43],[-90,-92],[-13,-36],[-34,-20],[-7,-19],[-16,-18],[-38,-2],[-20,-26],[-66,-12],[-87,-51],[-42,-14],[-35,-42],[-51,-8],[-33,-18],[-36,-25],[-28,-57],[-25,-23],[-38,-23],[-263,-58],[-41,5],[-41,-7],[-119,-34],[-62,-28],[-108,-68],[-51,-39],[-90,-96],[-41,-51],[-89,-170],[-76,-234],[-158,-429],[-59,-108],[-89,-94],[-21,-59],[-6,-80],[-8,-30],[-16,-13],[5,-44],[37,-42],[48,-91],[57,-32],[94,-81],[56,-23],[28,-41],[52,-47],[51,-65],[66,-154],[45,-59],[74,-194],[-8,-11],[-46,-247]],[[116062,101436],[-29,-74],[-171,-684],[-6,-192],[60,-246],[28,-68],[0,-31],[-1736,-936],[102,-171],[78,-106],[46,-50],[46,-42],[323,-235],[43,-54],[29,-56],[43,-126],[32,-179],[28,-518],[-23,-319],[2,-34],[60,-244],[20,-61],[124,-291],[31,-125],[8,-68],[-28,-2549]],[[115172,93977],[-354,34],[-163,6],[-297,28],[-76,-3],[-39,15],[-685,31],[-48,-3],[-111,9],[-99,-5],[-808,16],[-523,-12],[-56,-8],[-107,4],[-82,-7],[-125,-2],[-32,-11],[-67,8],[-119,-14],[-387,-27],[-482,-52],[-537,-76]],[[109975,93908],[-429,-67],[-771,-159],[-287,-43],[-938,-254],[-299,-72],[-150,-26],[-578,-40],[-309,-36],[-437,-75]],[[105777,93136],[-285,-64],[-358,-94],[-513,-204],[-204,-62],[-127,-19],[-270,-9],[-155,3],[-493,47],[-179,133],[-968,924],[-369,410],[-60,90],[-74,87],[15,1],[-79,172],[-68,187],[-63,233],[-285,212],[-139,78],[-176,58],[-238,39],[-69,-6],[-29,-11],[-272,-151],[-57,-16],[-67,-5],[-37,7],[-65,33],[-117,85],[-82,78],[-41,18],[-107,20],[-30,0],[-137,-33],[-49,-3],[-50,13],[-121,100],[-46,57],[-160,256],[-52,61],[-80,59],[-390,143],[-254,114],[-291,150],[-143,103],[-186,194],[-41,23],[-209,61],[-120,58],[-303,271],[-115,89],[-69,27],[-240,60],[-79,27],[-59,27],[-60,38],[-294,219],[-70,44],[-97,38],[-122,32],[-98,13],[-576,13],[-115,31],[-716,243],[-79,51],[-225,221],[-94,53],[-124,55],[-145,42],[-269,50],[-77,22],[-163,72],[-63,52],[-89,132],[-117,335],[-155,222]],[[92774,99245],[19,-6],[601,58],[464,71],[351,79],[181,64],[348,186],[264,192],[265,255],[131,149],[195,182],[191,115],[192,71],[215,50],[145,20],[456,-5],[217,-26],[302,-67],[324,-103],[4554,-2344],[241,131],[680,484],[204,187],[247,311],[114,183],[80,160],[60,187],[32,174],[18,182],[5,106],[-2,110],[2499,2148],[1248,860],[1617,1637],[472,263],[315,57],[485,-102],[558,-350],[412,-221],[376,-156],[280,-75],[172,-33],[156,-22],[296,-8],[208,21],[224,58],[430,123],[198,34],[82,8],[150,0]],[[114046,104643],[52,-2],[73,-16],[165,-59],[82,-33],[121,-63],[83,-58],[149,-131],[140,-157],[207,-279],[113,-207],[97,-218],[55,-157],[215,-724],[71,-328],[12,-340],[37,-76],[15,-47],[37,-49],[10,-27],[31,-36],[34,-25],[4,-17],[40,-22],[113,-97],[29,-34],[31,-5]],[[176634,90338],[-123,107],[-3,7],[8,14],[0,15],[-20,25],[-2,43],[-27,59],[-5,57],[-25,39],[-48,34],[-25,43],[-26,17],[-14,46],[-15,19],[-1,37],[-15,38],[11,16],[3,28],[36,32],[5,27],[-9,16],[4,34],[25,46],[-15,37],[-15,13],[4,21],[-7,10],[-7,9],[-23,-7],[-10,13],[-25,13],[-7,16],[16,5],[-4,9],[-39,11],[-19,-5],[-4,17],[-54,9],[-22,19],[-42,-3],[-6,24],[14,35],[-7,8],[-19,-16],[-9,0],[-22,27],[2,30],[-9,2],[-14,-23],[-28,4],[-20,34],[-16,4],[-29,19],[-27,-1],[-35,71],[-38,41],[-23,14],[-7,27],[-22,42],[-33,14],[-10,12],[-23,6],[-2,21],[-20,11],[-55,7],[-22,-33],[-45,19],[-28,33],[-13,34]],[[175529,91790],[-13,45],[-58,17],[-54,9],[-15,13],[6,20],[39,31],[18,7],[3,12],[-56,15],[-15,18],[-7,25],[-8,6],[-11,-1],[-9,-22],[-16,-7],[-14,37],[-14,0],[-22,-31],[-22,-3],[-11,9],[2,9],[19,28],[2,15],[-12,8],[-79,11],[-12,39],[-39,9],[4,14],[25,22],[0,13],[-37,18],[-14,38],[-43,7],[-36,-7],[-18,2],[-15,51],[9,27],[-5,9],[-36,12],[-15,13],[-31,77],[-25,23],[-17,34],[-27,23],[-3,12],[12,24],[-8,21],[-38,-13],[-4,12],[5,6],[-7,10],[-61,21],[-14,30],[-18,2],[-21,-11],[-23,0],[-19,38],[-43,23],[-18,28],[-20,10],[-10,2],[-10,-7],[-1,-27],[-47,-1],[-7,-11],[-2,-26],[-20,4],[-29,55],[-28,14],[12,25],[-11,5],[-21,-11],[-10,2],[17,20],[-7,12],[-32,-1],[-11,13],[6,18],[-26,-4],[-7,4],[20,38],[-2,18],[-28,48],[-11,37],[16,11],[1,13],[-19,7],[-1,9],[34,28],[-8,36],[17,22],[14,10],[29,7],[21,21],[-7,8],[-23,-1],[0,13],[17,22],[15,-12],[13,4],[-14,13],[-5,16],[7,11],[26,13],[-12,46],[6,22],[-5,37],[4,41],[-13,23],[-32,26],[27,4],[7,8],[-2,39],[13,30],[-12,21],[-16,53],[-22,10],[-12,27],[8,6],[20,-3],[13,19],[-20,18],[1,11],[17,6],[20,-15],[12,4],[0,15],[22,19],[14,-16],[10,-46],[22,-4],[6,22],[24,2],[3,18],[7,2],[12,-8],[12,3],[-2,37],[-6,17],[-17,6],[-2,40],[-18,30],[-8,3],[2,15],[-42,45],[-9,3],[-19,-10],[-15,0],[-64,21],[-63,29],[-19,-3],[-13,9],[-19,35],[-9,2],[-25,0],[-44,-19],[-21,-1],[-43,18],[-10,15],[-28,20],[2,24],[-10,23],[11,9],[1,13],[32,11],[6,15],[-16,16],[-8,24],[1,38],[-16,8],[-4,9],[34,14],[12,22],[-1,15],[-6,8],[-10,0],[-19,-18],[-15,0],[-11,8],[-4,17],[14,19],[-2,28],[18,32],[-2,42],[32,20],[3,13],[-11,17],[0,14],[17,7],[-2,11],[-26,23],[-29,10],[-5,16],[3,5],[29,-2],[10,8],[-5,32],[-37,4],[-13,8],[15,55],[16,25],[-15,12],[-81,10],[-14,5],[-18,19],[-24,6],[-19,-6],[0,-15],[-25,-37],[-38,36],[-92,50],[2,34],[-19,22],[7,21],[-40,31],[-4,10],[19,17],[-12,39],[8,23],[43,9],[-12,22],[1,34],[-7,10],[-28,9],[1,41],[-16,23],[-27,84],[0,14],[24,24],[-20,13],[-6,12],[1,11],[30,16],[7,81],[-25,23],[15,34],[-50,53],[3,15],[26,25],[-19,31],[-2,37],[-42,2],[-39,17],[-26,-12],[-25,0],[-65,19],[-73,9],[-94,-17],[-96,-7],[-69,32],[-32,33],[-34,24],[-87,17],[-78,-44],[-25,-1],[-13,-13],[3,-21],[-8,-21],[-11,-17],[-13,-7],[-58,18],[-49,-5],[-23,19],[-15,3],[-35,-34],[-4,-11],[24,-12],[19,-20],[-1,-20],[-17,-4],[-14,7],[5,18],[-17,2],[-18,-12],[-14,6],[-10,-15],[-27,1],[-20,12],[-42,6],[-19,-21],[-11,-4],[-1,17],[-11,10],[-10,-2],[-20,-24],[-29,18],[-30,-5],[-16,57],[-16,-4],[-7,6],[-19,-11],[-26,5],[-10,-11],[-11,0],[-4,6],[6,13],[0,26],[-6,24],[-18,1],[-8,16],[18,32],[-3,11],[-13,7],[-14,25],[-32,28],[-6,28],[-13,3],[-1,11],[-15,6],[-10,21],[-13,5],[-1,18],[10,9],[-8,37],[-54,20],[-24,2],[-47,15],[-13,13],[-5,20],[-27,9],[6,14],[-27,-3],[-9,12],[-51,17],[-51,30],[-7,19],[-22,-5],[-4,19],[-11,14],[-16,4],[-17,-13],[-17,15],[-27,0],[-26,-13],[-49,0],[-14,-7],[-44,9],[-52,28],[-25,7],[-79,49],[-95,77],[-29,32],[-18,31],[-12,5],[-4,28],[-24,14],[-10,17],[-12,26],[5,38],[-7,13],[-19,12],[-7,50],[-62,52],[-12,23],[20,15],[-1,23],[16,20],[-7,25],[6,33],[-25,34],[-4,63],[-36,90],[3,9],[-23,20],[-30,63],[1,19],[6,7]],[[171054,96893],[11,-5],[25,2],[10,-10],[72,100],[25,19],[33,-5],[20,18],[0,44],[39,47],[-7,26],[18,12],[16,1],[67,-25],[94,-7],[132,-67],[62,-17],[402,-18],[166,-30],[73,2],[30,12],[22,-3],[18,-11],[17,5],[36,-12],[76,9],[13,24],[30,-12],[18,2],[33,-15],[34,9],[50,23],[23,-1],[11,-14],[226,-57],[255,-46],[157,-11],[17,7],[31,29],[57,4],[12,26],[22,19],[14,1],[29,-12],[19,8],[50,50],[24,5],[28,22],[25,-12],[50,14],[17,14],[29,5],[8,6],[-4,18],[12,4],[18,16],[7,1],[11,-16],[13,-2],[50,9],[56,47],[31,50],[17,9],[48,44],[1,16],[18,27],[20,7],[-6,40],[28,33],[30,7],[11,-23],[24,-12],[30,23],[14,4],[12,-1],[9,-10],[15,4],[17,-11],[25,11],[11,-7],[42,-8],[24,15],[21,-1],[13,-9],[12,3],[20,-9],[14,3],[18,-6],[14,3],[9,10],[5,68],[8,16],[-11,45],[14,10],[3,16],[15,16],[13,2],[7,8],[1,21],[21,19],[-5,25],[20,2],[3,22],[18,5],[-3,18],[6,13],[11,1],[-5,14],[5,23],[14,-5],[9,6],[2,31],[24,-4],[13,10],[-4,20],[27,-2],[23,33],[6,-10],[8,-2],[3,6],[-9,28],[12,12],[-6,19],[13,30],[9,-5],[11,5],[-10,31],[9,34],[-7,12],[16,5],[2,10],[-14,14],[2,29],[-11,31],[34,4],[8,17],[-9,8],[28,39],[36,31],[5,24],[58,-1],[12,4],[17,22],[10,1],[28,64],[38,39],[199,47],[95,11],[27,13],[51,-1],[11,12],[15,-3],[16,9],[35,-10],[21,18],[11,-1],[3,14],[37,14],[11,12],[7,41],[56,68],[6,7],[40,2],[14,34],[12,0],[8,22],[35,9],[9,27],[25,-22],[51,5],[63,19],[8,-16],[14,18],[11,50],[19,-15],[6,1],[1,16],[9,0],[17,-17],[20,6],[12,17],[28,1],[47,74],[29,5],[32,30],[30,6],[4,6],[-8,16],[43,21],[18,-9],[17,15],[4,-16],[14,0],[13,-17],[35,32],[9,26],[30,-16],[9,10],[57,4],[30,23],[12,-6],[15,19],[-15,5],[0,10],[20,7],[10,21],[25,3],[10,26],[36,15],[16,0],[9,-11],[12,-1],[64,3],[24,8],[4,-11],[12,-1],[14,-17],[30,12],[7,29],[16,18],[26,16],[9,20],[14,3],[14,-14],[10,-2],[40,4],[27,36],[12,-10],[15,0],[26,25],[29,-4],[8,4],[4,20],[-5,35],[26,15],[-1,20],[64,51],[22,2],[40,-30],[37,-3],[40,5],[11,14],[24,7],[15,-9],[5,17],[40,5],[-4,45],[19,37],[-7,78],[23,28],[30,9],[6,35],[8,11],[16,17],[17,6],[11,30],[23,12],[1,31],[-9,10],[-2,31],[10,24],[20,16],[-2,23],[9,11],[2,32],[13,15],[16,36],[18,92],[15,38],[62,69],[-8,38],[8,14],[-14,13],[11,17],[-3,58],[23,22],[1,12],[-16,12],[7,44],[-7,3],[3,10],[-10,25],[1,6],[16,5],[5,18],[-29,31],[-18,44],[11,45],[-3,26],[13,12],[6,24],[54,68],[45,92],[13,4],[-8,38],[10,9],[-3,42],[-12,15],[2,20],[-21,5],[-4,7],[-5,34],[2,9],[28,17],[-1,14],[23,27],[-1,56],[-19,25],[7,61],[12,35],[-8,18],[3,18],[-24,31],[-8,27],[-15,-1],[-14,34],[15,25],[0,18],[-20,48],[5,19],[-7,31],[3,33],[3,6],[21,-7],[18,22],[-10,8],[0,16],[-15,14],[11,9],[-7,26],[36,21],[51,17],[325,152],[28,19],[220,110],[287,132],[-11,28],[-108,178],[-35,73],[9,24],[-23,8],[9,25],[-44,11],[0,26],[-11,10],[-143,298],[-5,0],[2,18],[4,25],[63,61],[64,136],[63,75],[57,45],[106,104],[72,24],[21,12],[19,21],[16,26],[23,135],[13,38],[73,142],[157,216],[91,105],[40,60],[21,46],[17,94],[-18,69],[-25,156],[7,80],[42,151],[3,45],[-16,106],[-9,10],[-3,302],[10,101],[0,73],[-51,329],[-24,126],[-20,61],[-84,216],[-54,99],[-141,229],[2,38],[-74,84],[-47,30],[-261,124],[-71,55],[-15,38],[-46,37],[10,42],[-31,145],[-19,44],[-35,57],[-35,24],[-39,13],[-14,12],[-32,109],[-7,78],[-87,1443],[1246,1970],[17,20],[70,44],[98,-10],[61,9],[15,10],[1,14],[-15,7],[-27,-2],[-8,15],[13,15],[52,-14],[22,24],[-5,71],[4,24],[-12,18],[-56,2],[-12,33],[-57,39],[-41,58],[18,19],[0,19],[13,13],[-1,42],[13,39],[-7,30],[-33,24],[-100,-3],[-12,13],[6,61],[17,25],[-2,47],[-43,46],[-9,51],[-17,22],[-18,9],[-51,-18],[-17,4],[-21,54],[1,8],[13,4],[-4,10],[-87,6],[-32,-5],[-19,56],[9,15],[-5,12],[-7,6],[-13,-2],[-12,-10],[-34,44],[17,43],[24,8],[22,-12],[6,17],[-33,46],[-16,97],[-11,24],[-20,22],[7,59],[19,22],[20,5],[1,-31],[11,-11],[14,17],[7,72],[14,19],[-3,11],[-28,29],[-36,24],[-65,17],[-10,19],[-1,48],[11,12],[23,-21],[18,1],[18,13],[-2,32],[12,8],[-1,27],[-17,17],[-20,74],[-23,9],[-13,-7],[19,-52],[-31,-2],[11,-21],[-5,-8],[-19,5],[4,56],[-62,72],[-3,32],[-19,10],[25,18],[1,27],[-23,0],[-6,12],[6,12],[8,3],[12,-16],[24,-5],[7,22],[8,-18],[9,-4],[9,5],[3,24],[-20,12],[-48,-2],[-41,40],[-3,25],[-20,12],[-1,17],[-22,11],[-18,-3],[-27,-20],[-18,27],[8,23],[37,45],[0,23],[-19,13],[-33,-1],[-23,20],[-1,45],[-17,26],[-11,7],[-35,1],[-5,29],[-13,7],[-26,-3],[-50,-39],[-27,11],[-1,22],[-12,25],[32,15],[-1,49],[18,51],[-5,9],[5,6],[-2,43],[-18,16],[-11,32],[-35,10],[-17,-22],[-14,4],[-12,12],[-10,24],[4,8],[31,-3],[5,4],[-4,16],[-21,5],[-38,-11],[-23,1],[-39,66],[-49,34],[-14,21],[-30,-12],[-7,9],[11,27],[-3,22],[-29,-3],[7,11],[-6,7],[-43,19],[-25,20],[-6,-20],[-15,8],[-26,41],[-10,5],[-24,-4],[-10,4],[-13,22],[7,7],[35,-10],[14,17],[-6,9],[-26,-6],[-72,19],[-39,37],[8,12],[-39,21],[-6,38],[-8,7],[-19,-4],[-23,-23],[-16,1],[0,22],[-9,9],[17,16],[-8,9],[-33,3],[-17,-16],[-20,11],[-10,59],[-18,15],[-12,0],[-4,22],[-35,31],[-37,8],[-9,31],[21,43],[-3,44],[-51,46],[-12,25],[-38,10],[12,42],[-10,11],[-24,2],[6,21],[-4,11],[-20,8],[-23,-2],[-15,-11],[-16,10],[-32,-20],[-21,12],[-28,-16],[-20,11],[0,9],[-22,32],[16,9],[-7,37],[-40,20],[-12,-2],[-12,-14],[-25,12],[-10,12],[5,31],[-6,5],[-16,-4],[-11,-42],[-24,6],[-11,16],[-1,11],[22,15],[9,17],[-10,11],[-21,3],[-2,25],[-8,13],[17,24],[0,12],[-12,0],[-19,-26],[-27,-9],[-9,2],[-16,5],[-12,14],[-11,-5],[-23,58],[-39,8],[-11,27],[3,35],[5,8],[31,18],[3,21],[-12,63],[12,17],[-10,16],[-3,68],[7,9]],[[176975,114462],[22,2],[7,21],[17,12],[34,-24],[46,8],[16,-13],[9,0],[15,10],[38,-28],[30,1],[74,22],[17,22],[37,76],[-12,29],[2,57],[29,46],[97,55],[53,14],[18,46],[11,9],[-1,18],[11,14],[31,2],[24,47],[30,21],[7,14],[14,7],[27,0],[14,14],[-1,23],[36,45],[22,0],[40,-17],[13,2],[12,17],[-2,18],[6,16],[19,6],[1,20],[47,29],[7,11],[-7,49],[-30,36],[-18,61],[-21,11],[-1,11],[7,9],[22,5],[16,-5],[39,13],[11,38],[25,16],[6,22],[-4,49],[18,32],[29,9],[9,31],[21,16],[17,37],[25,20],[0,25],[14,6],[7,22],[-3,46],[-28,38],[-1,16],[-13,9],[-4,19],[5,24],[7,10],[13,2],[12,-2],[19,-17],[12,-24],[8,-1],[-2,59],[-50,29],[-8,49],[17,0],[1,11],[-5,11],[-40,32],[-5,30],[6,10],[34,23],[6,9],[0,29],[14,3],[1,42],[26,14],[7,12],[-7,11],[-22,9],[-2,12],[17,5],[31,23],[13,-2],[10,-17],[14,-2],[6,15],[-2,16],[-24,18],[8,25],[34,-1],[55,-19],[32,-3],[40,51],[-1,12],[13,19],[9,6],[23,-7],[16,14],[10,61],[18,23],[24,18],[2,19],[-15,21],[6,7],[10,2],[45,-18],[19,-2],[41,53],[56,23],[14,20],[0,12],[-31,63],[3,50],[5,8],[10,-1],[34,-16],[11,-9],[2,-19],[6,-4],[12,10],[28,37],[11,31],[32,24],[9,15],[-29,60],[18,11],[9,13],[20,6],[16,19],[-5,14],[-21,19],[5,10],[20,6],[41,-14],[-7,30],[-30,-1],[-4,7],[-25,60],[1,28],[-14,16],[-3,21],[14,60],[-5,34],[-21,25],[11,13],[39,22],[-6,9],[-54,24],[-37,36],[-7,99],[-11,56],[18,21],[-3,9],[-26,15],[-6,24],[17,20],[26,0],[43,25],[11,-1],[15,-13],[50,30],[1,57],[-17,23],[8,8],[14,0],[24,-11],[2,12],[-11,21],[1,14],[10,5],[42,-28],[17,-29],[7,2],[12,22],[3,52],[8,6],[19,-5],[8,5],[21,31],[33,-16],[14,59],[-21,20],[5,11],[29,2],[15,16],[24,-6],[17,-8],[21,-21],[5,-35],[11,-6],[11,3],[7,45],[22,31],[-14,40],[8,51],[35,1],[12,-6],[16,-42],[11,2],[17,29],[5,29],[19,23],[1,8],[-23,20],[5,7],[21,-1],[17,-22],[0,-47],[24,25],[-3,28],[37,36],[12,52],[9,5],[13,-17],[1,-19],[8,-14],[8,-1],[7,60],[-9,36],[8,56],[-9,22],[-18,15],[-3,29],[20,38],[9,0],[17,-18],[11,3],[3,12],[-36,44],[-8,0],[-6,-19],[-10,-3],[-9,18],[-11,80],[12,21],[23,5],[3,8],[-20,20],[3,15],[90,65],[13,-1],[20,-27],[6,9],[3,55],[21,-4],[26,26],[14,-1],[25,-35],[1,-27],[14,4],[10,42],[36,-11],[38,0],[15,-11],[18,-1],[53,26],[41,10],[26,-6],[2,53],[12,41],[-6,13],[-27,23],[-2,17],[27,32],[53,35],[26,-7],[19,8],[62,137],[28,25],[-6,46],[-24,73],[7,101],[61,5],[30,42],[-13,6],[1,5],[18,10],[55,-9],[18,1],[10,8],[18,-3],[49,21],[19,25],[62,-14],[32,4],[12,-4],[13,-34],[27,-9],[59,-35],[10,-15],[-3,-67],[9,-8],[45,-12],[19,12],[22,-8],[40,-2],[9,4],[18,38],[0,41],[41,29],[24,46],[63,25],[35,66],[31,33],[18,59],[14,16],[11,11],[44,4],[28,33],[11,1],[35,26],[24,-9],[10,12],[8,32],[82,-7],[25,6],[12,10],[5,22],[34,32],[18,-11],[82,-17],[44,-17],[74,-47],[29,7],[12,-18],[26,-7],[124,17]],[[181614,119531],[387,-2349],[859,-3719],[-5,-31],[22,-29],[30,-75],[20,-22],[-16,-59],[259,-1121],[53,-975],[83,-752],[17,-393],[44,-80],[487,-642],[3,-6467],[-43,-262],[-264,-2726],[-72,-152],[-1540,-2632],[-1256,-748],[-34,-10],[-520,80],[-886,-853],[-662,-2244],[-10,-16],[-86,-84],[-180,-22],[-108,-27],[-73,-37],[-141,-122],[-35,-76],[-50,-58],[-47,-82],[-92,-189],[-49,-65],[-46,-47],[-27,-24],[-37,-23],[-169,-58],[-215,-86],[-117,-76],[-102,-93],[-82,-116],[-37,-64],[-15,-33],[-1,-51],[22,-53],[71,-105],[66,-57],[27,-31],[19,-50],[36,-41],[28,-52],[108,-235],[44,-141],[9,-127],[-12,-29],[-442,-378],[-203,-184]],[[143526,101530],[-175,224],[-32,63],[0,28],[12,26],[121,155],[26,63],[-6,33],[-27,23],[-49,23],[-39,5],[-90,-15],[-87,2],[-24,8],[-45,34],[-85,112],[-36,75],[-58,152],[-2,63],[-12,34],[-101,161],[-22,133],[-3,64],[16,322],[-2,69],[-6,93],[-22,91],[-71,154],[-195,326],[-36,74],[-15,46],[-27,154],[-13,18],[-31,-5],[-57,-49],[-94,57],[-8,12],[-26,12],[-73,72],[-43,8],[-18,18],[-47,8],[-9,12],[-33,8],[-47,22],[-34,34],[-52,13],[-70,70],[-19,6],[-90,-4],[-81,43],[-11,11],[-7,36],[-43,98],[-52,42],[-14,-2],[-58,42],[-99,14],[-23,16],[-32,6],[-40,25],[-111,33],[-57,34],[-110,49],[-2,25],[-107,99],[-16,6],[-27,68],[-16,27],[-31,28],[-32,69],[-173,121],[-67,137],[-182,248],[-74,124],[-375,379],[-137,99],[-78,69],[-225,174],[-68,39],[-151,36],[-252,92],[-274,153],[-115,79],[-39,70],[-27,80],[-29,117],[-21,46],[-59,90],[-44,96],[-29,96],[-6,40],[9,42],[34,92],[19,69],[2,27],[-12,48],[-68,36],[-21,22],[-22,35],[-63,142],[-68,87],[-139,149],[-4,11],[-59,19],[-10,-5],[-44,11],[-56,-6],[-4,11],[-11,3],[-41,2],[-24,-14],[-37,-9],[-74,1],[-42,7],[-117,57],[-39,3],[-24,2],[-19,-8],[-27,11],[-107,-24],[-50,-4],[-54,5],[-39,19],[-15,-1],[0,14],[-13,11],[4,8],[-10,19],[-17,-1],[-20,23],[-16,7],[-45,2],[-26,15],[-22,-13],[-6,21],[-30,0],[-27,9],[-29,29],[-12,24],[-14,3],[-17,24],[-33,14],[-14,28],[-25,11],[5,10],[-31,29],[-121,77],[-120,57],[-33,11],[-55,1],[-40,-12],[-91,-51],[-65,-19],[-49,-6],[-37,14],[-102,84],[-80,54],[-60,14],[-87,-5],[-71,6],[-34,14],[-83,63],[-53,72],[-27,61],[-16,111],[-28,63],[-68,112],[-46,10],[-9,45],[-21,1],[-13,10],[-3,37],[-16,7],[-10,11],[-19,48],[-11,4],[-11,23],[-18,11],[-9,21],[-31,21],[-45,55],[-48,43],[-27,59],[-15,2],[-24,27],[-16,9],[-13,-1],[-28,22],[-30,-3],[-18,16],[-35,3],[-31,23],[3,36],[-19,38],[-9,45],[-15,1],[-24,23],[-116,61],[-38,146],[-133,217],[-75,69],[-33,80],[-64,66],[-33,17],[-37,34],[-31,45],[-18,51],[-33,34],[-23,40],[-58,37],[-59,16],[-66,7],[-72,-24],[-4,-10],[-14,-11],[-9,0],[-22,-26],[-10,9],[-13,-13],[-27,6],[-17,-8],[-19,22],[-19,-9],[-55,0],[-18,28],[-20,11],[-33,-15],[-34,17],[-30,-20],[-22,-34],[-20,-2],[-25,-17],[-5,-12],[-15,-11],[-24,-6],[-86,-41],[-75,-56],[-71,-10],[-52,-32],[-15,1],[-31,14],[-5,9],[-21,4],[-4,8],[-18,7],[-14,18],[-66,32],[-4,11],[-31,29],[-24,0],[-9,6],[-15,29],[-21,-3],[-19,-13],[-27,12],[4,12],[-34,13],[-7,-7],[-8,7],[-8,-9],[-19,-5],[-20,5],[-13,-27],[-64,-27],[-34,3],[-17,-16],[-23,14],[-12,-6],[-36,5],[-15,-14],[-14,-29],[-81,-33],[-31,-38],[-36,-18],[-43,-2],[-46,-14],[-23,-24],[0,-20],[-20,-13],[-28,9],[-16,-12],[-16,-69],[-29,-29],[-27,-16],[-29,-5],[-82,-34],[-37,-76],[-10,-3],[-2,10],[-15,4],[-21,-16],[-30,-1],[-10,-11],[-30,6],[-6,-8],[9,-12],[-6,-7],[5,-29],[-10,-20],[4,-14],[-19,-21],[-78,-40],[0,-20],[-15,-19],[-2,-14],[11,-42],[-7,-19],[4,-29],[-8,-12],[6,-18],[-20,-26],[8,-94],[7,-10],[-4,-23],[9,-23],[-19,-15],[11,-15],[-17,-11],[11,-6],[-5,-16],[8,-41],[-56,-77],[-34,-22],[-34,-7],[-70,-50],[-48,-45],[-91,-161],[-25,-100],[-109,-253],[2,-23],[15,-23],[161,-203],[94,-173],[21,-56],[4,-45],[-38,-112],[-33,-52],[-37,-42],[-257,-177],[-107,-78],[-24,-25],[-8,-66],[28,-254],[26,-121],[35,-114],[5,-43],[-6,-62],[-86,-184],[-40,-161]],[[130952,107287],[-42,135],[-64,82],[-164,119],[-57,53],[-110,161],[-115,150],[-112,145],[-93,103],[-41,58],[-31,61],[-67,563],[-31,96],[-94,225],[-46,141],[-9,85],[0,126],[26,219],[-14,62],[-31,61],[-92,74],[-226,114],[-117,25],[-200,27],[-60,23],[-70,50],[-101,101],[-23,37],[-52,174],[-69,159],[-101,102],[-11,22],[-14,96],[-76,119],[-53,116],[-103,149],[-91,116],[-1,11]],[[134173,121757],[11,1],[-8,47],[47,77],[18,-1],[53,-18],[39,-19],[82,-7],[91,-22],[21,34],[12,4],[8,-24],[16,-2],[2,-10],[9,-5],[38,-1],[10,21],[13,3],[92,-27],[20,21],[29,-4],[10,-34],[25,-20],[7,0],[2,20],[45,-18],[28,5],[-10,-24],[9,-10],[21,-1],[8,-30],[22,-5],[38,17],[-5,9],[-14,1],[-4,13],[17,11],[45,-6],[5,-8],[29,-10],[5,-69],[9,-4],[23,15],[12,22],[13,-14],[11,-2],[-5,-23],[-24,-30],[6,-25],[28,-28],[10,-18],[6,-5],[11,9],[13,-20],[22,-9],[-3,-50],[12,-26],[17,-9],[-14,-40],[10,-10],[33,-13],[15,12],[14,-10],[4,-14],[-6,-73],[-21,-34],[-4,-20],[0,-47],[14,-28],[20,-8],[11,38],[22,17],[49,-9],[43,-47],[105,-38],[16,-21],[20,-1],[22,13],[15,-7],[6,-21],[10,-1],[16,5],[-5,8],[11,13],[14,-11],[10,7],[5,8],[-4,19],[24,-5],[40,-30],[8,-14],[-2,-27],[6,-5],[-8,-19],[5,-9],[42,-20],[8,-12],[4,-45],[4,-7],[29,-10],[17,19],[15,-3],[0,9],[-10,9],[22,9],[5,16],[14,14],[50,34],[32,10],[15,0],[22,-14],[26,1],[18,-16],[14,-1],[22,35],[14,-3],[52,-27],[12,-34],[12,2],[16,52],[27,7],[19,17],[19,-4],[37,22],[45,2],[22,-21],[22,13],[28,-1],[8,5],[10,23],[26,8],[13,17],[18,-6],[33,15],[20,23],[49,10],[7,19],[16,-3],[-1,12],[-16,12],[10,15],[29,-14],[11,-19],[30,-13],[0,-12],[-13,-6],[8,-10],[55,-10],[74,4],[28,9],[25,21],[59,14],[31,30],[2,14],[-12,40],[18,46],[16,22],[28,-5],[22,-37],[26,-2],[50,26],[28,8],[2,15],[-18,20],[67,23],[4,16],[-6,27],[28,0],[6,5],[20,49],[-5,18],[-57,7],[-9,16],[14,38],[55,52],[0,30],[-14,40],[13,17],[20,6],[11,16],[19,3],[28,-10],[29,8],[4,12],[-14,27],[12,19],[54,1],[60,35],[25,5],[10,13],[-14,49],[8,13]],[[137458,121906],[12,5],[14,-3],[19,-15],[31,-11],[109,-4],[11,-7],[18,-30],[11,-8],[50,-2],[54,26],[62,-7],[45,-18],[52,-2],[23,-12],[20,-3],[26,7],[20,-3],[2,18],[9,7],[14,-16],[31,0],[33,-10],[45,12],[90,-8],[42,-24],[31,-8],[68,0],[94,29],[48,-16],[37,6],[38,-1],[26,15],[23,-5],[56,11],[63,4],[72,-12],[11,10],[-1,17],[-77,87],[-9,16],[3,21],[6,8],[16,3],[15,-5],[18,16],[6,33],[-6,39],[41,30],[19,30],[3,11],[-9,23],[0,25],[26,25],[40,26],[27,-7],[20,17],[11,28],[5,47],[22,11],[21,-14],[14,-1],[32,35],[18,10],[49,10],[50,55],[39,12],[20,17],[43,5],[37,43],[43,67],[42,25],[15,17],[2,65],[10,13],[53,51],[55,29],[12,41],[34,8],[22,-5],[25,-21],[25,-1],[82,34],[-3,27],[81,13],[35,13],[12,21],[0,14],[15,13],[27,-9],[7,3],[14,28],[-12,35],[11,21],[5,39],[25,25],[12,29],[11,5],[20,-9],[16,3],[12,25],[-1,22],[36,44],[15,10],[62,16],[12,28],[17,21],[-3,42],[34,15],[10,-6],[12,6],[-3,28],[-16,16],[0,9],[49,6],[32,-9],[45,-25],[54,-8],[11,-1],[17,24],[15,1],[20,-7],[10,3],[4,3],[-6,24],[7,11],[20,15],[8,23],[34,27],[9,20],[31,31],[-4,17],[41,23],[16,-8],[10,2],[7,23],[30,20],[20,44],[18,14],[26,5],[21,13],[73,8],[29,14],[17,26],[-10,36],[12,19],[5953,-3485]],[[146869,120283],[-15,-15],[-20,-41],[10,-22],[16,-10],[41,-6],[20,-12],[5,-12],[-13,-27],[-4,-29],[-15,-5],[-7,-13],[-26,-23],[-8,-21],[-33,-27],[20,-3],[6,-8],[-1,-13],[-9,-5],[-48,3],[-12,-9],[4,-24],[27,-16],[-44,-8],[-24,-18],[-15,1],[-18,11],[-4,-17],[11,-9],[0,-20],[14,-10],[-3,-67],[-23,-16],[-18,30],[-9,-5],[-21,-25],[-10,-29],[23,1],[7,-7],[-8,-23],[-12,9],[-9,-14],[6,-11],[38,-8],[-17,-16],[-14,-5],[23,-25],[19,9],[9,-8],[1,-11],[-15,-14],[5,-32],[-24,-20],[-12,1],[-14,-18],[19,-9],[5,-22],[28,-7],[13,-19],[-13,-32],[-34,-20],[-7,-17],[27,-5],[8,-18],[-7,-8],[-27,-5],[-27,14],[-25,-32],[-11,4],[1,34],[-29,-10],[-30,-72],[-26,-17],[-10,-17],[-33,-20],[-6,-12],[-26,-13],[-10,2],[-16,-19],[-17,5],[-13,-17],[-11,3],[-8,33],[-14,12],[-12,-4],[-19,-25],[-23,6],[-25,-4],[2,14],[18,19],[-6,17],[-31,-16],[-27,17],[-10,-4],[-7,-10],[16,-22],[-11,-21],[0,-23],[-13,-23],[-12,21],[-15,4],[-8,-18],[-18,3],[-18,-17],[-2,-22],[-21,-10],[1,-11],[24,-8],[26,25],[10,-1],[13,-20],[-5,-18],[7,-16],[33,4],[9,-9],[-21,-22],[-4,-9],[6,-9],[21,7],[12,17],[12,-25],[-22,-13],[-3,-70],[10,-8],[3,-14],[-45,-9],[-14,23],[-24,-21],[19,-25],[-27,-22],[-6,-17],[-28,3],[-13,-55],[-21,15],[-13,-4],[15,-38],[12,-1],[9,11],[10,-1],[19,15],[23,-9],[6,-24],[-7,-9],[-16,9],[-16,-5],[-8,-16],[-26,-2],[-2,-37],[31,0],[11,-9],[-20,-26],[-22,-12],[-9,-47],[-20,-28],[-12,0],[-9,7],[-5,39],[-12,7],[-24,-35],[4,-57],[-10,-3],[-21,15],[-12,1],[-13,-11],[1,-22],[-16,-26],[-78,-1],[1,-10],[13,-6],[-2,-12],[-32,-7],[-5,-16],[49,-42],[-11,-16],[-34,14],[-7,-22],[-10,-3],[-16,9],[-15,-13],[-15,3],[-13,-7],[31,-39],[31,-107],[-3,-9],[-22,-5],[4,-11],[95,-102],[-2,-16],[-17,-3],[-12,15],[-11,1],[15,-36],[-6,-9],[-33,-7],[-9,-9],[21,-14],[2,-25],[12,0],[8,9],[13,0],[8,-7],[12,4],[3,13],[-19,23],[3,10],[10,0],[14,-11],[19,2],[8,-8],[-12,-17],[8,-9],[29,8],[22,-14],[14,-64],[-3,-11],[-16,-6],[-14,20],[-10,1],[-9,-10],[-1,-21],[-15,-4],[0,-11],[48,-26],[-30,-18],[-2,-11],[19,-20],[-12,-46],[-16,-6],[-20,11],[-15,-9],[-4,-15],[-26,7],[-11,-57],[0,-16],[24,-58],[34,-39],[35,-19],[3,-22],[-10,-50],[-26,-22],[10,-20],[0,-14],[-10,-10],[-36,3],[-9,-4],[-2,-10],[14,-26],[10,-5],[19,15],[19,-4],[7,-48],[17,-12],[2,-62],[40,-36],[31,-76],[27,-16],[4,-8],[-7,-24],[-16,-12],[-6,-22],[-15,4],[1,10],[-8,7],[-11,-2],[-26,-34],[-2,-19],[-13,-4],[-2,-14],[39,-45],[-3,-44],[-7,-9],[-3,-27],[-10,-13],[-17,0],[-18,9],[-15,27],[-21,3],[-18,-59],[2,-27],[10,-6],[19,7],[23,-18],[11,-29],[1,-38],[34,-56],[21,-19],[-34,-37],[-13,6],[-9,-7],[1,-21],[14,-31],[-1,-53],[18,-34],[19,-10],[10,-2],[28,16],[14,-7],[18,-39],[25,1],[29,22],[21,7],[34,-23],[86,-26],[33,-8],[45,1],[13,-5],[3,-18],[-17,-21],[38,-48],[5,-43],[-50,10],[-22,-17],[-1,-10],[29,-18],[2,-14],[-13,-17],[1,-13],[23,-31],[2,-23],[19,-32],[-33,-21],[41,-37],[53,-24],[23,-69],[59,-75],[3,-8],[-6,-10],[-27,12],[-5,-10],[6,-12],[19,-10],[11,-23],[10,9],[3,-9],[-6,-22],[7,-30],[23,-27],[-1,-10],[-32,-13],[-11,-28],[-18,-21],[-7,22],[-12,11],[-20,-21],[-5,23],[-21,-1],[-15,-15],[-19,-46],[-2,-30],[-14,-18],[4,-53],[27,-31],[27,0],[15,12],[13,2],[34,-9],[19,-14],[27,-61],[50,-41],[4,-20],[-22,-24],[-4,-21],[-35,-8],[-29,5],[-7,-10],[4,-29],[23,-31],[21,-4],[13,-27],[51,-15],[28,-17],[34,8],[9,-11],[-52,-59],[-25,1],[-12,8],[-39,-10],[-3,-11],[11,-29],[-12,-32],[2,-11],[32,-1],[20,-9],[-14,-14],[-34,-11],[3,-12],[30,-10],[-11,-18],[8,-30],[-6,-10],[-12,0],[-22,15],[-22,-62],[37,2],[4,-22],[-6,-33],[5,-13],[26,13],[17,3],[13,-5],[7,-9],[1,-22],[25,-33],[9,31],[8,7],[13,-2],[10,-4],[5,-21],[12,-12],[30,2],[18,-10],[18,-25],[14,-8],[34,16],[23,-5],[24,-42],[-14,-10],[-18,16],[-12,-2],[12,-19],[12,-9],[15,-1],[19,-37],[23,10],[12,-2],[11,-21],[-14,-64],[-9,-5],[-45,4],[-27,-12],[-17,-29],[-4,-47],[-10,-8],[-40,0],[-25,-22],[-2,-11],[31,-1],[27,-17],[-3,-15],[-12,-15],[16,-14],[4,-25],[6,-5],[10,3],[23,33],[-13,17],[18,28],[-1,15],[21,18],[10,4],[16,-5],[53,0],[20,-18],[-18,-22],[-16,2],[11,-24],[57,-11],[25,3],[15,-7],[1,-10],[-13,-4],[-8,-11],[22,-11],[2,-61],[9,-4],[12,4],[7,24],[24,15],[11,-2],[37,-29],[7,-18],[-15,-8],[-46,-9],[-68,-48],[-58,0],[-21,10],[-12,-9],[-4,-25],[-39,4],[-51,-29],[-26,22],[-23,5],[-10,-9],[1,-46],[-36,-46],[-40,-11],[-30,-28],[-26,12],[-10,-24],[-22,-15],[-2,-45],[12,-1],[24,38],[14,-11],[-7,-27],[2,-26],[36,-18],[19,-22],[14,-1],[18,17],[14,4],[54,-18],[9,-15],[6,-33],[20,0],[9,-8],[-12,-25],[6,-14],[-8,-23],[8,-14],[12,-1],[38,19],[20,-7],[19,-29],[2,-26],[-24,-8],[-23,0],[-8,-9],[-5,-19],[13,-28],[-2,-11],[-93,-42],[-17,0],[-10,7],[-17,-8],[-17,9],[-38,41],[-23,35],[-13,6],[-12,-6],[-8,-14],[17,-22],[-49,-24],[-10,-48],[-8,-7],[-17,2],[-8,10],[-19,-4],[-2,-12],[10,-8],[2,-25],[9,-13],[-10,-13],[-15,-2],[-22,-25],[1,-37],[-13,-21],[-21,-5],[-8,-10],[7,-9],[-9,-5],[-17,12],[-18,-14],[-23,13],[2,31],[-10,9],[0,10],[12,10],[-9,7],[-40,2],[-20,14],[-13,-4],[-17,-34],[-13,-9],[-6,-27],[-28,-38],[-47,4],[-13,-15],[-52,-26],[-6,-7],[0,-17],[8,-46],[16,-22],[24,2],[9,-6],[2,-13],[-43,-55],[-4,-11],[7,-13],[15,-10],[40,1],[30,-20],[28,-1],[15,-9],[3,-20],[-13,-15],[-14,-5],[-62,2],[-31,-21],[-16,-25],[-17,-8],[-5,-28],[-27,14],[-1,-50],[-46,-63],[-52,-39],[-28,-12],[-21,5],[-9,-14],[-17,-41],[-7,-45],[-13,-28],[11,-20],[32,16],[57,49],[28,0],[15,-15],[17,-52],[-12,-52],[10,-17],[29,4],[63,-26],[67,-16],[28,13],[17,1],[27,18],[54,-38],[5,-11],[-8,-16],[3,-17],[-9,-8],[-24,-4],[-31,-23],[-14,1],[26,-50],[46,-41],[0,-18],[-26,-36],[26,-53],[31,3],[21,-8],[13,6],[12,-11],[4,-18],[18,-24],[19,-40],[13,-11],[57,-2],[39,14],[7,41],[-3,27],[-29,10],[14,31],[15,5],[54,-8],[11,-38],[24,-4],[33,5],[18,-22],[5,-34],[23,-25],[16,1],[21,13],[19,-5],[11,-12],[-3,-10],[-47,-33],[4,-37],[-6,-19],[-32,-33],[-22,8],[-3,-37],[-23,-19],[12,-24],[13,-3],[-3,-22],[-72,-59],[-15,-30],[-27,-26],[9,-44],[-3,-43],[-35,-34],[0,-23],[13,-25],[-50,-17],[-8,-24],[0,-10],[22,-17],[-3,-13],[-50,9],[-22,-38],[-26,30],[-12,3],[-27,-13],[-13,0],[-21,12],[-16,18],[-25,4],[-60,-47],[-16,-3],[-10,3],[-13,16],[-3,37],[-10,-1],[-22,-17],[-22,-59],[-3,-12],[6,-6],[21,-3],[30,-23],[40,-4],[25,9],[9,-6],[3,-19],[21,-26],[-50,-15],[-10,-11],[-3,-22],[-14,-29],[3,-13],[33,3],[16,-4],[18,-17],[65,0],[10,-11],[11,-36],[-7,-43],[6,-35],[-35,-23],[-32,7],[-6,-16],[29,-25],[52,-13],[4,-13],[-14,-21],[2,-8],[26,-11],[20,3],[18,-16],[6,-14],[-7,-9],[-15,-2],[-25,13],[-24,-12],[-42,8],[1,-31],[-19,-34],[-10,-4],[-26,18],[-11,-4],[-8,-6],[-7,-30],[-43,19],[-34,-23],[-82,-16],[-31,27],[-29,10],[-26,-15],[-22,-24],[-45,-18],[-12,-20],[29,-40],[16,-2],[2,-23],[-27,-101],[14,-22],[75,-71],[4,-12],[-17,-44],[-49,15],[-20,13],[-12,49],[-6,9],[-16,4],[-52,-17],[-30,-2],[-37,8],[-44,31],[-11,-23],[-24,-25],[13,-18],[10,0],[19,16],[39,-68],[19,-17],[43,-6],[18,16],[31,-28],[13,-35],[29,-21],[29,-33],[85,-58],[39,-15],[35,-46],[75,-20],[87,-54],[5,-12],[-8,-28],[-27,6],[-57,-24],[-59,-8],[-10,-9],[-4,-30],[61,-16],[24,-18],[32,-49],[8,-43],[71,-209],[19,-37],[32,-22],[22,8],[12,-7],[17,-82],[-13,-13],[-16,-51],[-14,-17],[-35,-11],[-19,14],[-16,25],[-8,69],[-20,-21],[-12,-16],[-13,-38],[1,-60],[-39,-42],[-3,-46],[-7,-19],[-7,-11],[-22,-9],[-9,-15],[-1,-26],[31,-3],[0,-32],[-28,-17],[-51,-7],[-21,15],[-10,32],[-33,3],[-9,-9],[5,-19],[-8,-73],[28,-25],[10,19],[12,0],[12,-12],[7,-25],[24,-45],[26,-18],[11,-17],[-3,-58],[26,-35],[88,-5],[20,-10],[55,-54],[57,-41],[12,-36],[44,-76],[36,-26],[28,-40],[10,-27],[1,-50],[-26,-19],[-65,4],[-6,7],[9,23],[29,25],[-4,17],[-14,10],[-1,16],[-10,12],[-37,9],[-15,13],[-68,86],[-74,-8],[-43,31],[-47,13],[-12,-6],[-10,-19],[10,-47],[-4,-90],[-8,-16],[-61,-63],[35,-64],[15,-90],[-8,-29],[7,-20],[19,-16],[8,-19],[14,-64],[65,-70],[50,-85],[-2,-13],[-40,-18],[-14,1],[-27,28],[-12,6],[-13,-4],[-10,-37],[-14,-23],[-44,6],[-50,-48],[-66,-20],[-9,-14],[0,-33],[-8,-24],[-24,-28],[-2,-15],[8,-95],[89,-43],[49,-12],[42,0],[34,-25],[56,-53],[21,-50],[29,-36],[118,-91],[53,-29],[9,-14],[-2,-37],[-34,-21],[-12,-2],[-52,30],[-22,2],[-34,-38],[-57,-17],[-69,-73],[-60,-14],[-49,-35],[-15,-17],[-13,-59],[-31,-31],[-43,-19],[-49,-45],[-40,-17],[-9,13],[4,74],[-26,29],[-13,-3],[-40,-28],[-23,-31],[-10,-70],[-16,-10],[-53,15],[-21,19],[-15,3],[-33,-26],[-35,-55],[-25,-17],[-102,-56],[-60,-41],[-27,-12],[-83,-17],[-40,-32],[-40,-55],[-56,-54],[-33,-42],[-16,-29],[-15,-71],[-15,-20],[-20,-3],[-11,5],[-13,25],[-3,43],[38,50],[11,52],[-10,43],[-27,27],[-24,-7],[-28,-21],[-10,-57],[7,-36],[-3,-29],[-19,-14],[-19,0],[-59,14],[-34,-45],[-24,0],[-11,51],[-28,-2],[-38,-17],[-15,13],[-13,34],[-14,15],[-44,16],[-29,-11],[-20,-111],[7,-10],[59,-14],[11,-20],[-29,-58],[4,-14],[27,-35],[-1,-31],[-23,-68],[29,-65],[-7,-28],[-14,-11],[-31,0],[-17,10],[-53,7],[-25,-4],[-6,-11],[16,-43],[19,-18],[95,-13],[111,-76],[15,-32],[0,-33],[-8,-8],[-17,-10],[-50,-10],[-28,-17],[-13,-27],[2,-32],[51,-81],[23,-18],[47,11],[21,-3],[74,-27],[53,-39],[3,-21],[-7,-19],[5,-41],[-29,-44],[1,-20],[60,-42],[35,-71],[12,-46],[14,-26],[32,-35],[18,-47],[25,-42],[105,-83],[3,-18],[-22,-30],[3,-18],[24,-34],[90,-79],[74,-7],[43,-33],[16,-3],[27,13],[20,-21],[-6,-48],[-32,-41],[-5,-35],[21,-37],[4,-50],[-8,-115],[-20,-49],[-32,-117],[-36,-53],[-24,-53],[-34,-202],[33,-42],[22,-3],[23,19],[12,27],[42,39],[16,5],[30,-3],[13,-19],[-28,-47],[-17,-17],[-41,-17],[-19,-21],[18,-64],[51,-44],[14,-29],[2,-41],[-11,-28],[-29,-34],[-5,-16],[-11,-181],[8,-211],[18,-101],[44,-175],[0,-109],[-20,-58],[-43,-88],[-50,-77],[-67,-78],[-162,-146],[-115,-88],[-162,-106],[-223,-122],[-123,-77],[-95,-45],[-328,-108],[-70,-31],[-24,-18],[-21,-26],[-26,-91],[-15,-11],[-79,-11],[-35,-21],[-55,-62],[-47,-37],[-146,-93],[-47,-49],[-59,-93],[-17,-51],[-40,-184]],[[88908,134605],[9,39],[10,10],[0,31],[-20,19],[-5,19],[-2,95],[-7,43],[3,38],[-15,30],[-4,36],[7,17],[-9,20],[-1,22],[-32,66],[-5,60],[-8,19],[-27,12],[-15,38],[-29,36],[-78,26],[-161,-6],[-65,12],[-201,20],[-29,-3],[-56,-19],[-84,-12],[-46,-20],[-124,-15],[-64,-15],[-324,4],[-82,7],[-44,-9],[-104,-42],[-107,-32],[-111,-43],[3,-41],[-9,-50],[-19,-20],[-11,-21],[-67,-17],[-43,-30],[-47,-4],[-22,-16],[-29,-1],[-13,-9],[-15,-1],[-93,70],[-13,18],[-12,63],[-12,27],[-2,48],[-28,27],[-5,28],[-15,5],[-7,14],[-1,44],[-16,20],[-18,88],[-18,49],[-35,-6],[-56,31],[-23,1],[-18,-7],[-22,23],[-46,11],[-2,42],[-21,18],[-18,40],[-11,51],[-12,15],[-32,18],[-12,13],[-8,34],[-23,30],[-16,52],[-16,16],[2,18],[-14,15],[-6,31],[-53,62],[-14,32],[-41,27],[-25,56],[-11,8],[-23,1],[-17,15],[-41,2],[-17,26],[-12,6],[-31,0],[-12,16],[-14,-6],[-52,10],[-83,-33],[-21,2],[-16,14],[-9,-2],[2,-21],[-8,-1],[-67,20],[-12,-6],[-20,22],[-78,1],[-54,44],[-20,-1],[-64,-23],[-8,1],[-27,-18],[-11,7],[-22,1],[-53,-16],[-14,6],[-21,-26],[-36,-3],[4,-26],[-16,-11],[-3,-13],[-45,-26],[-16,16],[-28,-8],[-29,5],[-26,-12],[-26,0],[-10,-12],[-37,-9],[-20,-12],[-12,2],[-13,-8],[-30,7],[-9,-18],[-52,-14],[-20,-25],[-26,-35],[-1,-35],[-7,-8],[-24,-4],[-6,-14],[6,-27],[-20,-8],[-8,-19],[-15,-12],[-21,-1],[-17,-14],[-36,-7],[-61,5],[-20,14],[-44,6],[4,-26],[-7,-5],[-14,3],[-23,-20],[-10,3],[-23,24],[-48,-2],[-9,14],[-13,9],[-28,3],[-16,19],[-11,2],[-40,36],[-3,20],[-53,18],[-15,25],[-15,8],[-3,12],[-29,16],[-20,2],[-1,16],[-9,4],[0,-12],[-7,-5],[-14,3],[-36,26],[-47,0],[-24,9],[-12,-4],[-5,-8],[-20,6],[-32,-10],[-4,-20],[-28,-11],[-13,-16],[-5,-20],[-14,-13],[14,-6],[-15,-30],[7,-26],[18,0],[5,-14],[13,-1],[0,-19],[11,-1],[13,-12],[5,-32],[12,-9],[0,-19],[-26,-35],[0,-11],[-17,-6],[-7,-18],[-15,-16],[-1,-7],[8,-4],[16,5],[5,-15],[-15,-27],[-14,-4],[-17,-21],[-18,-51],[-3,-39],[-64,-71],[3,-44],[-8,-21],[7,-9],[0,-22],[-23,-25],[-17,5],[-12,-17],[2,-9],[-23,1],[-42,-52],[-6,3],[1,9],[-14,-2],[-37,20],[-21,-52],[-47,-9],[-17,-49],[-18,-4],[-10,-12],[-24,0],[-25,13],[-21,-16],[-41,22],[-18,-9],[-20,-31],[-15,-11],[-35,-5],[-19,-13],[-11,-17],[-30,-11],[-7,-27],[6,-11],[-33,-27],[-10,8],[-17,-16],[-22,12],[-27,-7],[-19,3],[-17,14],[-15,-6],[-14,5],[-9,17],[-37,21],[-47,15],[-29,-2],[-64,18],[-25,16],[-74,74],[-52,65],[-67,52],[-105,124],[-26,44],[-42,51],[-245,176],[-228,16],[-166,26],[-263,27],[-115,24],[-12,-37],[-38,17],[-8,-14],[-21,0],[-16,-9],[12,-15],[21,-5],[15,-44],[-24,-21],[0,-15],[-11,-9],[-23,13],[-15,-7],[-20,-32],[-23,-21],[-42,-16],[-14,-17],[4,-16],[28,-3],[3,-14],[-34,-17],[-40,19],[-15,-3],[-15,-10],[-13,-23],[-32,-2],[-24,-19],[-8,16],[1,15],[-19,5],[-18,-9],[-18,-25],[-4,-27],[-15,-18],[-51,-35],[-4,-27],[8,-69],[78,-63],[23,-34],[3,-26],[-21,-29],[-76,-13],[-1,-16],[-11,-23],[-23,-9],[-9,-18],[0,-69],[-36,-68],[-35,-29],[-6,-41],[-46,-26],[-33,40],[-18,-3],[-32,-38],[-20,-11],[-45,3],[-13,-5],[-38,10],[-13,28],[-54,35],[24,31],[-4,16],[-70,43],[-21,27],[-38,27],[3,17],[-8,9],[-16,5],[4,20],[-21,15],[-9,31],[-17,6],[-31,32],[-39,13],[-19,-3],[-26,19],[-22,4],[-17,24],[-30,15],[-8,31],[-21,27],[-33,12],[-69,3],[-83,30],[-21,53],[-31,44],[7,56],[-36,26],[-1,11],[-26,13],[-10,17],[-16,12],[-47,6],[-55,-3],[-104,-23],[-72,-2],[-120,-17],[-17,-6],[-15,-20],[-61,-26],[-86,-1],[-41,7],[-34,-19],[-37,-38],[-9,-21],[-2,-29],[-13,-15],[-58,-15],[-30,-31],[-70,-32],[-24,-1],[-16,4],[-26,20],[-21,-7],[-24,25],[-39,0],[-19,9],[-32,20],[-5,17],[-18,7],[-24,-6],[-40,2],[-42,-12],[-7,13],[-84,-4],[-23,25],[-11,22],[-26,22],[-3,15],[-23,6],[-16,9],[-7,14],[-24,7],[-16,26],[-8,-11],[-29,-7],[-63,9],[-53,-16],[-26,5],[-48,26],[-60,18],[-97,18],[-59,-11],[-30,-17],[-25,-3],[-27,13],[-3,25],[-55,36],[-16,8],[-11,-5],[-60,8],[-13,18],[-19,12],[-23,-2],[-11,10],[-42,-14],[-42,9],[-66,-12],[-54,51],[-38,11],[-103,1],[-63,-7],[-141,9],[-165,52],[-119,27],[-140,-7],[-110,23],[-27,-9],[-89,-94],[-98,-43],[-50,-11],[-92,-65],[-37,-18],[-42,-12],[-167,-28],[-168,-57],[15,41],[9,54],[20,44],[61,65],[29,66],[-9,68],[-22,18],[-30,14],[-13,20],[-50,10],[1,32],[-7,7],[0,19],[-5,7],[-20,-8],[-5,13],[6,18],[-12,15],[1,22],[-10,18],[6,16],[-13,23],[6,11],[-19,63],[-9,1],[-4,18],[-27,20],[-15,-5],[-4,9],[-16,7],[-14,15],[-18,0],[-70,37],[-17,16],[-24,4],[2,28],[-12,21],[5,15],[-18,34],[14,35],[-51,14],[-34,-18],[1,18],[-12,24],[10,13],[-4,13],[-23,6],[-12,9],[-9,19],[-21,8],[7,19],[-16,27],[-14,4],[1,13],[-11,16],[11,33],[-11,8],[-3,19],[-11,2],[-22,-7],[-14,4],[-8,-4],[-82,57],[-22,8],[-43,1],[-43,19],[-6,9],[5,10],[-18,24],[-51,5],[-17,9],[1,13],[-26,1],[-15,23],[-45,30],[-3,14],[15,21],[18,12],[-15,28],[-24,15],[-66,21],[-22,-12],[-40,1],[-30,22],[-40,13],[-45,2],[0,14],[-13,4],[-6,14],[-11,1],[-7,-1],[-6,-15],[-15,-3],[-28,4],[-1,11],[-28,-6],[-8,-19],[-45,-23],[-19,4],[-12,-3],[-11,-14],[-42,24],[14,32],[-8,6],[-42,-5],[-20,-8],[-17,6],[-6,-5],[-19,17],[-10,1],[-5,-16],[-32,-7],[-20,-17],[-37,36],[-46,9],[-21,-2],[-9,6],[-16,61],[-33,13],[-22,37],[-16,-12],[-22,-2],[-3,-14],[-70,-12],[-14,7],[-13,31],[-33,-8],[-53,28],[-7,-5],[-33,5],[-12,-6],[-30,-64],[5,-11],[32,-30],[-18,-20],[-3,-17],[9,-20],[15,-6],[-18,-58],[-25,-3],[-10,-20],[-21,3],[-64,-13],[-20,24],[-45,38],[2,12],[18,14],[35,16],[-1,11],[-42,-3],[-11,27],[3,15],[-15,18],[-74,7],[-3,26],[-14,16],[-24,12],[-61,-23],[-40,-3],[-20,-12],[-19,0],[-50,-25],[-35,-6],[-10,-33],[-15,-11],[-16,-9],[-80,-14],[-20,-19],[-13,-31],[-19,-8],[-36,2],[-43,15],[-37,-9],[-15,-15],[-26,-12],[-25,24],[-74,-18],[-19,0],[-21,60],[-21,-4],[-18,-20],[-11,-1],[-61,29],[-29,5],[-3,40],[-36,13],[-11,6],[-1,10],[-16,5],[-39,-5],[-45,-14],[-55,-6],[-11,-6],[-4,-16],[8,-24],[41,-30],[16,-29],[40,-26],[11,-40],[-36,9],[-1,10],[-13,6],[-18,0],[-5,-15],[8,-42],[-3,-11],[-37,-13],[-15,-17],[-59,-24],[-15,2],[-8,17],[-11,6],[-74,-6],[-7,-6],[3,-26],[-12,-7],[-5,-12],[33,-28],[63,-15],[3,-9],[-6,-17],[-18,-13],[-15,-7],[-42,12],[-48,17],[-24,20],[-31,4],[-13,8],[-1,35],[-12,22],[-40,29],[-42,-12],[-21,-42],[-35,-10],[-16,6],[-33,-14],[-64,-33],[-20,-19],[-38,-24],[4,-64],[-39,-36],[-35,-65],[13,-43],[2,-30],[-57,-71],[-59,-18],[-15,-12],[-5,-89],[-19,-18],[-50,-3],[-13,-8],[-7,-36],[-14,-18],[-36,-4],[-11,7],[-7,30],[1,23],[14,38],[-35,7],[-42,-17],[-54,-52],[-96,-13],[-38,-83],[-31,-15],[-45,2],[-24,-36],[-20,-11],[-95,-4],[-27,23],[-29,5],[-79,-5],[-20,5],[-46,32],[-40,1],[-67,17],[-4,34],[10,27],[-2,34],[-31,22],[-19,40],[-17,18],[-46,22],[-12,17],[-4,24],[-2,17],[26,30],[10,28],[-18,20],[-24,11],[-10,36],[12,8],[27,-13],[32,-3],[15,6],[3,17],[-29,12],[-58,55],[-27,11],[-31,1],[-14,-27],[-4,-47],[-8,-1],[-19,39],[-29,26],[-14,0],[-36,-17],[-35,43],[-11,0],[-10,-8],[-53,-13],[-10,-10],[-13,-22],[0,-44],[-26,-5],[-42,6],[-14,4],[-8,11],[-5,20],[-19,27],[-34,12],[11,27],[16,15],[0,18],[-45,22],[-84,-14],[-15,-8],[-14,-28],[-15,-2],[-22,33],[-17,-11],[0,-41],[-9,-19],[-68,-29],[-7,-34],[13,-45],[-13,-8],[-14,6],[-57,4],[-5,16],[17,33],[-15,44],[-19,22],[-16,3],[-18,-6],[-60,-71],[-50,-15],[-38,-33],[-17,-32],[19,-78],[-17,-15],[-64,-10],[-66,9],[-11,-6],[-2,-9],[18,-9],[13,-17],[-4,-13],[-17,-18],[-21,-8],[-7,-71],[-53,-52],[-25,-6],[-69,8],[-58,30],[-22,25],[-71,42],[-161,47],[-46,-4],[-37,-15],[-23,-18],[-72,-2],[-49,-61],[-42,-12],[-13,-10],[11,-55],[-77,-54],[6,-12],[24,-17],[39,-6],[39,-19],[-5,-24],[-151,-106],[-21,-10],[-44,16],[-32,5],[-55,-6],[-58,-39],[-11,-25],[-32,-20],[-2,-27],[-53,-61],[-56,1],[-19,13],[-62,7],[-46,25],[-26,24],[-24,6],[-18,-24],[2,-38],[25,-48],[13,-86],[-20,-37],[-66,-51],[-3,-13],[11,-43],[-16,-57],[-11,-89],[-19,-60],[-46,-41],[-25,-4],[-37,4],[-33,20],[-12,29],[-39,53],[8,97],[-8,54],[-72,-1],[-34,26],[-56,12],[-94,-49],[-47,-41],[-45,-22],[-14,-14],[-26,-12],[-32,3],[-46,-13],[-9,-11],[16,-54],[-6,-10],[-10,-9],[-35,-8],[-99,-58],[-34,-35],[-54,-42],[-10,-44],[30,-35],[13,-30],[-10,-12],[-56,-21],[-29,-32],[-20,-10],[-12,4],[-10,46],[-13,14],[-24,-2],[-24,-15],[-20,-21],[-35,-79],[-32,-29],[-18,-9],[-19,6],[-79,-57],[-39,12],[-11,-3],[-6,-29],[-10,-8],[-20,-55],[-19,-10],[-8,-14],[-10,-51],[-40,-40],[-5,-14],[19,-14],[69,4],[16,-9],[8,-15],[-51,-50],[-26,-15],[-31,24],[-4,-3],[-2,-42],[-18,-26],[14,-49],[37,-16],[5,9],[21,3],[-2,-40],[15,-21],[16,-4],[10,7],[27,3],[11,-13],[-14,-22],[2,-50],[-25,-22],[-9,-23],[0,-23],[-11,-9],[-36,-7],[-13,4],[-8,12],[3,43],[-9,16],[-116,-22],[-66,74],[-28,15],[-35,-11],[-18,-91],[3,-20],[12,-12],[21,-3],[-4,-24],[-63,-4],[-39,-10],[-5,-8],[20,-16],[45,-14],[-7,-7],[-64,1],[-24,-26],[3,-12],[19,-12],[49,-3],[-17,-24],[-35,-11],[-121,68],[-18,-3],[-17,-19],[-7,-26],[-58,-18],[-17,-19],[3,-49],[48,-33],[42,-1],[3,17],[-6,16],[13,17],[14,6],[13,-7],[-1,-28],[-13,-32],[-15,-12],[-27,-10],[-58,-8],[-5,-9],[5,-6],[51,-12],[12,-36],[-24,-17],[-123,-15],[-12,-16],[2,-20],[26,-24],[-41,-29],[-13,3],[-8,24],[-13,-7],[13,-49],[-17,-10],[-36,18],[-10,-5],[-3,-26],[-9,-15],[-16,-3],[-18,11],[-18,-8],[-64,-51],[-63,-15],[-53,1],[-45,12],[-20,-21],[12,-27],[-4,-20],[-40,-15],[-13,6],[5,30],[-6,17],[-17,15],[-27,5],[-21,-13],[-1,-11],[-61,-57],[-29,-1],[-13,9],[-23,-5],[-11,-9],[-8,-20],[13,-43],[-7,-28],[-15,-3],[-20,7],[-45,45],[-23,1],[-9,-89],[-38,-15],[-33,-5],[-6,-13],[4,-14],[18,-15],[-12,-28],[-33,-37],[-10,6],[-2,36],[-23,3],[-26,-22],[-14,-113],[-10,-8],[-57,6],[-20,-33],[-29,-17],[-23,-31],[-11,-8],[-30,-7],[-16,-15],[0,-19],[14,-10],[45,-14],[10,-18],[17,-13],[53,0],[9,-16],[-4,-18],[-44,-16],[31,-35],[19,-10],[3,-10],[-16,-9],[1,-11],[18,-20],[-11,-11],[-72,-6],[-5,-16],[72,-7],[22,-36],[-29,-37],[0,-15],[14,-28],[-11,-18],[-48,-47],[-62,-2],[-7,-45],[42,-31],[3,-10],[-11,-18],[-47,-32],[-24,-41],[-3,-13],[9,-25],[-8,-26],[-21,-8],[-21,6],[-27,-16],[-46,-2],[-24,-23],[-28,3],[-27,-5],[-29,9],[-29,-23],[-34,-15],[-10,-17],[-33,1],[-14,-29],[11,-32],[1,-11],[-7,-8],[-10,-2],[-9,7],[-12,22],[4,44],[9,23],[-5,11],[-46,-18],[-3,-29],[-20,-5],[-13,7],[-11,35],[6,15],[-9,3],[-23,-8],[-18,-22],[0,-17],[23,-14],[3,-18],[-5,-8],[-30,-16],[-3,-18],[-24,5],[-19,22],[25,38],[-2,12],[-30,-22],[-26,-6],[-6,-6],[-3,-31],[-17,-10],[-13,-21],[-21,6],[14,28],[-5,28],[22,29],[-6,5],[-16,-7],[-18,-24],[-34,-19],[-51,-4],[-41,-17],[-11,-9],[-15,-31],[-18,0],[-62,44],[-22,4],[-19,-14],[-12,-30],[-13,-10],[-27,18],[-4,23],[6,9],[27,8],[-1,15],[-55,22],[-6,14],[7,22],[-8,34],[8,22],[-1,67],[-10,12],[-72,4],[-11,6],[-34,72]],[[63471,132286],[55,42],[88,44],[13,58],[9,144],[30,123],[22,135],[-8,57],[-27,104],[-87,224],[50,347],[-20,106],[-60,174],[-20,160],[-61,96],[-141,168],[-79,108],[-26,72],[-81,117],[-85,83],[-91,76],[-84,34],[-109,4],[-114,-11],[-73,-12],[-82,-23],[-92,-10],[-113,9],[-131,51],[-52,30],[-171,64],[-248,58],[-98,68],[-171,185],[-14,-2]],[[61400,135169],[-10,12],[16,3],[-14,64],[-153,243],[7,111],[-29,94],[-35,78],[-18,90],[-43,139],[-193,386],[-130,179],[-30,57],[-52,71],[-147,297],[-28,94],[4,97],[18,58],[8,169],[26,56],[16,21],[89,56],[161,36],[65,42],[55,104],[35,118],[0,59],[-9,72],[-24,43],[-47,113],[-49,185],[-16,114],[28,187],[84,166],[35,42],[25,55],[55,173],[48,126],[4,-3],[16,28],[59,62],[153,139],[135,106],[40,23],[94,84],[41,48],[4,12],[44,46],[64,118],[28,119],[-8,121],[-52,301],[1,59],[23,117],[67,101],[99,72],[61,18],[64,-1],[191,-33],[64,2],[64,10],[50,36],[12,19]],[[84297,160690],[18,-11],[-3,-26],[-29,-74],[17,-16],[41,-19],[5,6],[-10,25],[14,-4],[9,-11],[10,0],[12,28],[8,-4],[1,-17],[7,-9],[19,-2],[19,-31],[46,-27],[22,12],[12,22],[26,25],[11,4],[21,-5],[8,-8],[3,-19],[-17,-40],[-41,-27],[-10,-25],[45,-22],[68,7],[31,-6],[16,-14],[9,-23],[-9,-20],[-18,-3],[-17,-13],[-5,-16],[17,-37],[3,-35],[26,-8],[50,37],[55,11],[11,-10],[4,-37],[14,-12],[56,-22],[71,-4],[13,-17],[13,-73],[-3,-18],[-32,-34],[-6,-23],[6,-16],[14,-7],[12,2],[67,58],[38,-20],[54,-18],[5,-13],[-6,-11],[-27,-1],[-30,7],[-16,-10],[-34,-64],[-15,-10],[-29,-2],[-10,-9],[21,-45],[-24,-53],[2,-53],[51,-53],[16,-23],[5,-30],[-1,-21],[-35,-39],[-2,-15],[18,-18],[35,-17],[17,1],[12,45],[53,18],[28,7],[34,-4],[18,-17],[1,-20],[-13,-22],[-47,-49],[-14,-36],[3,-26],[22,-63],[46,-48],[22,-89],[-51,-49],[-24,-14],[-47,82],[-29,18],[-43,0],[-9,-34],[13,-61],[12,-19],[31,-22],[6,-21],[-16,-22],[-1,-14],[412,-1],[114,-6],[88,-17],[57,-20],[3032,-693],[208,-76]],[[88978,158292],[-16,-11],[-23,-37],[-15,-78],[9,-76],[34,-97],[13,-74],[0,-70],[10,-72],[57,-61],[18,0],[18,-20],[24,-8],[19,-21],[53,-35],[48,-45],[53,-19],[29,14],[144,11],[93,-42],[33,-58],[8,-20],[-4,-54],[21,-104],[0,-33],[-13,-51],[19,-44],[43,-29],[72,-91],[17,-58],[-17,-70],[-49,-62],[-24,-72],[-2,-66],[22,-61],[39,-48],[37,-77],[31,-18],[46,-46],[26,-74],[27,-164],[33,-55],[66,-65],[41,-55],[40,-21],[65,0],[60,-15],[54,-20],[70,-37],[103,9],[125,-44],[48,-54],[76,-47],[88,-96],[58,4],[82,25],[76,-56],[83,-4],[43,-27],[140,-47],[45,-48],[39,-23],[35,-58],[-6,-86],[-22,-40],[-17,-72],[-28,-56],[2,-100],[12,-69],[95,-126],[29,-68],[14,-153],[-8,-114],[17,-49],[55,-91],[56,-187],[33,-60],[45,-58],[6,-27],[-16,-58],[0,-39],[87,-112],[322,-367],[18,-44],[-14,-51],[-31,-52],[-8,-46],[2,-51],[33,-71],[54,-84],[115,-135],[130,-58],[62,-35],[34,23],[40,8],[263,-280],[31,-95],[85,-102],[33,-27],[88,11],[76,-1],[76,25],[97,-2],[41,12],[50,29],[96,85],[148,35],[52,-21],[27,-31],[41,-8],[70,-56],[129,-23],[39,-16],[25,-62],[39,-60],[79,-85],[31,-74],[164,-147],[27,-44],[27,-97],[56,-89],[37,-33]],[[94386,151833],[-2,-12],[-5,2],[-18,-26],[7,-6],[1,-12],[-7,-16],[17,-9],[-5,-8],[-22,-7],[-2,-6],[31,-62],[-2,-22],[-23,-22],[-2,-29],[5,-7],[13,0],[2,-14],[9,-8],[13,1],[5,21],[13,1],[12,-20],[-3,-31],[-11,0],[-5,-20],[4,-17],[-20,3],[-3,-43],[-21,-14],[19,-10],[-9,-28],[20,-47],[-10,-13],[3,-13],[-14,-11],[6,-23],[-11,-27],[0,-18],[7,-4],[14,2],[10,-12],[12,1],[21,-32],[-8,-11],[18,-15],[-13,-44],[6,-5],[11,12],[8,-3],[-3,-20],[9,-5],[11,-17],[26,-1],[-3,-25],[13,0],[4,-6],[-12,-28],[9,-16],[-7,-21],[8,-7],[13,6],[4,-5],[-5,-14],[3,-16],[-22,-11],[-4,-11],[11,-13],[-1,-14],[25,-47],[-9,-22],[-5,-72],[-23,-23],[-2,-17],[-21,-28],[-18,-13],[-48,2],[-7,-12],[-39,-14],[-15,12],[-9,-5],[-26,3],[-16,-11],[-14,7],[-20,25],[-24,5],[2,22],[-13,-10],[-16,14],[-11,-5],[-5,-13],[-13,-3],[-1,21],[-25,-5],[-21,9],[-29,-13],[-25,11],[-14,23],[-56,-22],[-24,-25],[-35,-17],[-27,3],[-15,9],[-2,13],[-21,2],[1,-20],[-8,-3],[-10,6],[-14,-15],[-24,-6],[-33,-66],[-18,-12],[-83,-34],[-11,-12],[-19,-4],[-41,7],[-51,-17],[-61,-32],[-89,-111],[-21,-36],[-32,-13],[-95,-108],[-21,-37],[-16,-55],[97,-77],[35,-22],[22,-5],[124,-168],[107,-132],[39,-63],[-21,-6],[-51,35],[-25,-3],[-90,10],[-61,-22],[-8,-18],[-12,-8],[-3,9],[-30,8],[-22,18],[-31,-8],[-26,-28],[-37,-66],[-1302,-1923],[-16,-64],[-28,-56],[-18,-26],[-41,-28],[-15,-54],[-19,-25],[-49,-124],[-26,-46],[-3,-32],[-37,-28],[-15,-36],[10,-30],[-6,-135],[4,-44],[-21,-195],[-109,8],[-87,-66],[-51,-6],[-22,-8],[-87,-65],[-71,-11],[-20,-33],[-13,-3],[-21,13],[-18,-6],[-2,-8],[-15,-3],[1,-15],[-13,-17],[28,-100],[-36,-22],[-19,-4],[-24,2],[-22,72],[-17,14],[1,25],[-25,21],[-4,14],[-67,8],[-19,15],[-3,33],[11,35],[-5,11],[-14,8],[-35,-3],[-37,14],[-17,46],[-9,6],[-17,0],[-9,-7],[-12,-29],[-22,-17],[-59,-10],[-20,-16],[-16,0],[-30,-25],[-22,1],[-37,42],[-65,12],[-16,22],[-8,77],[-37,21],[-32,-1],[-1,43],[-8,17],[-25,19],[-16,-4],[-26,-22],[-17,-7],[0,-36],[25,-50],[11,-47],[-27,-67],[10,-69],[15,-9],[37,6],[23,-3],[12,-13],[65,-132],[-23,-62],[9,-10],[-5,-20],[28,-6],[42,10],[42,2],[18,-9],[18,-26],[45,-38],[39,5],[19,-18],[4,-50],[20,-34],[32,-29],[11,-20],[-16,-21],[-33,-13],[-10,-16],[-1,-56],[29,-40],[-3,-51],[-22,-68],[-10,-2],[-10,-29],[19,-15],[31,-52],[-13,-25],[-25,8],[-3,-22],[-11,-19],[-27,-10],[-20,-18],[-50,-7],[-10,-41],[10,-55],[-11,-22],[-15,-11],[6,-35],[-14,-49],[-14,12],[-90,-16],[-34,13],[-6,-14],[-6,-28],[8,-29],[-2,-27],[-22,-37],[19,-57],[1,-23],[-32,1],[0,-20],[-8,-17],[-22,-14],[-4,-29],[-40,-43],[-6,-23],[6,-34],[14,-29],[-17,-48],[5,-44],[28,-11],[15,-25],[-12,-26],[-69,-35],[-19,13],[-23,-8],[-20,-26],[1,-58],[43,-32],[15,-36],[-6,-51],[-22,-24],[-5,-20],[-19,-25],[-17,-16],[-77,-14],[-43,-54],[-28,1],[-15,-15],[-4,-13],[-34,-17],[1,-39],[6,-16],[18,-17],[36,-10],[15,-21],[18,-97],[-21,-19],[-48,-9],[-29,-14],[-20,14],[-2,21],[2,14],[24,36],[-1,16],[-59,2],[-20,9],[-10,23],[-18,7],[-42,6],[-15,-11],[-3,-22],[11,-72],[31,-41],[-4,-57],[-14,-49],[-15,-23],[-2,-26],[-21,-39],[0,-29],[-27,-108],[13,-49],[9,-114],[31,-28],[0,-20],[-23,-50],[21,-65],[5,-35],[-17,-24],[-8,-92],[-15,-23],[11,-12],[30,-12],[6,-56],[26,-25],[-2,-34],[-19,-53],[6,-11],[19,-8],[8,-27],[-12,-35],[3,-25],[11,-18],[-9,-43],[6,-56],[-11,-25],[5,-41],[17,-27],[46,-43],[13,-51],[-11,-25],[-31,-6],[-14,-38],[-4,-17],[15,-21],[5,-70],[-49,-42],[-35,-4],[-17,7],[-8,-6],[-2,-55],[11,-45],[14,-21],[45,-1],[7,-17],[-3,-33],[5,-39],[-5,-19],[-14,-19],[-2,-26],[-45,-7],[-12,-12],[-34,-9],[-17,-24],[2,-19],[-64,-5],[-10,-5],[-1,-23],[-10,-5],[-17,16],[-26,-1],[-59,29],[-27,0],[-37,23],[-27,20],[-17,52],[-56,-7],[-23,-11],[-19,-36],[-22,-1],[-27,18],[-2,17],[-15,27],[-28,2],[-22,-12],[-14,-28],[-36,-35],[-36,-12],[-8,-20],[8,-30],[-14,-23],[6,-72],[-11,-5],[-21,15],[-38,6],[-45,-23],[-48,4],[-3,-53],[32,-3],[9,-58],[-9,-13],[-101,-51],[-41,-44],[-23,-6],[-18,10],[-39,-4],[-5,14],[-16,-5],[-11,-22],[-49,-8],[-19,-12],[-34,-22],[15,-27],[-10,-10],[-25,-3],[-38,-28],[-10,-70],[-27,4],[3,-49],[7,-12],[-30,-28],[17,-19],[-20,-31],[-6,-53],[-16,-53],[3,-14],[-11,-12],[-15,-3],[-13,-16],[-4,-56],[-18,-52],[-5,-90],[13,-27],[-5,-28],[8,-25],[-18,-25],[9,-28],[-3,-23],[44,-19],[16,-13],[11,-41],[-14,-12],[-2,-16],[28,-24],[6,-16],[-5,-68],[8,-29],[-30,-39],[6,-62],[8,-23],[-13,-22],[2,-23],[-15,-9],[-4,-10],[-2,-26],[10,-33],[-10,-8],[34,-71],[-4,-14],[-13,-9],[2,-32],[22,-29],[33,-15],[-6,-166],[-6,-11],[-31,-5],[-13,-11],[16,-48],[-30,-43],[-4,-43],[5,-18],[39,-26],[26,-45],[31,-24],[-12,-35],[3,-16],[24,-19],[10,-21],[-24,-51],[4,-16],[19,-16],[2,-11],[-36,-28],[-1,-11],[8,-10],[20,9],[11,-5],[31,-37],[2,-20],[-10,-39],[-19,-13],[-4,-13],[6,-22],[14,-10],[11,-29],[-17,-24],[3,-9],[26,-10],[22,-45],[1,-66],[-29,-18],[-44,-52],[-5,-15],[13,-60],[24,-29],[-2,-11],[-14,-9],[2,-13],[20,-31],[32,-13],[21,-32],[-3,-12],[6,-11],[39,-31],[16,-35],[1,-31],[-18,-35],[7,-12],[20,-6],[3,-31],[-15,-25],[-1,-14],[6,-9],[15,6],[9,-13],[17,-8],[16,3],[5,-8],[12,-46],[-14,-39],[-1,-23],[18,-37],[30,-30],[11,-66],[20,-37],[0,-29],[23,-41],[32,-38],[15,-36],[23,-26],[5,-27],[17,-17],[-3,-26],[5,-14],[92,-125],[42,-10],[31,-29],[50,-103],[30,-79],[6,-46],[-10,-33],[-11,-12],[7,-23],[-35,-26],[-2,-13],[-16,-19],[-19,-9],[-2,-52],[-15,-64],[7,-81],[-21,-41],[50,-102],[36,-117],[-2,-12],[13,-17],[11,-37],[35,-135],[19,-13],[11,-25],[4,-109],[-10,-37],[4,-19],[433,-1043],[141,-325],[23,-67],[48,-100],[158,-387],[12,-45],[-404,-207],[-30,-20],[-59,-11],[-25,-12],[-57,-61],[-46,-1],[-69,-24],[-42,-7],[-65,-19],[-41,-24],[-67,6],[-110,-8],[-54,9],[-20,-13],[-23,-4],[-82,27],[-51,-2],[-42,41]],[[92774,99245],[-66,94],[-155,133],[-173,88],[-120,43],[-433,179],[-272,88],[-183,50],[-140,24],[-155,22],[-409,40],[-1363,246],[-87,8],[-323,2],[-319,-17],[-1072,-110],[-175,-2],[-297,-12],[-44,-13],[-62,-10],[-63,-17],[-208,-85],[-177,-88],[-205,-150],[-255,-200],[-71,-63],[-102,-70],[-93,-47],[-83,-24],[-50,-7],[-56,2],[-108,30],[-33,24]],[[85422,99403],[-55,55],[-34,72],[-13,44],[-3,82],[11,48],[142,258],[45,100],[104,342],[-1,72],[-19,64],[-121,215],[-37,132],[-14,154],[56,298],[33,141],[2,66],[21,145],[67,240],[55,131],[155,228],[67,49],[41,16],[133,33],[167,22],[103,31],[174,73],[247,142],[275,174],[302,167],[57,37],[96,91],[212,264],[46,45],[82,52],[110,24],[65,5],[241,-3],[156,34],[343,93],[47,9],[80,4],[211,-29],[101,8],[54,28],[38,35],[127,223],[25,32],[23,19],[89,39],[33,7],[43,0],[62,-9],[88,-33],[146,-65],[77,-20],[80,-2],[34,6],[67,16],[65,24],[111,54],[342,210],[96,54],[116,54],[53,19],[187,30],[149,32],[120,48],[92,58],[62,64],[38,52],[13,47],[17,95],[2,62],[-12,97],[-84,244],[-2,56],[29,95],[28,50],[55,43],[125,49],[36,2],[55,-15],[125,-56],[131,-24],[136,11],[125,25],[167,48],[60,39],[32,12],[142,93],[149,71],[94,34],[421,113],[97,31],[93,37],[61,36],[61,51],[26,33],[38,87],[17,58],[3,65],[-11,58],[-63,115],[-35,92],[-36,124],[-6,66],[1,79],[11,80],[16,54],[120,244],[19,143],[-43,475],[-29,189],[1,154],[9,63],[40,123],[34,58],[102,73],[184,96],[121,113],[154,167],[64,106],[15,44],[8,56],[-1,88],[-12,37],[-16,22],[-84,67],[-60,22],[-198,23],[-195,-29],[-200,-50],[-106,13],[-37,20],[-76,69],[-35,209],[0,73],[16,44],[54,82],[84,94],[30,51],[3,67],[-73,174],[-14,62],[-1,90],[9,65],[22,86],[89,140],[22,210],[71,213],[24,91],[17,159],[-11,414],[6,113],[40,205],[60,135],[114,216],[20,241],[27,184],[34,139],[13,85],[-5,33]],[[94136,112924],[291,-6],[317,-33],[130,0],[336,18],[145,-5],[346,-28],[184,-24],[116,1],[350,57],[70,20],[111,22],[295,9],[59,11],[432,127],[323,82],[127,62],[70,42],[111,89],[117,142],[208,213],[12,36],[34,8],[41,24],[6,42],[50,34],[25,38],[86,19],[13,14],[68,30],[63,39],[23,6],[173,8],[30,-18],[83,-70],[43,-21],[86,-6],[40,0],[166,48],[84,45],[76,65],[134,164],[116,85],[168,148],[196,207],[63,77],[98,153],[204,281],[75,75],[252,197],[43,40],[76,94],[27,47],[29,108],[8,102],[6,241],[17,103],[91,274],[4,33],[-8,149],[21,33],[103,115],[50,82],[18,80],[6,117],[34,177],[47,155],[45,59],[69,61],[37,4],[141,-33],[79,6]],[[101725,117498],[58,-129],[56,-85],[432,-49],[40,-38],[9,-70],[52,-245],[28,-28],[219,-90],[98,-52],[84,-98],[48,-69],[135,-166],[-5,-43],[21,-37],[0,-33],[8,-21],[34,-38],[33,-74],[54,-56],[70,-20],[16,-16],[23,0],[43,-31],[44,-15],[28,2],[100,-11],[304,26],[34,-61],[132,-407],[-163,-192],[-87,-85],[-135,-159],[-60,-79],[70,-76],[43,-161],[150,-222],[49,43],[32,62],[127,205],[104,-129],[55,-40],[59,-12],[120,4],[144,24],[88,4],[68,18],[92,33],[75,14],[109,31],[127,46],[87,17],[57,-4],[45,-18],[51,-36],[117,-59],[81,4],[32,-16],[124,-27],[117,-4],[77,8],[55,39],[65,83],[31,60],[92,246],[177,153],[128,-1],[121,-19],[43,-37],[25,4],[70,-29],[73,-8],[14,-9],[53,-7],[28,-9],[30,-24],[102,5],[41,149],[224,-47],[247,42],[153,-47],[280,-133],[-277,-176],[-36,-55],[-4,-41],[68,14],[33,-1],[69,22],[62,-5],[332,12],[239,-7],[115,6],[73,-27],[42,-23],[21,-21],[32,-43],[25,-151],[2,-41],[49,-192],[14,-40],[37,-48],[-25,-63],[244,-454],[127,-188],[188,-346],[136,46],[56,26],[57,46],[22,39],[8,96],[32,47],[19,15],[149,62],[164,39],[46,-2],[31,-12],[143,-135],[126,-72],[63,50],[63,83],[23,14],[40,16],[121,24],[41,24],[73,98],[60,42],[119,15],[85,42],[19,-255],[69,-288],[82,-99],[34,-21],[30,-53],[31,-26],[21,-8],[99,-88],[17,29],[34,10],[43,23],[50,43],[75,27],[37,32],[42,20],[61,19],[80,-3]],[[111761,113246],[59,-27],[76,-51],[15,-19],[30,-63],[41,-33],[45,-21],[215,-52],[47,-38],[75,-24],[34,-20],[25,-18],[55,-55],[19,-5]],[[112497,112820],[-66,-325],[-58,-122],[-52,-157],[-40,-144],[-16,-80],[21,-166],[-7,-139],[11,-43],[29,-78],[137,-256],[21,-83],[-2,-120],[-19,-56],[-86,-101],[-37,-24],[-49,-51],[-43,-10],[-41,-110],[0,-38],[-50,-89],[-80,-31],[-48,-33],[-56,-13],[-117,-82],[-75,-73],[-79,-43],[-76,-23],[-111,-76],[-60,-10],[-23,10],[-39,-3],[-46,-21],[-6,-69],[44,-97],[54,-86],[67,-144],[15,-52],[82,-51],[16,-21],[38,-79],[52,-59],[76,-73],[250,-204],[119,-84],[122,-65],[53,-4],[90,168],[97,117],[19,61],[-24,131],[108,15],[-181,254],[21,15],[51,25],[46,9],[364,8],[194,-33],[97,-30],[12,-18],[44,-41],[62,-46],[11,-32],[168,75],[16,85],[44,89],[146,-61],[33,-97],[29,-23],[49,-74],[16,-64],[101,-46],[146,-156],[43,-61],[253,-157],[-19,-152],[-62,-157],[80,-38],[142,-86],[139,-150],[21,-62],[3,-29],[-3,-71],[-14,-32],[-22,-41],[-76,-98],[-36,-79],[-14,-47],[-6,-72],[14,-306],[-21,-65],[-36,-52],[-13,-69],[-24,-17],[-8,-27],[8,-15],[-6,-31],[6,-41],[-4,-18],[27,-32],[23,-117],[65,-226],[24,-155],[-5,-177],[-20,-140],[-25,-91],[-52,-132],[-41,-86],[-97,-164],[-272,-367],[-73,-87],[-66,-128],[-19,-54],[-19,-117],[3,-112],[92,-427],[75,-245]],[[61400,135169],[-906,-142],[-86,-23],[-64,-34],[-29,-27],[-183,-71],[-46,-12],[-183,-21],[-189,-81],[-191,-114],[-89,-84],[-59,-83],[-41,-94],[1,-120],[11,-52],[27,-60],[167,-255],[212,-194],[160,-107],[109,-53],[28,-20],[299,-123],[37,-24],[14,-15],[-12,-1],[-20,-58],[2,-22],[24,-26],[-2,-49],[8,-61],[-13,-21],[-40,-6],[-20,-11],[-8,-41],[-20,-18],[-17,-5],[-46,16],[-6,-3],[-18,-54],[-17,0],[-46,28],[-22,-41],[-52,-47],[-20,0],[-40,14],[-63,-10],[-5,8],[23,47],[-9,9],[-46,-4],[-11,-16],[-3,-51],[23,-49],[-22,-52],[2,-23],[-9,-17],[6,-24],[-4,-29],[-20,-10],[-42,10],[-16,-2],[-9,-14],[-2,-27],[-9,-21],[-19,-12],[-114,38],[-3,-46],[-60,-17],[6,-59],[-40,7],[-28,-19],[-9,-17],[-12,-62],[-24,-6],[-35,25],[-10,1],[-27,-30],[-132,-55],[-22,4],[-35,20],[-79,1],[-21,13],[10,35],[19,28],[-28,85],[-17,24],[-14,-6],[-5,-27],[-38,-10],[-30,-20],[-40,1],[-73,42],[-4,-10],[8,-25],[-20,-12],[-26,6],[-25,17],[-29,0],[-30,-21],[-20,-39],[-12,-8],[-52,-5],[-12,-7],[-20,-30],[-69,-16],[-3,10],[10,32],[-30,23],[-57,60],[-32,18],[-16,-1],[-25,-31],[-8,-20],[19,-20],[58,-32],[11,-43],[-29,-53],[-57,-11],[-51,-61],[13,-21],[26,-23],[3,-11],[-5,-9],[-67,-40],[-32,-8],[-38,-28],[8,-20],[20,-18],[4,-28],[-7,-10],[-35,12],[-9,-7],[6,-33],[27,-41],[-11,-21],[-20,6],[-24,-21],[-9,2],[0,25],[-13,6],[-32,-26],[21,-30],[-9,-5],[-31,5],[-10,-6],[-24,-38],[-25,-17],[-22,59],[-21,22],[-29,7],[-24,-3],[-19,-40],[12,-23],[-1,-13],[-84,-62],[-36,-16],[-42,-58],[-33,-7],[-35,3],[-52,-40],[-45,-16],[-53,-3],[-7,10],[6,17],[-5,21],[-22,21],[-14,-5],[-42,-54],[-30,-20],[-17,-21],[-6,-47],[-15,-13],[-26,-7],[-27,-85],[-32,-32],[-17,-37],[17,-46],[-14,-13],[-35,-8],[-11,-9],[10,-28],[15,-16],[-9,-18],[-21,-10],[-82,-69],[-77,-4],[-48,-39],[-14,-1],[-27,14],[-17,2],[-16,-7],[-5,-75],[-19,-19],[-84,-46],[-12,-3],[-20,4],[-13,12],[-3,19],[-10,10],[-20,-10],[-1,-51],[-7,-15],[-13,-5],[-30,1],[-29,11],[-79,-5],[-36,-10],[-3,-41],[-18,-50],[-28,-66],[-25,-31],[-155,-18],[-87,-47],[-37,-49],[-27,-86],[-15,-84],[-31,-22],[-23,-37],[14,-48],[36,-38],[5,-36],[-29,-34],[29,-75],[0,-14],[-15,-47],[-30,-18],[-32,-84],[-32,-11],[-49,35],[-47,14],[-30,0],[-29,-18],[-36,-45],[-89,31],[-51,-22],[-35,-56],[-3,-26],[5,-2],[25,-99],[-4,-131],[-13,-131],[-10,-38],[-25,-38],[-162,-179],[-149,-193],[-102,-104],[-102,-7],[-106,-56],[-118,-163],[-24,-14],[-70,37],[-103,73],[-47,-29],[1,-82],[-118,-207],[-71,-52],[-62,-8],[-63,15],[-79,-66],[-78,22],[-87,-23],[-31,-111],[-94,37],[-130,-41],[-24,82],[-62,14],[-63,-37],[-47,-44],[-102,-60],[-102,-103],[-79,-67],[-8,-74],[-47,-74],[-31,-7],[-118,14],[-110,-52],[-141,-81],[-78,-22],[-16,22],[-71,-23],[-39,-52],[-86,-14],[-71,-82],[-149,-46],[-806,211],[-550,9],[-618,54],[-1567,807]],[[49002,128819],[-681,367],[-528,276],[-9,15],[-60,151],[-29,168],[-14,150],[3,176],[11,132],[67,496],[-3,-2],[7,106],[5,250],[-10,282],[-29,171],[-31,130],[-42,132],[-82,206],[-49,208],[-13,151],[-93,55],[27,56],[-59,77],[-132,38],[-45,30],[-69,107],[-46,47],[19,38],[-14,21],[-68,5],[-23,68],[-50,43],[-27,77],[-27,40],[-14,44],[-23,7],[-9,10],[-20,5],[-20,-28],[-76,-24],[-28,27],[-32,-6],[-18,-11],[-10,-18],[-34,-22],[-2,-13],[40,-42],[-16,-52],[-42,-46],[-20,-37],[1,-25],[30,-48],[-20,-39],[-79,-13],[-17,-81],[13,-21],[-3,-20],[-10,-26],[-27,-1],[-5,-14],[14,-58],[-45,-3],[-36,22],[-14,-19],[-48,-10],[-26,-17],[-20,-1],[-33,37],[-39,9],[-3,12],[8,3],[37,-7],[28,2],[9,7],[1,15],[-48,58],[-59,-2],[-12,7],[12,58],[-6,23],[-22,32],[2,12],[28,35],[1,13],[-28,22],[44,67],[-2,14],[-18,0],[-79,-75],[-26,-32],[-9,-41],[-41,-17],[-5,-17],[-19,-11],[-3,-24],[29,-18],[0,-11],[-62,-6],[-22,4],[-7,35],[5,10],[11,7],[18,1],[-24,104],[11,26],[-7,23],[-9,4],[-148,-5],[-1,-18],[-30,-45],[-72,-71],[8,-46],[-61,-4],[-34,-48],[-14,-1],[-11,9],[-11,15],[-1,22],[-6,9],[-37,-40],[-5,-19],[12,-26],[-9,-28],[-65,-32],[-44,9],[-17,-7],[-7,-11],[11,-35],[2,-34],[-45,-97],[3,-16],[14,-7],[13,3],[26,29],[14,-5],[1,-13],[-11,-21],[-52,-18],[-41,-33],[1,-16],[19,-30],[-1,-17],[-11,-24],[-32,-25],[0,-14],[24,-46],[-12,-8],[1,-7],[55,-22],[18,-13],[-13,-21],[8,-56],[-3,-21],[-6,-14],[-24,-11],[-57,-49],[8,-40],[15,-25],[-1,-18],[-57,-19],[-3,-12],[-2,34],[-28,18],[-43,-30],[-35,1],[-28,-8],[-13,-16],[-4,-22],[-22,4],[-27,19],[-43,-35],[-16,-24],[-17,-8],[-14,3],[-22,29],[-8,30],[-27,25],[-16,-5],[-16,4],[-23,30],[-25,8],[-17,23],[14,14],[-13,23],[-30,2],[-21,-36],[-7,-29],[-18,-3],[-89,-46],[-6,2],[-12,21],[-13,4],[-21,-66],[-16,-14],[-36,-1],[-56,21],[-10,20],[4,40],[-39,79],[-18,17],[-10,-14],[-20,2],[-40,-33],[-12,-32],[-38,-18],[-20,6],[-5,10],[-10,4],[-23,-1],[-11,-27],[-24,10],[-14,22],[-39,16],[-17,14],[-24,-14],[-7,-1],[-14,17],[-27,-9],[-14,16],[14,22],[-4,11],[-27,7],[-18,18],[-29,-3],[-39,-24],[-28,0],[-23,13],[-18,22],[-15,8],[-25,-1],[-13,-16],[-15,-6],[-24,1],[-12,30],[-23,-3],[-31,5],[-19,-48],[-36,-14],[-26,15],[-33,-24],[3,-21],[-15,-12],[-15,5],[-37,33],[-43,11],[-6,19],[5,31],[-19,10],[-11,-15],[-22,-65],[-64,-21],[-20,-19],[-37,0],[-14,-21],[6,-26],[-7,-6],[-67,25],[-31,-1],[-9,10],[-4,17],[5,14],[-6,8],[-11,-3],[-42,-40],[-17,-23],[-36,-18],[-8,-1],[-9,26],[-14,-10],[-11,-35],[-37,-50],[-8,1],[-20,-18],[-8,-35],[-20,-1],[-37,-59],[-24,-26],[-40,-8],[-41,-21],[-17,-19],[-14,-4],[-34,2],[-39,-19],[-32,21],[-39,-6],[-78,-35],[-35,-7],[-3,6],[-18,-1],[-53,-19],[-22,-21],[-47,-2],[-27,12],[-27,2],[-81,30],[-50,-8],[-74,-23],[-52,-51],[-25,-55],[-45,-35],[-74,-26],[-48,-24],[-87,-5],[-81,10],[-20,-21],[-41,-13],[-34,15],[-85,-11],[-71,-56],[-33,-94],[-18,-34],[-19,-17],[-48,-23],[-89,-17]],[[41267,131009],[19,30],[26,83],[-8,53],[9,23],[68,80],[10,34],[-1,28],[23,36],[65,52],[-1,20],[-28,49],[7,27],[15,19],[43,42],[-3,31],[-58,86],[-5,23],[16,45],[27,31],[84,48],[27,39],[53,39],[75,68],[6,13],[-7,29],[-21,14],[-10,17],[2,33],[57,21],[32,20],[27,69],[1,47],[-38,47],[-7,25],[5,20],[20,53],[27,47],[92,70],[-10,79],[1,42],[-6,15],[-45,14],[-12,33],[2,63],[-12,20],[-37,19],[-4,25],[5,24],[13,17],[56,33],[3,11],[-5,9],[-34,23],[2,13],[22,17],[33,6],[6,6],[13,58],[11,9],[83,46],[22,4],[2,10],[-20,26],[-2,13],[11,13],[40,24],[88,10],[41,12],[10,30],[6,51],[18,6],[70,5],[8,7],[6,10],[-13,65],[25,54],[9,48],[22,55],[16,17],[74,27],[19,22],[0,22],[-18,48],[-21,28],[-41,34],[-71,128],[28,104],[-6,26],[-27,47],[-4,28],[36,70],[-8,85],[4,32],[209,39],[91,39],[33,29],[23,44],[27,32],[46,23],[18,16],[4,42],[-14,161],[3,64],[18,33],[35,26],[66,34],[32,6],[41,-8],[40,-30],[20,-48],[34,-19],[72,31],[10,41],[2,43],[18,34],[55,26],[30,-4],[51,17],[28,4],[27,-16],[45,9],[73,40],[49,3],[49,46],[22,110],[13,34],[6,66],[32,109],[18,33],[139,104],[19,27],[9,28],[3,83],[21,56],[189,176],[98,150],[55,71],[86,86],[135,152],[30,97],[-12,104],[-3,139],[27,104],[10,105],[-2,37],[-18,5],[-40,162],[36,118],[60,161],[3,46],[34,68],[1,21],[-25,64],[9,26],[62,61],[26,52],[5,30],[-2,73],[-20,102],[-12,28],[-14,70],[-48,134],[18,97],[5,101],[-2,34],[-23,67],[-13,24],[-46,43],[-53,77],[-17,13],[-89,55],[-73,27],[-147,92],[-6,16],[10,141],[-12,52],[3,26],[13,29],[9,80],[-13,16],[-18,7],[-84,14],[-60,18],[-12,10],[-6,31],[24,178],[-14,9],[-70,12],[-30,22],[-9,26],[-14,18],[-13,44],[-17,120],[14,41],[52,78],[-63,36],[-45,61],[-28,25],[-85,39],[-49,8],[-33,11],[-16,16],[-7,31],[10,19],[17,25],[77,77],[11,18],[-1,12],[-11,14],[-70,52],[-86,84],[-39,70],[-4,32],[18,51],[0,43],[-25,46],[-8,69],[-20,68],[1,20],[57,48],[33,37],[41,103],[6,71],[19,69],[-54,5],[-32,15],[-185,107],[-158,84],[-10,9],[1,12],[-94,53],[-137,95],[-49,54],[-75,123],[-38,90],[-33,54],[-18,14],[-54,19],[-51,29],[-115,94],[-38,50],[-13,35],[10,59],[48,172],[-15,77],[-18,36],[-23,24],[-49,32],[0,5],[-120,74],[-71,56],[-71,-18],[-72,-31],[-51,-11],[-28,-18],[-35,-12],[-26,-2],[-82,17],[-20,14],[-59,2],[-56,15],[-63,45],[-36,44],[-26,12],[-24,46],[-57,42],[-59,32],[-43,45],[-46,67],[-64,27],[-58,36],[-131,28],[-36,17],[-34,30],[-50,31],[-22,23],[-11,26],[-68,78],[-11,138],[6,49],[27,43],[-6,32],[4,17],[-14,36],[-119,154],[-134,78],[-45,42],[-7,19],[-9,43],[6,47],[-28,103],[31,35],[77,36],[30,22],[38,89],[37,47],[65,42],[56,-3],[44,8],[86,39],[51,38],[56,18],[57,8],[95,-17],[37,2],[12,6],[40,50],[81,126],[3,42],[-7,38],[-38,117],[20,208],[-12,354],[5,67],[38,60],[75,76],[88,149],[-8,96],[0,105],[32,88],[-11,267],[10,41],[71,121]],[[41629,146223],[738,-10],[81,5],[278,-10],[105,3],[25,-4],[151,8],[20,17],[23,6],[47,29],[67,13],[59,25],[26,3],[94,52],[42,6],[41,14],[139,129],[241,4],[50,7],[76,27],[51,35],[70,-39],[13,-33],[45,-16],[22,-17],[63,-14],[36,-18],[25,2],[8,-7],[78,-78],[8,-15],[16,-126],[246,-25],[100,0],[93,13],[120,6],[86,22],[48,4],[36,10],[28,-5],[74,-47],[62,-9],[34,3],[25,-12],[14,-18],[116,-25],[30,-22],[39,-15],[11,11],[5,-11],[10,-3],[32,6],[10,-13],[14,12],[43,6],[33,24],[31,6],[28,-3],[20,-13],[20,6],[21,-18],[22,-6],[82,33],[63,-27],[32,-1],[27,4],[37,29],[24,-38],[-6,-8],[-50,-6],[-35,-20],[-32,-33],[-1,-12],[44,-30],[10,-18],[0,-14],[-17,-15],[-34,1],[-12,-21],[-25,-11],[-15,-39],[66,-15],[31,-27],[10,-33],[44,-39],[23,-7],[33,-24],[8,-29],[31,-10],[13,-14],[43,-85],[18,-6],[29,7],[31,-38],[30,-6],[17,-13],[32,-6],[12,-16],[19,-11],[0,-11],[41,-23],[10,-29],[22,-20],[46,1],[15,-12],[25,-1],[25,-16],[38,12],[19,-9],[91,7],[93,-6],[51,6],[108,53],[35,26],[91,88],[-1,-47],[-17,-95],[1,-20],[11,-7],[-12,-99],[-11,-24],[-51,-47],[-5,-21],[33,-114],[-13,-25],[-14,-10],[-77,17],[0,-98],[-8,-73],[18,-56],[22,-23],[50,-25],[50,-13],[31,1],[62,-23],[18,2],[65,62],[17,5],[68,44],[33,39],[56,31],[71,17],[46,35],[45,-12],[58,-2],[38,-28],[31,-1],[32,11],[77,12],[58,-1],[69,13],[23,-7],[47,1],[41,19],[27,-18],[23,-34],[41,-24],[84,-24],[17,5],[29,-25],[16,-72],[21,-17],[-8,-17],[5,-21],[-4,-18],[4,-42],[9,-10],[0,-11],[45,-38],[23,-46],[32,-36],[-2,-57],[24,-74],[-10,-44],[-19,-24],[2,-20],[-12,-30],[7,-19],[-4,-33],[-50,-49],[-10,-31],[5,-12],[13,-23],[20,-6],[14,-12],[59,6],[13,-10],[23,-36],[61,-27],[10,-67],[9,-9],[23,-6],[22,-18],[5,-45],[14,-17],[18,-6],[35,1],[29,7],[28,25],[11,-2],[12,-40],[29,-38],[7,-50],[12,-13],[16,3],[38,-11],[7,-24],[-11,-30],[32,-47],[10,-40],[48,-35],[17,-27],[11,-2],[19,10],[4,9],[-12,29],[23,42],[6,1],[11,-3],[4,-16],[17,-21],[8,-36],[16,-14],[28,-42],[56,3],[37,74],[9,58],[13,8],[13,-3],[28,-24],[27,-4],[62,-67],[82,-68],[24,10],[24,42],[46,27],[29,-1],[59,11],[97,-27],[66,-4],[15,15],[4,32],[27,12],[15,-18],[14,-6],[57,1],[15,8],[34,40],[63,7],[55,-3],[11,8],[79,20],[7,8],[39,6],[51,88],[25,5],[89,-7],[9,13],[-6,23],[7,14],[48,12],[20,18],[12,-2],[24,-19],[22,3],[7,9],[-1,17],[13,9],[60,-8],[37,-36],[10,-21],[19,-12],[49,-11],[21,18],[13,-5],[9,-29],[20,-22],[4,-15],[-12,-29],[-41,-49],[-5,-11],[5,-17],[31,-30],[42,-7],[9,-9],[-16,-41],[10,-31],[90,-58],[24,-9],[18,3],[26,17],[62,136],[62,43],[33,-7],[20,4],[3,15],[-25,29],[4,18],[41,-4],[47,33],[13,0],[15,-17],[42,-21],[2,-56],[-6,-13],[-18,-15],[-46,-3],[-17,-8],[-9,-18],[8,-28],[38,-33],[82,22],[31,-3],[26,-19],[28,-52],[30,-27],[17,7],[12,24],[25,21],[35,-7],[59,-26],[36,-1],[44,-25],[2,-51],[14,-12],[97,-5],[33,-15],[25,-27],[13,-5],[31,15],[29,3],[45,-43],[18,4],[46,38],[71,-9],[24,23],[60,24],[46,5],[23,-9],[4,-17],[-16,-23],[35,-30],[-10,-21],[5,-25],[80,-42],[7,-13],[-7,-51],[7,-23],[7,-10],[9,-2],[22,7],[20,-22],[24,-65],[4,-28],[-15,-19],[-23,-12],[0,-11],[23,-31],[31,6],[11,-9],[-6,-54],[34,-35],[-16,-26],[1,-12],[66,-69],[29,-17],[78,-6],[29,57],[79,-27],[46,-4],[14,-17],[0,-54],[14,-20],[36,7],[25,27],[33,20],[32,7],[46,-17],[57,6],[79,24],[18,-61],[14,-20],[25,-18],[36,-7],[849,1289],[11,1],[23,35],[31,28],[8,28],[124,168],[81,129],[68,90],[62,108],[230,161],[219,142],[2921,34],[36,-54],[94,-102],[29,-22],[71,-30],[73,0],[168,5],[73,16],[52,17],[71,36],[64,70],[41,71],[901,9],[20,26],[12,54],[19,40],[-10,19],[-2,33],[-33,71],[31,31],[28,83],[48,93],[-227,41],[-94,60],[-2,105],[54,111],[232,182],[219,151],[4,66],[131,214],[219,232],[136,132],[181,106],[143,59],[412,132],[422,104],[383,52],[584,-34],[96,-2],[168,12],[-15,30],[3,17],[38,51],[2,24],[-11,13],[-5,27],[5,20],[-4,19],[-24,31],[-14,2],[-13,38],[-19,11],[-14,18],[0,23],[11,12],[2,14],[-41,69],[0,33],[5,53],[20,1],[1,10],[-13,11],[-63,20],[-98,113],[-39,5],[-21,33],[-27,9],[-69,10],[-2,23],[-24,-4],[-30,11],[-1,38],[-19,19],[-12,44],[18,155]],[[62235,148019],[40,10],[120,3],[107,-5],[51,13],[184,-4],[59,10],[48,24],[366,-5],[63,21],[195,47],[14,11],[54,-17],[37,-1],[63,21],[13,32],[30,7],[41,30],[68,-11],[106,-54],[76,-4],[54,6],[37,39],[49,36],[72,27],[217,25],[123,-2]],[[64522,148278],[26,-52],[71,-92],[134,-124],[92,-70],[43,-47],[25,-92],[35,-24],[84,-19],[32,-37],[25,-13],[39,0],[70,37],[1368,-678]],[[152715,80041],[-14,-9],[-79,31],[-68,-9],[-17,-7],[-11,-15],[-75,-46],[-24,-4],[-14,-23],[-32,-3],[-6,-28],[-40,-49],[-22,1],[-25,12],[-31,-15],[-37,-4],[-16,18],[-21,7],[-37,42],[-29,-19],[-47,-3],[-56,-20],[-35,3],[-19,-22],[-15,-3],[-15,-15],[-108,-32],[-27,15],[-48,3],[-15,-8],[-21,-19],[-2,-38],[-22,-25],[-17,-47],[-9,-7],[1,-28],[12,-14],[-26,-82],[4,-34],[-10,-26],[-39,-31],[-5,-33],[-61,-31],[-19,-22],[-24,-7],[-10,-16],[-55,-21],[-8,-26],[-15,-3],[-13,-21],[3,-10],[-30,-20],[-12,-4],[-17,5],[1,-12],[-28,-26],[-4,-15],[-17,-8],[-27,-29],[-28,-48],[-24,-14],[-27,-3],[-36,-50],[-20,1],[-9,-9],[-3,-33],[-8,-17],[-61,-62],[-50,-24],[-38,-27],[-141,-27],[-26,-18],[-15,-27],[-12,-10],[-42,-5],[-18,-17],[-43,-13],[-11,-20],[-30,-19],[-10,-15],[-20,-2],[-40,-49],[-135,-133],[-357,-311],[-90,34],[-17,-30],[31,-61],[-13,-29],[-10,-4],[-19,-28],[-130,27],[-46,-140],[-29,-9],[-2,-114],[-33,-64],[-157,-84],[-106,-41],[-119,-70],[-2,-6],[-87,-1],[-17,13],[-1810,-825],[-51,-34],[-260,-40],[-250,-19],[-79,2],[-1411,221]],[[145351,76935],[134,1101],[29,111],[24,62],[34,56],[32,46],[58,59],[216,93],[185,42],[30,25],[78,84],[42,65],[26,67],[12,15],[9,-3],[14,26],[32,25],[42,19],[25,22],[12,28],[3,55],[14,31],[35,52],[60,56],[34,80],[25,34],[29,12],[70,46],[60,18],[118,64],[96,63],[61,49],[53,57],[65,96],[54,110],[37,103],[64,107],[182,178],[257,213],[47,46],[42,70],[27,27],[-17,25],[-10,0],[-19,20],[-39,63],[-20,38],[-48,129],[-43,75],[-27,29],[-17,10],[-87,29],[-59,8],[-89,2],[-315,-18],[-169,4],[-281,-17],[-106,6],[114,157],[67,78],[37,85],[71,97],[31,24],[64,80],[18,10],[37,37],[34,51],[81,76],[33,16],[51,48],[70,124],[53,42],[41,69],[70,180],[29,45],[74,54],[45,26],[6,10],[-10,99],[-45,43],[-3,45],[-16,63],[-2,46],[7,136],[23,46],[-5,34],[-54,113],[-3,95],[11,25],[20,19],[63,21],[38,27],[103,50],[31,19],[16,29],[-4,47],[15,35],[-48,96],[-12,39],[-22,101],[-9,111],[-53,128],[-14,46],[-11,81],[1,52],[8,33],[66,159],[58,89]],[[147647,84084],[527,-30],[54,-18],[79,-54],[143,-60],[88,-16],[73,-31],[78,43],[16,13],[3,27],[73,55],[7,18],[0,41],[17,96],[25,65],[26,99],[3,88],[-21,74],[3,33],[-6,39],[34,120],[25,37],[13,83],[33,37],[4,30],[26,43],[15,52],[38,-46],[15,-32],[41,-32],[18,-1],[7,6],[57,11],[29,-1],[102,-54],[48,-19],[59,-37],[92,-31],[46,-35],[96,-36],[22,-2],[23,-22],[27,-4],[14,-13],[2,-13],[25,-19],[9,-14],[23,-50],[10,-49],[18,-33],[18,-221],[28,-50],[-7,-31],[2,-43],[-18,-87],[3,-56],[80,-88],[21,-37],[200,-148],[35,-19],[106,-37],[133,-28],[382,5],[61,10],[70,29],[59,-16],[50,9],[21,24],[5,27],[11,8],[112,35],[105,-21],[108,-33],[110,-14],[39,-36],[48,-84],[116,-57],[68,-60],[40,-44],[47,-14],[30,-23],[17,-4],[8,-20],[56,-46],[25,-64],[45,-32],[45,-78],[50,-48],[50,-26],[47,-13],[20,-12],[130,-128],[33,-22],[209,-60],[155,-53],[127,12],[72,28],[32,24],[36,15],[39,6],[23,13],[37,6],[20,20],[73,-4],[217,-88],[276,-137],[27,-19],[75,-96],[28,-47],[42,-104],[3,-52],[49,-177],[25,-308],[14,-72],[45,-158],[9,-75],[-4,-59],[23,-47],[20,-68],[-6,-39],[53,-67],[49,-128]],[[154183,81115],[-24,-17],[-106,-112],[-21,-31],[-24,-14],[-113,-3],[-33,-9],[-13,-11],[-24,-35],[-2,-24],[-40,-21],[-43,-40],[17,-77],[-7,-30],[-11,-1],[-8,-9],[-30,-73],[-48,-26],[-25,-25],[-66,-114],[-67,-76],[-39,-25],[-41,-6],[-139,5],[-113,-14],[-161,-38],[-99,-49],[-70,-10],[-23,-12],[-30,-35],[-20,-56],[-14,-10],[-31,-43],[0,-33]],[[168041,82121],[-236,24],[-21,-40],[-2,-19],[12,-16],[2,-15],[-72,-20],[-19,-17],[-42,-20],[-23,-43],[-36,-40],[-30,-72],[-15,-20],[-31,-88],[4,-20],[-9,-16],[-2,-21],[3,-22],[-19,-46],[-4,-41],[-98,-160],[-33,-72],[-36,-24],[-11,-21],[-46,-35],[-73,-32],[-20,-15],[-75,-91],[-30,-53],[-35,-19],[-52,-57],[-18,-56],[2,-16],[-12,-68],[-14,-16],[-21,-50],[-21,-15],[0,-12],[-35,-46],[0,-29],[23,-64],[1,-36],[-9,-20],[-82,-91],[-11,-55],[-1,-48],[-19,-47],[-30,-29],[2,-52],[-45,-60],[-26,-75],[-6,-80],[-23,-49],[5,-85],[-45,-132],[20,-173]],[[166627,79586],[-109,-16],[-139,-36],[-278,-34],[-19,-19],[-73,-42],[-20,-23],[-52,-11],[-17,-10],[-70,-10],[-82,-32],[-179,-17],[-103,9],[-76,-14],[-88,12],[-49,26],[-116,-31],[-265,0],[-91,-30],[-73,9],[-42,-9],[-68,-76],[-177,-146],[-13,-23],[52,-86],[35,-29],[81,-33],[55,-35],[4,-27],[-131,-76],[-171,-139],[-43,-23],[-115,-33],[-60,-1],[-52,-30],[-73,-24],[-155,-37],[-31,-14],[-28,-23],[-26,-47],[-7,-33],[-25,-22],[-65,-5],[-40,-11],[-34,11],[-98,92],[-13,37],[-23,27],[-38,33],[-35,18],[-22,5],[-20,-6],[-24,-18],[-9,-17],[-24,-22],[-30,-18],[-46,-46],[-19,-5],[-32,22],[-93,90],[-12,6],[-117,6],[-23,-6],[-17,-6],[-24,-23],[-5,-28],[1,-43],[39,-10],[27,-32],[28,2],[7,-22],[20,-15],[3,-10],[-31,-115],[-10,-66],[-44,-54],[-27,-7],[-69,0],[-70,-8],[-95,14],[-61,23],[-37,6],[-25,-3],[-36,-80],[-32,-40],[-95,-36],[-199,-25],[-34,-19],[-8,24],[-36,43],[-4,34],[-55,110],[-4,86],[-10,50],[10,271],[-32,48],[2,38],[8,26],[0,26],[-8,7],[-2,17],[-8,6],[-45,-13],[-72,28],[-24,-8],[-64,-7],[-29,-14],[-11,-11],[-28,11],[-10,-4],[-15,5],[-6,34],[-17,-1],[-9,7],[9,29],[-10,7],[-30,1],[-40,15],[-11,-13],[3,-33],[-40,2],[-64,-42],[-1,-14],[-7,-3],[-17,22],[-25,6],[-28,37],[-58,138],[-10,-6],[-39,15],[-22,-4],[-73,-29],[-162,-117],[-107,-95],[-35,-12],[-92,-46],[-206,-128],[-65,-61],[-49,-58],[-44,-163],[-17,-19],[-34,-76],[-35,-42],[-53,-49],[-50,-40],[-41,-22],[-8,-42],[6,-32],[-5,-10],[4,-51],[-50,-5],[-128,8],[-61,-20],[-57,-63],[-65,-98],[-51,-30],[-86,-14],[-93,-35]],[[159611,77568],[-22,1],[4,20],[-4,14],[-11,15],[-14,2],[-9,19],[-2,35],[-7,11],[7,27],[-25,40],[0,14],[10,18],[18,-11],[12,3],[0,12],[-19,48],[-24,26],[1,17],[-14,36],[-29,15],[-9,41],[5,27],[-7,34],[4,38],[-11,28],[-14,-1],[-4,14],[0,29],[7,8],[-5,35],[-6,6],[2,46],[-40,26],[0,16],[-23,35],[-29,1],[-7,5],[-41,71],[-8,25],[-22,24],[-8,32],[-62,25],[-29,33],[-5,15],[0,14],[17,14],[0,32],[16,35],[-19,37],[-2,61],[5,13],[33,10],[14,13],[3,10],[-10,54],[23,96],[21,12],[7,19],[25,28],[18,4],[9,26],[17,10],[33,32],[9,11],[5,33],[7,10],[18,15],[39,-12],[10,2],[12,6],[24,39],[20,11],[23,4],[45,39],[60,88],[30,30],[11,41],[10,12],[33,10],[30,19],[5,33],[-15,27],[-1,31],[24,57],[14,58],[99,86],[149,87],[51,79],[46,44],[10,17],[61,49],[74,103],[43,41],[127,95],[33,31],[8,12],[10,81],[-1,43],[-25,38],[-62,37],[-8,14],[-4,28],[4,28],[24,51],[20,25],[50,25],[32,23],[11,25],[9,56],[32,113],[51,77],[8,48],[19,25],[26,17],[93,30],[104,136],[131,98],[102,5],[29,-10],[51,-47],[15,-2],[102,43],[43,12],[12,16],[18,81],[-4,29],[21,111]],[[161408,81527],[60,-28],[21,-19],[28,0],[5,12],[19,-13],[31,-4],[14,3],[35,54],[62,4],[99,21],[29,-17],[22,7],[44,26],[15,-1],[50,-20],[65,-14],[27,-20],[47,-21],[15,-3],[47,14],[21,-5],[53,-31],[55,-14],[18,-1],[28,17],[16,0],[67,-16],[119,-3],[137,-31],[28,22],[32,45],[3,27],[-33,130],[-7,114],[12,49],[77,185],[25,16],[125,-21],[135,101],[32,17],[16,0],[60,-72],[51,-11],[167,-15],[155,-46],[56,13],[133,57],[106,-15],[83,48],[9,13],[11,4],[52,-4],[33,7],[50,32],[37,1],[65,-5],[59,-39],[63,-15],[50,-49],[23,-11],[31,-3],[73,24],[123,21],[67,-21],[56,-2],[105,-23],[124,-34],[23,-14],[47,-8],[54,10],[62,-6],[110,40],[153,27],[64,-13],[62,-20],[63,-59],[20,-12],[30,-8],[58,-1],[63,13],[88,0],[62,16],[26,12],[78,13],[64,-32],[49,-48],[50,-93],[21,-74],[13,-21],[61,-41],[96,-27],[13,-14],[157,53],[203,118],[37,31],[80,117],[101,86],[33,41],[132,87],[43,24],[129,35],[190,63],[237,107],[72,26],[50,53],[30,68]],[[167868,82513],[-38,94],[38,-6],[105,-43],[77,-54],[88,-49],[25,-20],[3,-21],[-22,-57],[-76,-141],[-27,-95]],[[149240,65369],[-48,0],[-28,-89],[-33,-66],[-29,-32],[-46,-95],[-30,-105],[-13,-38],[-16,-21],[-5,-38],[10,-92],[-11,-62],[35,-57],[3,-34],[-22,-19],[-18,-3],[-24,-27],[-19,-10],[-5,-15],[-53,-36],[-61,-64],[-192,-149],[-115,-74],[-69,-60],[-33,21],[-45,85],[-25,28],[-23,15],[-86,21],[-7,12],[1,31],[-7,35],[-19,17],[-76,17],[-132,-65],[-49,-62],[-32,-54],[-17,-65],[-2,-100],[-31,-10],[-24,20],[-38,16],[-27,-3],[-29,-34],[4,-47],[12,-19],[13,-68],[-2,-43],[-126,-225],[-38,-49],[-53,-35],[-57,-46],[-72,-77],[-93,-185],[-96,-136],[-17,-11],[-32,-5],[-37,-22],[-27,-22],[-31,-54],[-121,-80],[-87,-27],[-49,-34],[-66,-27],[-6,-7],[-34,-4],[-19,-24],[-24,-57],[-30,-49],[-53,-29],[-17,-17],[-18,-32],[-3,-28],[15,-87],[18,-29],[4,-136]],[[146608,62397],[-117,60],[-67,46],[-163,137],[-52,-119],[-52,-93],[-124,-118],[-208,-295],[-208,-427],[-133,-188],[-143,-172],[-19,-33],[-27,-74],[-43,-40],[-37,-81],[-28,-15],[-25,-25],[-10,-32],[-17,-23],[-78,-8],[-57,-19],[-60,-11],[-68,-59],[-18,-57],[-29,-27],[-6,-39],[-19,-18],[-21,-74],[-25,-32],[-7,-34],[-36,-55],[-21,-59],[-21,-21],[9,-12],[-10,-22],[-2,-27],[-53,-72],[-6,-24],[-37,-32],[-36,-61],[-6,-43],[-12,-23],[-76,-58],[-29,-48],[-141,-87],[-18,-5],[-43,-32],[-21,-4],[-73,-60],[6,-60],[-33,-42],[14,-31],[-28,-74],[-55,-41],[-7,-93],[-56,-39],[-17,-56],[-91,-151],[-114,-130],[-176,-235],[-70,-36],[-56,-48],[-25,-42],[-28,-72],[-153,-39],[32,-94],[84,-162],[19,-49],[21,-77],[-4,-120],[-13,-113],[-10,-29],[-71,-127],[-24,-31],[-43,-40],[-12,-25],[-25,-27],[-39,-28],[-49,-15],[-127,6],[-163,25],[-35,-6],[-113,-48],[-158,-144],[-76,-85],[-54,-78],[-83,-95],[-118,-98],[-72,-46],[9,-4],[-126,-75],[-368,-80],[-325,-13],[-33,-11],[-156,19],[-210,-33],[-167,-43],[-347,-50],[-281,-17],[-372,-2],[-146,-13]],[[139571,56765],[13,279],[-6,269],[-151,82],[-70,16],[-11,28],[-7,45],[80,377],[-28,125],[0,62],[29,76],[49,73],[318,194],[36,9],[64,46],[68,128],[31,8],[44,-1],[74,30],[32,23],[22,6],[-23,46],[-21,25],[-9,36],[-24,47],[1,45],[-38,36],[-8,22],[-67,49],[-15,22],[-4,34],[3,21],[17,27],[9,58],[17,34],[21,89],[5,110],[36,127],[-17,291],[48,90],[-10,45],[-15,23],[-2,29],[-32,72],[-7,46],[-11,13],[3,10],[-106,49],[-60,-10],[-34,13],[-104,14],[-41,24],[-48,5],[-62,-3],[-16,9],[-44,-3],[-107,6],[-28,7],[-72,0],[-21,-21],[-29,-4],[-66,31],[-112,22],[-20,0],[-41,-5],[-46,-24],[-52,-42],[-24,-37],[-66,-67],[-79,-47],[-70,-8],[-19,11],[-35,70],[-27,23],[-72,38],[-19,18],[-34,14],[-2,15],[-36,42],[-42,16],[-18,16],[-20,44],[-52,48],[-2,32],[21,39],[8,35],[-16,50],[-3,44],[-29,4],[-56,27],[-46,-1],[-46,25],[-29,0],[-89,56],[-37,46],[-9,23],[-1,47],[-58,97],[-291,427],[-43,55],[-53,30],[-162,61],[-20,24],[-72,264],[-20,7],[-29,-5],[-28,-18],[-24,-8],[-57,-52],[-16,-3],[-92,78],[-28,16],[-51,0],[-23,17],[-35,48]],[[136855,61816],[-2,58],[-14,28],[-24,84],[17,92],[-12,32],[12,12],[4,50],[21,46],[-5,54],[16,40],[0,11],[-15,19],[-3,16],[15,52],[-4,14],[29,46],[35,31],[22,46],[40,17],[26,33],[52,24],[28,66],[55,68],[24,40],[-5,75],[-30,78],[3,38],[-22,11],[-27,29],[-2,27],[9,42],[-30,185],[6,33],[-20,7],[-13,53],[-1,30],[23,25],[-18,40],[-1,25],[-12,16],[-1,26],[-11,15],[-10,49],[0,14],[21,37],[3,18],[-18,29],[8,34],[-21,61],[5,85],[100,98],[25,7],[15,11],[14,41],[37,41],[51,18],[11,17],[12,2],[14,17],[65,111],[68,167],[15,25],[82,67],[6,35],[-7,43],[60,48],[68,35],[25,41],[85,68],[10,24],[43,44],[11,35],[13,10],[93,51],[48,3],[41,16],[69,69],[29,45],[31,28],[96,41],[38,41],[244,173],[58,34],[30,36],[25,16],[2,25],[64,97],[10,149],[40,109],[23,21],[22,36],[28,140],[-7,65],[13,44],[-6,100],[23,76],[-2,67],[-4,28],[-32,26],[1,32],[9,26],[-1,50],[-7,35],[-17,18],[-3,24],[23,59],[12,62],[21,32],[9,34],[14,88],[5,85],[53,80],[5,35],[42,35],[27,32],[108,170],[-1,80],[-12,71],[-35,34],[-24,38],[-27,79],[-2,23],[7,26],[-8,17],[-10,85],[10,22],[-14,28],[19,51],[-1,25],[14,28],[-25,51],[1,39],[16,27],[30,15],[42,6],[22,18],[14,3],[10,-7],[27,3],[39,31],[23,3],[12,11],[21,43],[3,55],[8,27],[-7,56],[-40,91],[-12,47],[-11,8],[-25,5],[-20,19],[-3,102],[-32,27],[-56,28],[-35,57],[-21,3],[-72,150],[-58,182],[-30,76],[-14,66],[21,5],[-22,12],[-85,129],[-60,46],[-78,27],[-28,27],[-41,56],[-120,101],[-40,46],[-51,28],[-46,37],[-21,17],[-15,26],[-54,13],[-23,30],[-71,61],[-118,69],[-44,3],[-24,24],[-19,-1],[-28,-13],[-63,22],[-32,-13],[-35,5],[-37,-17],[-17,-1],[-32,15],[-71,18],[-60,-2],[-32,9],[-24,-5],[-36,44],[-28,-4],[-18,10],[-13,-8],[-19,2],[-12,12],[-2,16],[-14,11],[0,10],[48,24],[44,13],[47,25],[71,20],[22,22],[3,19],[20,6],[12,19],[23,15],[25,48],[57,32],[17,22],[27,12],[16,18]],[[137751,70326],[35,-25],[207,33],[41,-8],[114,0],[54,-26],[103,-37],[44,7],[45,-5],[75,11],[22,-13],[33,0],[41,-21],[25,-5],[55,5],[26,-23],[42,-2],[12,-19],[40,-4],[20,-16],[150,3],[50,-59],[131,-59],[25,-35],[29,-24],[4,-13],[24,-14],[40,-6],[28,-24],[48,-20],[18,-21],[37,-18],[55,-40],[7,-16],[28,-9],[28,-34],[21,-3],[16,-16],[2,-13],[55,-56],[121,-37],[33,-22],[34,-13],[390,-126],[66,-25],[269,-130],[42,-5],[66,3],[256,100],[256,85],[60,27],[121,72],[102,92],[36,60],[67,91],[130,68],[66,12],[31,-3],[53,-32],[46,-52],[267,-333],[124,-140],[51,-81],[82,-94],[53,-44],[113,-68],[5,-13],[119,-33],[38,-68],[-8,-19],[3,-12],[50,-42],[52,-24],[54,-44],[38,-21],[31,-10],[128,-3],[205,10],[1731,361]],[[144962,69188],[-5,-70],[6,-65],[95,-16],[63,-30],[73,15],[179,63],[39,2],[69,-23],[211,-158],[28,-7]],[[145720,68899],[56,-129],[140,-112],[24,-10],[58,-1],[94,10],[31,-7],[39,-21],[82,-84],[17,6],[57,-5],[34,-17],[29,-45],[24,-6],[17,13],[13,0],[19,-11],[30,-72],[-11,-45],[-24,-22],[-31,-8],[-12,-17],[-15,-50],[-1,-61],[-11,-59],[57,-76],[38,-32],[38,-8],[9,-9],[14,-18],[-8,-10],[11,-28],[-37,-42],[-8,-5],[-27,7],[-8,-8],[0,-24],[-19,-31],[-21,-22],[-4,-12],[-14,1],[-8,-45],[-12,-5],[-5,-9],[-4,-50],[26,-30],[5,-24],[20,-14],[16,-29],[12,-2],[45,-111],[-13,-24],[3,-10],[39,-17],[2,-60],[-14,-18],[41,-21],[14,-18],[18,-102],[-5,-32],[23,-33],[-1,-11],[-18,-24],[4,-15],[23,-22],[47,-29],[15,-17],[-20,-41],[25,-72],[20,-11],[-1,-20],[12,-13],[-7,-74],[9,-10],[36,0],[12,-9],[-13,-30],[70,-94],[1,-35],[17,-77],[13,4],[34,-3],[4,-8],[-2,-33],[12,-26],[-33,-51],[8,-23],[-2,-43],[14,-10],[40,16],[24,-3],[33,-16],[51,-10],[18,0],[12,7],[57,-31],[-6,-25],[-32,-4],[-31,-23],[-7,-14],[7,-9],[31,-3],[33,-38],[6,-10],[-3,-15],[-12,-12],[-2,-11],[31,-43],[15,23],[24,-2],[8,-10],[42,-5],[5,-6],[-11,-32],[23,-11],[-1,-11],[-26,-10],[-21,-35],[2,-13],[-24,-20],[-7,-26],[25,-22],[15,-39],[38,-3],[24,-11],[20,5],[13,-8],[13,-23],[0,-30],[45,-58],[15,-38],[7,-45],[19,-7],[8,4],[36,-5],[11,-13],[5,-26],[66,-5],[37,31],[24,4],[67,-30],[81,3],[27,-16],[26,-4],[30,-28],[24,10],[14,-5],[3,8],[12,3],[8,-10],[10,6],[16,-5],[3,-35],[14,-16],[39,-4],[79,-19],[48,37],[56,1],[27,-9],[15,4],[10,20],[49,-29],[3,13],[13,9],[12,-3],[4,-24],[9,-14],[31,-12],[46,-12],[12,0],[10,10],[10,-6],[-4,-10],[9,-5],[18,6],[9,-4],[12,17],[13,5],[25,-7],[50,-36],[34,-10],[22,-16],[16,1],[8,11],[18,-1],[42,-11],[44,-28],[37,3],[7,24],[18,1],[46,-28],[36,4],[8,6],[-1,23],[8,11],[15,1],[12,-12],[-3,-12],[11,-6],[19,25],[45,-15],[5,17],[-15,12],[12,23],[13,-12],[13,-2],[-1,-9],[16,-22],[18,-1],[10,11],[-12,37],[7,6],[32,-22],[20,5],[44,-5],[10,6],[13,-6],[5,11],[11,-1],[-6,-22],[-9,-4],[-10,-38],[9,-3],[12,8],[1,-10],[18,-10],[4,-22],[13,3],[25,22],[14,-14],[-3,-14],[10,-5],[4,-12],[-19,-18],[12,-7]],[[29915,33495],[-163,-3],[-279,-25],[-26,5],[-46,-2],[-68,36],[-28,29],[-25,38],[-53,36],[-38,-2],[-60,-21],[-84,17],[-174,-49],[-96,-40],[-103,8],[-19,-4],[-26,-13],[-78,-110],[-20,-16],[-45,-11],[-239,24],[-42,13],[-146,94],[-20,5],[-12,-15],[-17,-64],[-59,-69],[-19,-48],[-36,-59],[-22,-14],[-29,12],[-62,78],[-15,12],[-74,28],[-44,16],[-128,-17],[-32,-13],[-33,-29],[-12,-20],[-42,-103],[-136,-262],[-34,-45],[-24,-54],[-61,-76],[-12,-24],[-1,-49],[-12,-20],[-16,-17],[-99,-8],[-89,-18],[-44,38],[-28,60],[-25,27],[-27,6],[-25,24],[-90,152],[-18,18],[-18,2],[-17,-1],[-47,-38],[-44,-15],[-18,-20],[-85,-64],[-26,-8],[-33,1],[-50,-26],[-15,0],[-17,11],[-24,46],[-13,12],[-44,10],[-81,-31],[-74,-20],[-142,-83],[-13,-26],[-6,-41],[-16,-26],[-20,-11],[-40,0],[-51,14],[-98,11],[-40,-13],[-26,-24],[-47,-21],[-135,31],[-112,5],[-55,36],[-41,46],[-38,66],[-15,71],[8,76],[-1,56],[-6,30],[-15,24],[-27,24],[-61,13],[-27,14],[-20,18],[-71,128],[-72,86],[-34,28],[-36,17]],[[24797,33359],[-67,14],[10,57],[-12,34],[-32,49],[-48,25],[-71,14],[-106,-10],[-38,-17],[-25,-2],[-279,20],[-32,-5],[-22,-11],[-59,-67],[-23,-14],[-49,-49],[-31,-3],[-51,24],[-91,18],[-81,55],[-163,66],[-32,4],[-66,-27],[-44,13],[-69,47],[-32,8],[-48,3],[-100,38],[-82,9],[-114,22],[-18,-1],[-45,17],[-130,59],[-89,88],[-91,55],[-70,29],[-84,19],[-131,60],[-47,28],[-43,48],[-36,30],[-62,1],[-22,7],[-48,45],[-35,66],[-28,28],[-67,46],[-29,10],[-80,13],[-62,37],[-58,59],[-50,39],[-6,12],[-4,28],[9,21],[-22,42],[-1,15],[18,48],[-46,61],[-10,54],[-25,63],[-23,-4],[-15,-26],[-17,-17],[-8,-29],[-6,-4],[-85,-20],[-17,18],[-10,73],[-16,12],[-27,-6],[-10,4],[-22,72],[-26,39],[-23,22],[-3,29],[-33,19],[-21,-17],[-48,19],[-31,6],[-20,-78],[-18,-22],[-83,-28],[-18,-12],[-22,-27],[-9,8],[-16,54],[8,33],[-15,11],[-50,0],[-15,13],[-12,34],[-15,14],[-16,2],[-39,-16],[-52,-2],[-32,-20],[-16,-1],[-14,12],[21,10],[4,10],[-28,3],[-7,15],[-21,-4],[-45,25],[-34,11],[-5,7],[4,15],[-11,7],[-42,-26],[13,-7],[7,-27],[-87,-21],[-40,1],[-56,19],[-37,5],[-83,-3],[-95,28],[-48,4],[-79,32],[-91,55],[-86,66],[-72,71],[-42,10],[-118,-4],[-140,24],[-153,7],[-108,15],[-70,-28],[-188,-24],[-76,3],[-75,19],[-126,17],[-168,97],[-206,86],[-135,92],[-214,173],[-26,12],[-75,15],[-59,55]],[[17736,35831],[51,74],[25,21],[35,5],[31,-6],[165,-82],[352,-282],[326,-105],[294,-69],[367,-14],[210,-38],[40,6],[23,35],[11,49],[2,117],[-11,103],[-202,203],[-42,-36],[-10,-46],[-25,-36],[-38,-36],[-32,2],[-20,15],[-27,-6],[-16,-16],[-60,-2],[-14,-8],[-55,13],[-34,-5],[-92,23],[-25,-10],[-20,8],[-19,18],[-18,4],[-19,-1],[-40,-32],[-29,-9],[-37,43],[-20,0],[-37,-15],[-111,33],[-46,7],[-38,20],[-45,33],[-20,22],[-7,55],[-11,13],[-56,21],[-33,34],[-32,14],[-35,35],[69,128],[291,76],[73,9],[25,15],[35,10],[69,-4],[71,10],[-37,161],[-91,195],[-104,278],[7,111],[-1,393],[150,49],[104,-5],[186,-22],[153,7],[206,-6],[301,-32],[260,-62],[39,-18],[11,16],[13,-2],[9,-4],[-15,-27],[4,-15],[9,-7],[7,2],[17,18],[24,11],[10,29],[12,9],[-6,10],[9,13],[-11,54],[-39,54],[11,49],[29,24],[2,24],[-5,19],[6,16],[11,10],[7,25],[45,25],[23,5],[3,26],[12,22],[2,27],[24,21],[2,27],[24,31],[-3,14],[22,38],[-2,24],[5,5],[12,-5],[5,5],[9,33],[-4,26],[20,22],[2,21],[14,21],[28,17],[7,13],[5,46],[41,16],[18,0],[25,-16],[36,-7],[17,9],[9,-7],[8,-43],[6,-3],[22,4],[19,-12],[8,1],[32,59],[10,41],[16,-1],[69,56],[-15,18],[-47,21],[-76,67],[-31,44],[-4,17],[-25,20],[-7,27],[-63,23],[-44,46],[-11,46],[-1,37],[-6,9],[-29,15],[-43,-7],[-20,7],[-36,-1],[-22,8],[-26,31],[-8,23],[7,101],[-15,18],[-82,51],[-110,41],[-30,35],[-4,18],[9,53],[-36,34],[-19,4],[-22,-5],[-39,-44],[-19,-6],[-25,4],[-31,27],[-5,21],[24,64],[-13,27],[-31,14],[-97,6],[-31,28],[-45,9],[-8,9],[-1,42],[-14,38],[20,3],[15,10],[17,27],[3,24],[-13,38],[23,-22],[45,-14],[21,-16],[32,-6],[27,-13],[24,-28],[72,-57],[19,-3],[58,8],[115,-5],[32,4],[85,28],[78,44],[54,43],[78,50],[88,33],[76,47],[176,31],[178,43],[114,68],[45,59],[22,-25],[46,2],[8,-9],[32,-2],[55,-31],[22,-52],[42,-54],[30,-102],[8,-157],[71,-49],[36,-44],[49,-11],[91,3],[31,-5],[23,6],[22,-1],[-4,-29],[10,-15],[41,7],[37,-11],[49,31],[38,-3],[74,-67],[43,28],[134,65],[36,80],[26,127],[42,154],[14,124],[22,78],[-8,21],[-36,24],[-17,24],[-7,37],[36,72],[34,19],[8,10],[53,29],[23,2],[8,12],[17,7],[66,16],[11,11],[151,-31],[59,-39],[12,0],[29,-44],[59,-33],[82,-6],[59,39],[6,100],[-29,66],[17,45],[59,27],[94,11],[182,39],[88,33],[212,56],[129,61],[100,33],[274,129]],[[24056,40429],[-6,-18],[336,193],[76,17],[54,26],[126,79],[11,44],[22,31],[94,58],[65,56],[79,35],[15,17],[22,55],[46,50],[26,16],[56,-3],[9,15],[0,25],[22,15],[16,-3],[34,-52],[73,-47],[20,-28],[30,-89],[35,-45],[81,9],[70,44],[69,29],[102,17],[122,30],[60,1],[39,-12],[87,-8],[49,30],[36,9],[48,-7],[59,3],[36,-13],[40,-5],[28,-25],[12,0],[28,26],[155,-5],[35,-14],[27,-15],[89,-70],[25,-26],[21,-36],[27,-70],[40,-174],[63,-207],[37,-204],[26,-59],[60,-88],[34,-35],[79,-61],[55,-67],[154,-216],[130,-254],[63,-146],[45,-57],[94,-41],[114,-63],[388,-185],[33,-36],[53,-38],[24,-73],[27,-44],[59,-79],[49,-53],[7,-21],[-2,-33],[-56,-107],[-12,-42],[-6,-57],[1,-19],[27,-86],[20,-39],[35,-42],[408,-1],[16,-56],[79,-77],[32,-18],[57,-19],[190,-27],[77,3],[59,20],[16,16],[92,-7],[27,-15],[83,15],[25,-9],[31,4],[297,100],[-14,45],[-35,64],[-131,168],[-46,89],[-13,39],[-51,74],[-35,96],[5,24],[23,21],[50,20],[44,8],[58,42],[18,-3],[20,-35],[54,-39],[59,-7],[39,3],[138,23],[120,-30],[36,5],[63,37],[37,30],[45,89],[15,51],[32,31],[75,42],[60,17],[69,13],[75,5],[39,13],[38,-18],[80,-55],[56,-6],[31,-13],[54,-36],[15,-2],[60,13],[74,30],[100,4],[44,62],[16,11],[20,3],[22,-6],[38,-29],[90,-52],[13,-12],[48,-28],[43,-36],[46,-8],[51,1]],[[31580,38829],[14,0],[108,-48],[201,-65],[122,-97],[-72,-72],[-63,-85],[-47,-79],[-79,-75],[-178,-102],[-86,-61],[-98,-84],[-24,-41],[-26,-65],[-10,-155],[-16,-92],[25,-77],[46,-39],[0,-34],[10,1],[70,-171],[74,-144],[44,-157],[37,-242],[-4,-125],[-22,-273],[-26,-210],[-32,-137],[1,-68],[40,-290],[1,-168],[-9,-135],[-12,-72],[-33,-100],[-108,-463],[-10,-19],[-68,-25],[-85,-55],[-100,-78],[-34,-5],[-122,2],[-42,-20],[-49,-164],[-14,-35],[-42,-58],[-14,-33],[-27,-177],[-15,-40],[-24,-27],[-106,-27],[-119,-42],[-119,-75],[-89,-32],[-39,-26],[-60,-60],[-60,-90],[-29,-28],[-86,-35],[-77,-19],[-36,-16],[-42,-7],[-29,2],[-2,-25],[12,-29],[-3,-37],[17,-29]],[[125858,58487],[-1268,-761],[-287,-156],[-496,-231],[-257,-155],[-94,-69],[-44,-22],[-71,-60],[-220,-149],[-49,-23],[-626,-361],[-208,-111],[-80,-51],[-49,-51],[-50,-107],[-16,-208],[146,-1020],[3,-30],[-8,-46],[-685,-663],[-192,-202],[-194,-237],[-173,-336],[-62,-71],[-253,-213],[-91,-69],[-168,-105],[-761,-680],[-67,-85],[-308,-449],[-104,-120],[-326,-276],[-115,-90],[-325,-194],[-277,-146],[-170,-72],[-263,-95],[-95,-30],[-97,-10],[-72,-15],[-350,-169],[-317,-225],[-156,-135],[-48,-81],[-163,-161],[-254,-165],[-186,-134],[-148,-119],[-265,-191],[-415,-245],[-112,-54],[-397,-164],[-370,-128],[-177,-48],[-409,-44],[-267,9],[-119,18],[-310,80],[-191,85],[-142,89],[-84,63],[-159,195],[-54,110],[-141,9]],[[112152,49313],[-168,866],[-14,94],[-342,816],[688,2050],[66,-2],[26,19],[94,355],[-5,342],[13,107],[-4,108],[22,59],[38,51],[57,46],[51,73],[-46,98],[15,42],[108,99],[10,69],[-39,49],[-44,37],[-7,43],[93,72],[90,40],[26,31],[-13,59],[-24,22],[-69,147],[-3,40],[56,67],[59,90],[38,103],[31,130],[-8,78],[-54,50],[-177,120],[-195,214],[-60,37],[-156,134],[-75,88],[-22,64],[-11,72],[-34,99],[-24,42],[-93,81],[-45,61],[-40,74],[-45,40],[-21,42],[-47,53],[-29,111],[-15,23],[-16,117],[-24,46],[-8,35],[10,39],[-7,70],[4,76],[20,40],[83,90],[25,36],[52,140],[-22,41],[-101,90],[-22,10],[-41,5],[-33,-9],[-65,72],[-61,81],[-82,2],[-7,168],[-23,172],[-25,22],[-24,52],[18,37],[16,17],[21,73],[-8,143],[-9,33],[5,25],[28,46],[-40,48],[-7,32],[11,79],[101,-16],[236,-122],[116,-35],[56,-34],[23,-2],[38,48],[62,32],[39,35],[105,10],[119,-14],[31,11],[6,13],[-6,41],[-26,66],[-84,89],[-1,16],[25,18],[156,6],[194,48],[294,102],[22,18],[3,185],[5,43],[19,28],[-25,170],[-2,98],[42,13],[46,-13],[40,-3],[258,82],[102,-106],[43,-9],[104,3],[87,-15],[73,11],[129,81],[53,55],[63,30],[63,23],[94,17],[42,15],[63,-2],[77,-236],[82,-5],[65,21],[99,-3],[43,-10],[31,17],[48,46],[59,84],[92,241],[301,-41],[-128,238],[-8,52],[-54,194],[-26,37],[-63,24],[-71,63],[-27,33],[-56,92],[-88,177],[-36,27],[-14,25],[-7,40],[-53,76],[-61,123],[-27,29],[-69,41],[-24,47],[6,93],[52,72],[0,56],[-33,144],[-35,61],[4,20],[20,38],[69,43],[47,50],[11,37],[-6,137],[-16,108],[6,59],[47,117],[7,102],[32,203],[59,102],[42,87],[79,276],[229,348],[200,257],[87,146],[87,210],[17,182],[37,119],[39,122],[58,117]],[[115510,64720],[112,-52],[278,-103],[122,-89],[209,-215],[69,-50],[223,-76],[216,-162],[69,-37],[89,-75],[26,-51],[30,-29],[101,-158],[136,-143],[5,-67],[-6,-26],[27,-30],[53,-102],[29,-35],[88,-62],[66,-33],[57,-17],[136,-14],[224,28],[170,79],[119,128],[121,2],[75,-16],[36,-35],[45,7],[56,47],[117,82],[24,64],[-7,23],[5,26],[15,12],[33,7],[23,37],[3,103],[-30,40],[14,55],[46,103],[35,216],[20,22],[8,27],[-12,45],[13,21],[18,-1],[32,52],[63,69],[3,54],[13,44],[7,6]],[[118934,64441],[61,25],[89,2],[37,-38],[5,-53],[47,-55],[89,-77],[33,-78],[42,-59],[160,-96],[53,-43],[29,-60],[46,1],[12,-16],[-9,-55],[44,-34],[121,-28],[27,-90],[82,-29],[39,-44],[84,-26],[38,-68],[46,-42],[65,-31],[73,-13],[122,-112],[56,-21],[13,-67],[69,-8],[122,-70],[29,-45],[57,-33],[24,-64],[-44,-118],[9,-25],[53,-25],[49,-42],[43,-54],[14,-50],[58,3],[47,21],[124,-65],[63,-12],[48,-46],[32,-55],[39,-48],[10,-57],[-44,-46],[33,-55],[11,-36],[21,-19],[68,10],[45,48],[58,14],[2,-29],[-29,-82],[11,-66],[39,-50],[63,-36],[44,-34],[34,-63],[58,-13],[44,-29],[55,-111],[86,-86],[25,-55],[35,-39],[43,-93],[68,-9],[25,-42],[132,-51],[34,-41],[2,-108],[40,-53],[18,-51],[19,-88],[91,-105],[40,-34],[7,-63],[26,-41],[99,-97],[27,-53],[23,-115],[34,-65],[20,-59],[-38,-48],[45,-173],[41,-71],[98,-80],[62,-26],[129,-36],[549,-81],[622,-68],[212,-13],[105,-33],[65,-32],[73,-3],[122,-35],[335,-98],[187,-69],[171,-89],[155,-91]],[[125624,59450],[113,-120],[114,-104],[50,-88],[27,-92],[-30,-285],[-24,-130],[-16,-144]],[[158238,87986],[-48,-139],[-49,-186],[-247,-402],[-276,-432],[-108,-133],[-80,-89],[-53,-39],[-50,-54],[-63,-86],[-36,-41],[-35,-25],[-41,-15],[-34,-23],[-63,-60],[-17,-43],[-11,-12],[-41,-28],[-84,-74],[-60,-6],[-39,-10],[-83,-61],[-68,-91],[-129,-239],[2,-25],[39,-49],[5,-29],[-8,-34],[-33,-66],[-25,-18],[-71,-22],[-103,-17],[-31,-34],[-74,-63],[-30,-36],[12,-13],[16,-1],[41,-23],[19,0],[64,-34],[21,-13],[17,-25],[18,-7],[60,0],[-44,-194],[-1,-66],[20,-153],[30,-323],[0,-74],[8,-38],[-8,-62],[-64,-106],[-48,-57],[-10,-5],[2,-37],[-22,-21],[-57,-32],[-37,-51],[-37,-76],[-45,-24],[-9,6],[-29,-1],[-28,12],[-35,-3],[-60,23],[-26,-7],[-47,-37],[-19,-1],[-42,-17],[-51,-2],[-10,14],[-20,-2],[-5,-9],[-32,-4],[-13,-8]],[[155723,83834],[-51,29],[-9,-1],[-22,20],[-54,20],[-1,7],[-42,22],[-13,0],[-64,55],[-8,16],[-65,6],[-104,-30],[-63,0],[-92,-15],[-14,-7],[-9,-18],[-38,-15],[-22,-23],[-20,-2],[-32,-35],[-8,-39],[-36,-12],[-10,6],[-11,-6],[-12,11],[-14,2],[-8,-6],[-9,11],[-13,-6],[-1,12],[-7,1],[-16,19],[-52,12],[-13,17],[-48,22],[-21,-7],[-80,52],[-32,8],[-7,20],[-10,6],[-12,41],[-5,3],[-16,-9],[-10,29],[-38,31],[-12,34],[-62,21],[-66,-7],[-90,33],[-15,24],[-56,34],[-15,2],[-34,30],[-86,38],[-22,-6]],[[154053,84284],[-54,135],[-27,3],[-5,20],[-112,49],[-21,27],[-29,6],[-15,12],[-22,-3],[-32,38],[-23,-5],[-16,10],[-31,-3],[-13,9],[-5,15],[-78,61],[-39,-15],[-11,7],[-27,62],[-13,9],[-57,-4],[-2,26],[-23,19],[-44,8],[-13,9],[-49,-2],[-19,8],[-102,8],[-261,2],[-77,33],[-225,120],[-142,19],[-500,121],[-78,29],[-33,5],[-296,85],[-84,68],[-234,229],[-177,94],[-106,4],[-166,-13],[-161,-68],[-270,-129],[-83,1],[-167,20],[-137,52],[-34,18],[-218,194],[-41,43],[-11,41],[-23,32],[-59,20],[-120,61],[-47,37],[-63,31],[-95,37],[-104,16],[-93,-8],[-56,3],[-267,50],[-161,35],[-209,85],[-43,11],[-105,4],[-207,-36],[-66,-3],[-78,6],[-69,18],[-92,40],[-37,23],[-46,39],[-48,59],[-131,203],[-20,65],[-11,94],[-49,58],[-27,22],[-52,26],[-32,35],[-33,25],[-21,42],[-8,33],[-33,53]],[[147165,86977],[161,244],[89,117],[52,39],[194,90],[45,38],[31,61],[36,41],[20,10],[136,27],[274,33],[131,-1],[65,11],[41,17],[212,134],[187,87],[209,127],[104,31],[52,57],[59,80],[28,45],[25,68],[41,65],[32,32],[21,17],[31,15],[45,8],[93,0],[44,8],[30,6],[65,35],[163,189],[62,27],[54,31],[32,28],[57,26],[133,156],[22,67],[-6,53],[19,86],[5,228],[23,103],[-10,132],[21,75],[16,38],[49,44],[33,39],[28,20],[27,27],[27,43],[87,86],[67,157],[9,65],[40,51],[75,141],[4,85],[-31,131],[-15,12],[-14,25],[1,12],[-40,19],[-151,291],[-9,24],[1,40],[-13,67],[-37,69],[-6,38],[8,37],[91,206],[17,80],[63,118],[79,216],[54,62],[30,43],[11,32],[-2,40],[-49,283],[-27,37],[-114,109],[-81,90],[-153,222],[-84,140],[-34,75],[-16,73],[2,61],[5,14],[80,18],[180,5],[127,16],[46,21],[107,79],[118,67],[9,21],[63,73],[74,114],[7,27],[-9,9],[0,12],[21,7],[6,11],[105,75],[32,15],[101,104],[15,33],[16,7],[18,19],[69,87],[42,81],[9,34],[-2,30],[26,35],[12,119],[-1,112],[14,52],[13,26],[24,25],[107,67],[20,27],[35,38],[13,5],[39,47],[37,14],[54,10],[129,79],[63,14],[56,22],[144,86],[605,300],[60,62],[112,178],[87,98],[137,116],[205,155],[50,50],[51,73],[13,48],[2,49],[-33,294],[1,88],[28,125],[53,167],[22,42],[57,87],[72,78],[111,93],[68,39],[62,25],[48,5],[3647,121]],[[157718,97218],[2,-565]],[[157720,96653],[18,-2075],[-35,-380],[-52,-213],[-22,-49],[13,-20],[-5,-62],[46,-38],[10,-31],[5,-71],[12,-25],[47,-41],[6,-29],[-19,-21],[8,-12],[16,-6],[45,1],[11,9],[24,-24],[26,19],[20,-18],[7,-40],[6,-8],[12,-4],[32,6],[19,-10],[6,-9],[-1,-26],[29,-29],[63,-39],[4,-9],[-28,-7],[17,-24],[-2,-10],[-37,4],[-6,-9],[12,-29],[-5,-9],[47,-22],[4,-14],[-2,-11],[-32,-7],[3,-31],[18,-26],[3,-14],[-14,-13],[-5,-17],[-2,-18],[11,-14],[11,-3],[29,29],[10,-6],[6,-35],[17,-27],[39,-7],[-3,-52],[10,-7],[12,2],[40,48],[25,6],[-9,-53],[13,-16],[25,26],[10,-2],[13,-47],[9,-7],[16,21],[34,-20],[10,10],[16,3],[11,-12],[-8,-12],[-1,-23],[-14,-21],[9,-52],[8,-3],[8,5],[2,33],[11,6],[39,-23],[20,-44],[62,-5],[7,10],[13,1],[14,-7],[23,2],[-3,-23],[6,-21],[-24,-23],[-1,-15],[19,-6],[24,2],[7,15],[-7,16],[9,11],[11,1],[20,-8],[39,-33],[22,0],[17,15],[9,27],[22,-3],[-1,-45],[-28,-19],[-4,-14],[9,-15],[19,11],[11,-28],[20,-4],[19,6],[-4,-23],[3,-15],[13,0],[6,-34],[10,-12],[19,10],[30,-34],[-6,-17],[-23,-13],[-4,-19],[35,-23],[2,-9],[-4,-21],[-26,-37],[-6,-49],[18,-24],[6,-25],[58,-56],[-10,-13],[-20,6],[-21,-18],[-16,-6],[-12,4],[-5,-14],[15,-34],[-7,-12],[4,-28],[-14,-22],[11,-11],[10,5],[10,22],[5,-37],[21,9],[16,19],[9,-9],[1,-26],[9,-5],[38,7],[15,14],[21,-15],[-16,-8],[-6,-12],[18,-44],[-13,-11],[-5,-28],[26,10],[8,-10],[3,-18],[28,-1],[43,-19],[38,2],[7,8],[10,1],[11,-4],[4,-12],[-16,-19],[42,-36],[7,-38],[-12,-22],[-19,-10],[-25,-35],[4,-10],[11,-4],[17,9],[30,-12],[-9,-29],[4,-11],[-2,-28],[24,1],[1,-13],[32,-15],[5,-8],[-41,-14],[-5,-10],[4,-14],[17,-12],[38,13],[10,-8],[-6,-42],[-20,-16],[10,-9],[18,-4],[6,-27],[-12,-29],[-19,-23],[-1,-10],[12,-23],[1,-14],[-14,-6],[-24,3],[-16,-31],[1,-9],[14,-7],[2,-12],[16,-20],[-22,-37],[-26,-4],[-4,-22],[25,-12],[10,-24],[-12,-12],[-23,10],[-37,-10],[3,-12],[-9,-6],[-27,1],[-4,-10],[3,-10],[-8,-6],[-10,1],[-2,-12],[-15,-2],[-2,-42],[-18,-35],[-11,-5],[-3,-12],[7,-24],[8,-7],[9,4],[14,-22],[-8,-12],[-26,-4],[-10,-25],[-13,-4],[-29,19],[-29,-10],[-24,2],[-5,-8],[6,-24],[-31,-20],[-8,-13],[2,-11],[28,-10],[1,-11],[16,-10],[17,16],[19,4],[16,-11],[1,-20],[-12,-27],[13,-19],[29,-11],[6,-11],[-18,-1],[2,-55],[-41,4],[-36,-13],[-4,11],[-14,6],[-21,-7],[-14,-8],[4,-10],[-14,-18],[-10,-3],[2,-18],[-5,-9],[-9,1],[-38,-24],[27,-20],[-36,-22],[4,-30],[28,6],[21,-10],[3,-16],[-9,-3],[-4,-18],[-8,-4],[-15,10],[-19,0],[-35,22],[-35,-61],[9,-9],[4,-30],[6,13],[12,4],[14,-9],[3,-9],[27,-9],[-4,-32],[-11,-9],[-10,16],[-21,-10],[-8,4],[3,20],[-16,-8],[-19,13],[-3,-20],[17,-34],[-24,-10],[2,-11],[21,-5],[4,-14],[-15,-14],[-9,-24],[-30,12],[-11,-12],[-31,8],[-31,-10],[-1,-16],[37,11],[11,-13],[-17,-34],[7,-20],[-33,-4],[0,-27],[-15,-13],[13,-9],[9,3],[5,-9],[-9,-14],[-21,-14],[-20,-28],[-13,0],[-11,9],[-19,-17],[-35,6],[-18,-22],[-6,-24],[5,-19],[-24,-4],[-8,-10],[-7,-41],[14,-30],[-3,-29],[-35,-58],[9,-15],[11,-7],[-44,-37],[-17,-3],[-18,9],[-38,-14],[-23,-21],[5,-31],[-13,-16],[-58,-10],[-19,19],[-12,-4],[-9,-13],[17,-3],[-2,-9],[-17,-13],[-4,-22],[16,-7],[20,3],[30,15],[7,-5],[4,-12],[-16,-26],[31,-20],[-2,-17],[-17,5],[-14,-8],[-9,-27],[41,-14],[8,-13],[-9,-11],[3,-12],[34,-33],[-1,-11],[-33,-26],[-13,-50],[-55,-3],[-9,5],[-21,-19],[0,-10],[41,1],[21,-16],[-9,-60],[-25,-53],[-8,-32],[6,-13],[34,-7],[10,-8],[-40,-13],[20,-18],[3,-12],[22,-3],[6,-14],[-24,-50],[2,-44],[-9,-35],[-14,-11],[-8,-17],[4,-13],[12,-4],[16,16],[26,-1],[4,-16],[-16,-27],[2,-20],[46,-41],[-15,-12],[-22,21],[-10,0],[12,-37],[-7,-7],[-61,33],[-16,-2],[-30,-53],[-42,-47],[9,-29],[17,-27],[1,-13],[-11,-13],[-19,1],[-5,-32],[-8,-17],[-12,-5],[1,-12],[24,-10],[29,-40],[-6,-14],[-11,11],[-26,-9],[14,-19],[-12,-22],[-36,2],[-11,-12],[2,-11],[20,-10],[26,0],[10,-8],[8,-23],[-22,-19],[6,-16],[-5,-65],[16,-1],[5,-10],[-12,-6],[-5,-23],[-8,-4],[9,-19],[-13,-40],[-24,-5],[-4,-10],[44,-23],[19,9],[13,-26],[24,8],[5,-16],[-20,-21],[-3,-11],[2,-17],[11,-3],[3,-12],[-11,-19],[13,-8],[6,-27],[-14,-40],[28,-26],[28,-94]],[[72731,39031],[-21,-8],[-39,-40],[-173,-270],[-49,-100],[-85,-212],[-52,-156],[-13,-59],[-2,-109],[8,-105],[20,-54],[23,-32],[54,-104],[23,-144],[12,-180],[-264,-61],[-251,-23],[-102,2],[-80,13],[-19,22],[-34,79],[-33,53],[-243,-4],[-26,-9],[-35,-34],[-70,-120],[-50,-20],[-16,5],[-16,19],[-39,68],[-69,64],[-27,45],[-49,36],[-90,28],[-77,32],[-100,77],[-70,70],[-18,3],[-101,-35],[-79,-15],[-51,-30],[-27,-7],[-40,2],[-51,-17],[-161,-86],[-155,-94],[-128,-30],[-209,-14],[-77,1],[-215,30],[-360,126],[-466,98]],[[68539,37732],[-8,21],[-35,326],[-92,215],[-367,799],[13,44],[-1,26],[-12,119],[-12,37],[-25,26],[-18,30],[-9,43],[-45,20],[-18,39],[-10,8],[-92,45],[-124,152],[-65,45],[-19,46],[-79,58],[-18,51],[-8,64],[-45,95],[-34,3],[-7,29],[-67,29],[-20,26],[-9,32],[-28,11],[-1,26],[14,19],[-23,22],[-1,24],[-16,5],[-6,10],[-9,20],[0,19],[-19,22],[-71,43],[-35,51],[-19,44],[-3,30],[14,30],[5,72],[25,29],[5,16],[-43,49],[7,57],[-13,79],[-7,24],[-35,49],[-9,53],[0,56],[-7,24],[8,17],[-24,20],[-5,14],[2,47],[-12,18],[4,18],[-15,9],[17,20],[1,11],[-16,20],[14,32],[-8,27],[7,27],[-17,54],[-1,31],[-34,9],[-37,26],[-11,21],[-36,19],[-8,10],[-13,49],[-1,51],[-30,40],[15,45],[-8,48],[5,14],[-4,53],[9,19],[-12,14],[18,19],[11,52],[-6,18],[17,16],[11,33],[-7,42],[19,87],[-13,56],[23,-1],[28,21],[-2,57],[15,22],[0,11],[-2,11],[-20,21],[-4,17],[5,16],[14,14],[7,28],[25,28],[-22,93],[11,27],[4,32],[17,30],[-5,10],[-24,16],[-3,12],[12,32],[-11,21],[0,45],[-11,15],[6,21],[-6,31],[14,5],[1,15],[-21,34],[-10,32],[2,17],[-8,9],[12,16],[60,44],[0,26],[28,33],[3,19],[25,23],[3,44],[-3,18],[-35,61],[-2,18],[9,29],[-14,42],[-13,18],[-16,61],[-41,48],[7,29],[-7,15],[6,35],[-5,26],[8,54],[-33,55],[-2,14],[8,21],[-37,55],[-11,87],[5,68],[-24,41],[4,8],[-9,16],[8,5],[-26,52],[-5,42],[-16,19],[-4,34],[-21,25],[7,37],[-14,29],[-20,20],[11,50],[-33,49],[3,30],[-10,28],[1,22],[-16,13],[-1,37],[-10,40],[-8,7],[20,41],[-16,14],[7,13],[-12,32],[12,89],[-17,51],[13,21],[-5,40],[30,7],[-12,15],[-3,32],[-11,24],[7,25],[22,0],[10,30],[-19,11],[11,17],[-5,12],[13,15],[1,33],[-7,19],[12,10],[-2,11],[10,23],[0,25],[-11,8],[-4,18],[-2,28],[8,24],[-30,84],[-22,16],[-11,37],[-19,21],[18,25],[-18,24],[2,32],[-19,7],[-6,16],[-42,39],[7,33],[-23,44],[-20,15],[15,19],[-10,19],[0,21],[-40,66],[18,19],[-6,29],[14,31],[-15,26],[-5,26],[15,22],[0,13],[-71,69],[-2,10],[-14,3],[-24,22],[6,30],[-10,21],[10,30],[0,56],[11,29],[-7,57],[-8,13],[0,69],[20,54],[17,92],[20,35],[11,36],[25,34],[2,18],[-7,49],[-45,58],[15,32],[0,40],[10,23],[51,58],[1,20],[32,56],[0,74],[21,15],[12,21],[2,52],[70,123],[79,74],[175,185],[102,64],[89,46],[66,50],[291,413],[30,25],[381,155],[390,173],[121,110],[254,278]],[[68664,48699],[589,-235],[459,-111],[266,-44],[129,13],[99,42]],[[70206,48364],[88,-49],[47,-12],[102,2],[74,-20],[24,-16],[91,-89],[28,-19],[40,-20],[45,-7],[22,-14],[22,-92],[8,-17],[41,-45],[20,-39],[32,-155],[47,-55],[97,-63],[8,-13],[32,-166],[23,-29],[275,-220],[67,-72],[56,-23],[64,-13],[23,-17],[20,-75],[11,-117],[31,-98],[168,-149],[26,-42],[147,-382],[41,-139],[36,-150],[2,-118],[19,-222],[60,-305],[52,-336],[1,-116],[-58,-351],[-23,-279],[-16,-302],[-68,-249],[-59,-151],[-76,-242],[-138,-647],[8,-167],[139,-373],[39,-211],[125,-272],[92,-179],[17,-73],[9,-63],[1,-89],[-7,-342],[27,-312],[22,-121],[95,-175],[93,-132],[113,-133],[145,-185],[53,-127],[43,-189],[11,-97],[-11,-200],[-14,-104],[-27,-56]],[[169448,81880],[-126,237],[-348,731],[-58,143],[-68,215],[-73,390],[-9,147],[9,80],[27,111],[75,222],[-19,389],[-7,17],[10,40],[-4,34],[23,68],[-7,24],[-21,20],[0,16],[16,36],[3,36],[-7,38],[7,78],[7,15],[-1,46],[16,35],[-19,28],[0,11],[20,20],[3,57],[-13,63],[-27,75],[-13,21],[-31,18],[-32,46],[-6,31],[-19,28],[4,163],[-17,70],[9,39],[-4,102],[-24,54],[-43,62],[2,29],[-7,31],[16,62],[17,26],[-3,38],[13,43],[3,61],[92,105],[40,27],[13,21],[56,154],[22,35],[20,6],[83,98],[23,14],[62,17],[50,51],[-1,50],[-17,62],[-18,122],[-17,55],[-51,100],[9,24],[-6,19],[7,82],[23,40],[38,44],[2,15],[10,11],[-7,22],[0,49],[-27,72],[-16,108],[3,28],[34,49],[7,19],[-6,40],[-11,9],[1,12],[30,13],[17,18],[-3,54],[18,20],[16,64],[-4,28],[-8,13],[-4,30],[5,11],[41,42],[55,-4],[24,4],[4,61],[9,15],[53,30],[30,37],[13,104],[73,44],[62,61],[16,28],[17,52],[51,59],[29,54],[48,6],[75,39],[53,77],[5,41],[27,17],[7,16],[-7,45],[55,60],[7,37],[-10,22],[-5,37],[19,19],[57,6],[8,14],[11,91],[-7,53],[5,15],[72,40],[36,30],[38,46],[10,35],[11,3],[30,35],[34,18],[46,42],[59,16],[26,18],[35,5],[133,46],[25,1],[35,25],[125,7],[77,14],[88,43],[34,8],[73,-13],[103,17],[48,22],[12,0],[22,20],[86,31],[85,8],[32,23],[82,24],[47,28],[49,7],[68,59],[119,5],[20,7],[40,32],[141,51],[51,-27],[105,-21],[94,-30],[62,-5],[12,10],[39,7],[33,-11],[35,3],[40,37],[12,35],[33,55],[78,97],[77,71],[113,59],[44,37],[18,80],[30,65],[56,81],[24,56],[18,25],[59,42],[15,-2],[13,-12],[14,0],[13,35],[7,-11],[13,-2],[73,23],[117,-51],[54,-11],[94,50],[47,17],[43,1],[42,-25],[-3,-27],[-9,-11],[1,-22],[44,-27],[20,-36],[24,-27],[18,-4],[35,5],[48,35],[69,19],[63,52],[57,15],[127,-40],[104,8],[40,-14],[32,-22],[22,-34],[14,-81],[26,-29],[20,-109],[26,-49],[39,-55],[39,-46],[50,-43],[84,-62],[78,-44],[28,-24],[53,-66],[29,-87],[12,-9],[41,19],[44,30],[39,38],[23,51],[22,76],[13,18],[79,10],[85,51],[35,63],[14,45],[-12,60],[7,25],[-12,17],[1,16],[-21,10],[-11,35],[19,10],[19,65],[7,9],[59,34],[25,80],[40,-1],[31,56],[26,24],[25,39],[18,66],[-1,74],[8,28],[-25,42],[14,29],[-8,6],[-26,-8],[-3,8],[51,79],[26,15],[0,20],[-16,3],[-1,10],[17,16],[0,27],[-9,10],[1,23],[-17,54],[5,29],[-7,16],[5,50],[10,20],[0,25],[13,14],[-1,60],[21,-2],[11,4],[4,11],[14,-8],[20,0],[21,27],[4,-11],[15,7],[9,40],[-11,36],[17,35],[-3,10],[-11,7],[-3,39],[9,10],[-4,46],[17,36],[-17,69],[8,18],[15,4]],[[176634,90338],[52,-29],[14,-19],[63,-50],[30,-48],[214,-275],[141,-215],[55,-69],[59,-98],[60,-70],[44,-71],[42,-43],[34,-50],[79,-79],[55,-68],[62,-64],[130,-192],[99,-108],[63,-55],[73,-95],[38,-38],[15,-24],[10,-116],[20,-55],[3,-35],[-12,-41],[2,-28],[-52,-141],[10,-51],[-8,-40],[9,-56],[-4,-91],[4,-42],[-6,-41],[6,-11],[13,-113],[-2,-54],[12,-61],[2,-97],[-10,-33],[12,-18],[22,-12],[15,-50],[21,-17],[3,-14],[11,-11],[-3,-10],[-26,-10],[6,-37],[-18,-19],[-33,-16],[-22,0],[-7,-27],[-29,-12],[-23,-24],[-22,0],[-33,-17],[-15,-35],[-47,-7],[-30,-16],[-92,-28],[-30,-70],[0,-71],[-25,-23],[2,-26],[-12,-16],[-5,-24],[12,-29],[-12,-81],[21,-31],[0,-19],[-18,-10],[-18,4],[-136,-63],[58,0],[-147,-178],[25,-65],[-103,-100],[-109,-222],[-125,-58],[-213,-180],[-295,-10],[-133,65],[-250,-36],[120,-47],[-317,-89],[-411,102],[-246,-71],[-13,-23],[-46,15],[-94,1],[-49,19],[-46,2],[-131,-52],[-22,17],[-47,-18],[-101,3],[-35,-28],[-59,8],[-36,-11],[-39,-4],[-17,13],[-37,-14],[-36,5],[-113,-36],[-44,4],[-36,14],[-176,-57],[-47,-9],[-71,0],[-44,-16],[-80,9],[-120,-6],[-89,21],[-41,-1],[-89,-55],[-19,-7],[-44,-5],[-23,-14],[-206,-42],[-277,-34],[-65,-21],[-25,0],[-66,-25],[-61,-2],[-103,-31],[-77,-12],[-27,-12],[-13,-13],[-31,-75],[-31,-108],[-35,-80],[-15,-84],[-16,-44],[-42,-84],[-106,-85],[-112,-55],[-14,-12],[-20,-63],[-30,-55],[-18,-14],[-80,-27],[-46,-24],[-67,-84],[-67,-25],[-110,-27],[-60,-37],[-45,-16],[-18,-26],[-70,-71],[-62,-32],[-97,-20],[-24,-12],[-45,-10],[-36,-22],[-70,-22],[-27,-2],[-47,8],[-57,-12],[-76,-32],[-45,-7],[-21,-28],[-72,-50],[-28,-29],[-27,-44],[-32,-22],[-34,-36],[-73,-52],[-92,-37],[-115,-12],[-95,-41],[-170,-27],[-117,-42],[-30,-16],[-49,-6],[-57,-26],[-107,-33],[-133,-6],[-56,-12],[-41,-13],[-48,-24],[20,1],[-34,-12],[-7,-120],[-140,-1375],[13,-126]],[[168120,84549],[-21,-44],[-7,-101],[-13,-33],[-134,-118],[-77,-95],[-88,-155],[-34,-84],[-19,-71],[-49,-330],[22,-146]],[[167700,83372],[-71,33],[-82,59],[-121,110],[-82,8],[-66,25],[-71,45],[-253,125],[-231,37],[-312,63],[-450,107],[-66,3],[-74,-14],[-90,0],[-35,70],[-20,7],[-35,44],[-35,-3],[-35,44],[-207,0],[-32,29],[-35,-3],[0,18],[-58,41],[-35,3],[-16,-14],[0,-11],[-24,-19],[-50,-4],[-36,12],[-50,-19],[-55,11],[-47,-11],[-23,33],[-16,-11],[-74,-3],[-24,44],[-27,22],[-47,22],[-97,4],[-40,29],[-42,8],[-32,-26],[-144,63],[-55,-22],[-27,11],[-106,11],[-62,-8],[-28,19],[-93,33],[-4,15],[-98,48],[-4,25],[-90,104],[-47,22],[8,22],[-4,4],[-30,8],[-28,23],[-14,27],[-38,122],[-13,23],[-19,78],[-53,27],[-46,12],[-57,73],[-22,39],[-31,29],[-36,18],[-43,36],[-11,6],[-57,-70],[-38,2],[-19,13],[-33,36],[-19,11],[-67,11],[-47,18],[-187,94],[-97,18],[-92,34],[-232,142],[-319,176],[-62,43],[-62,32],[-186,116],[-97,31],[-76,52],[-65,61],[-65,44],[-87,86],[-128,200],[-8,43],[-14,25],[-12,60],[-28,71],[-22,94],[-66,117],[-92,104],[-30,20],[-50,80],[-60,30],[-33,9],[-17,20],[-37,26],[-25,40],[-20,16],[-14,44],[-17,26],[4,39],[-20,39],[-69,81],[-14,36],[-15,8],[-8,12],[10,17],[-2,29],[-16,36],[-12,12],[-59,-21],[-50,21],[-29,-7],[-59,8],[-17,15],[-4,28],[-9,5],[-15,-6],[-23,19],[-41,20],[-10,31],[-18,23],[12,32],[-12,4],[10,21],[37,19],[7,15],[-35,14],[-1,25],[15,18],[-6,59],[-26,32],[-37,8],[-4,22],[-28,23],[-74,-4],[2,41],[21,15],[-10,9],[-17,-1],[-15,10],[-14,38],[-30,27],[-19,-42],[-84,-89],[-8,-20],[9,-40],[22,-33],[12,-35],[19,-13],[1,-16],[-71,-19],[-112,-46],[-161,-3],[-36,-6],[-25,-28],[-10,-21],[-42,-35],[-22,-29],[-49,-82],[-7,-83],[-23,-50],[-121,-127],[-112,-99],[-518,-422],[-8,8],[-16,-2],[-14,15],[12,46],[-7,13],[-27,6],[-6,13],[28,26],[4,23],[19,8],[-5,9],[-28,2],[-11,19],[10,16],[6,-20],[26,-7],[10,20],[6,21],[-4,8],[-18,-8],[-6,9],[19,27],[-7,45],[-19,-26],[-10,1],[-6,-6],[-14,3],[-10,11],[-18,-2],[-2,36],[12,5],[0,13],[-27,11],[-18,-12],[-12,7],[7,12],[-21,11],[7,11],[27,14],[6,21],[-18,7],[-19,-22],[-17,-1],[-20,31],[-16,0],[-4,12],[27,15],[1,11],[-25,-3],[-20,-12],[-22,21],[1,20],[-12,18],[11,35],[-13,0],[-17,11],[14,10],[0,11],[-15,22],[14,1],[6,12],[13,2],[-2,16],[-8,23],[-13,8],[-21,-11],[-7,23],[10,19],[21,2],[24,17],[-1,9],[-32,7],[13,23],[0,18],[-19,28],[10,7],[-19,15],[6,8],[15,0],[-6,11],[-14,1],[-5,12],[-7,-10],[-9,1],[-9,14],[41,10],[6,-11],[9,9],[-25,26],[2,15],[-17,24],[8,11],[-1,20],[15,-3],[22,13],[-1,13],[-22,25],[10,8],[13,-18],[12,-5],[-2,32],[3,11],[9,2],[2,61],[-13,7],[-15,-9],[-24,6],[8,19],[-54,7],[-7,17],[-23,-2],[-7,20],[8,6],[2,14],[-9,5],[22,24],[-28,11],[-17,-10],[-6,13],[-18,4],[0,10],[26,16],[-16,18],[-15,3],[-5,31],[1,10],[11,2],[0,12],[-13,7],[-26,-14]],[[157720,96653],[746,12],[150,-20],[29,2],[49,18],[19,2],[23,-14],[20,5],[17,-13],[10,-18],[20,-7],[-10,-13],[14,-5],[7,-17],[24,-2],[-9,-19],[37,1],[7,7],[31,4],[6,10],[10,-3],[9,-17],[13,-3],[63,2],[6,-13],[-7,-16],[13,-8],[-4,-20],[3,-6],[20,-3],[-5,-14],[12,-12],[-1,-30],[57,-98],[64,-64],[-18,-31],[0,-55],[11,-4],[17,8],[6,-11],[29,-2],[21,18],[12,-19],[16,8],[49,-7],[31,-10],[35,16],[19,-7],[20,17],[34,-1],[11,13],[12,-10],[5,8],[14,-4],[16,-23],[14,10],[23,-13],[7,2],[15,15],[12,-5],[3,15],[9,6],[9,-1],[50,38],[49,7],[48,0],[18,18],[25,-2],[8,16],[9,-1],[91,39],[44,32],[23,0],[14,11],[27,-5],[81,72],[151,-46],[12,-11],[27,-2],[26,6],[25,14],[6,17],[10,4],[9,-6],[7,-19],[49,20],[-3,-11],[49,-9],[72,5],[30,-18],[11,3],[16,-9],[48,5],[18,-19],[12,11],[7,-6],[18,10],[65,-10],[13,9],[12,0],[44,-14],[22,-28],[38,12],[20,21],[50,-16],[14,-13],[49,-18],[7,-7],[8,6],[33,-2],[15,33],[27,26],[1,17],[23,18],[26,7],[69,43],[42,10],[30,32],[42,16],[10,10],[1,16],[18,7],[52,-12],[25,11],[11,35],[12,17],[60,51],[6,15],[30,9],[16,22],[4,75],[-41,26],[6,8],[39,4],[17,-3],[56,24],[8,-6],[31,6],[24,17],[46,-18],[46,-41],[56,-2],[7,-20],[28,-2],[42,-24],[35,-6],[58,-37],[14,6],[3,-14],[12,-1],[1,-15],[13,1],[5,-16],[16,-14],[15,-1],[0,-7],[24,-17],[-2,-21],[58,-17],[3,-16],[25,-18],[6,3],[15,34],[22,3],[-5,18],[99,26],[6,4],[-5,15],[4,8],[16,11],[41,8],[23,-10],[17,22],[38,6],[-13,16],[9,7],[11,-8],[12,8],[2,-23],[6,-6],[4,5],[9,-9],[28,0],[17,-13],[25,4],[24,-7],[-6,20],[19,2],[17,11],[27,-8],[3,7],[25,-12],[31,6],[7,-19],[17,-3],[8,3],[-5,8],[13,9],[4,12],[29,6],[29,-5],[3,20],[18,-9],[25,9],[28,-8],[-1,14],[6,8],[12,-7],[2,-9],[10,3],[10,3],[19,31],[16,-15],[15,0],[15,25],[21,-15],[24,7],[25,-32],[15,-3],[13,27],[16,-23],[44,31],[35,-12],[37,-23],[16,19],[13,0],[5,-12],[-6,-8],[9,-5],[25,15],[30,-3],[7,-9],[-12,-10],[-10,0],[-16,-15],[-17,-1],[-16,-13]],[[163287,96691],[-16,-17],[-15,-32],[6,-31],[17,-40],[44,-49],[987,-856],[1,-18],[-15,-28],[2,-10],[16,-15],[60,-19],[95,-15],[33,-20],[14,-22],[23,-12],[13,-31],[19,8],[2,-8],[-7,-11],[4,-11],[12,-4],[6,-11],[-2,-28],[22,-26],[5,-21],[95,-80],[21,-3],[10,-35],[11,-7],[13,-48],[13,-2],[13,-27],[14,-12],[12,7],[9,-6],[-3,-16],[7,-9],[11,5],[16,-17],[8,5],[7,-22],[14,4],[8,-12],[12,-51],[-1,-13],[-12,-12],[-3,-12],[13,0],[4,-18],[68,0],[-10,-10],[5,-41],[31,-23],[-2,-20],[14,-3],[2,-13],[17,-2],[-8,-23],[-9,-3],[-4,-9],[14,-2],[12,-17],[0,-13],[21,-6],[5,-19],[-25,-30],[-19,3],[-16,-13],[-3,-11],[13,-41],[-6,-40],[11,-12],[2,-11],[-6,-8],[2,-24],[-21,-26],[1,-17],[-31,-24],[-8,12],[3,10],[-23,0],[-31,-14],[-8,-19],[9,-24],[-5,-23],[19,-15],[22,-6],[6,-12],[-19,-20],[-3,-13],[25,-23],[0,-17],[12,-15],[-4,-14],[24,-17],[13,-16],[3,-15],[11,-3],[5,-18],[14,-2],[2,-24],[12,-12],[4,-64],[24,-18],[31,9],[19,-15],[5,-29],[-10,-30],[8,-12],[-1,-15],[18,-18],[-26,-35],[-12,-39]],[[165102,93959],[-17,0],[-8,-49],[3,-26],[-8,-13],[-30,-8],[-6,-15],[-36,-30],[-20,2],[2,-9],[25,-11],[23,-33],[-10,-30],[-15,2],[-11,-17],[12,-17],[-9,-27],[4,-10],[-12,-19],[21,-7],[1,-10],[20,-3],[9,-14],[0,-27],[19,-34],[10,-53],[0,-17],[-15,-18],[-24,-8],[-145,-11],[-31,8],[-102,-6],[-20,4],[-86,66],[-71,39],[-78,29],[-11,-4],[-34,-40],[-29,-4],[-22,-18],[-10,-36],[4,-89],[8,-31],[64,-139],[15,-84],[30,-103],[43,-90],[2,-30],[-28,-31],[-46,-9],[-16,6],[-226,114],[-107,36],[-237,47],[-45,17],[-52,7],[-20,-10],[-41,-51],[-34,-2],[-21,13],[-28,-6],[-47,-58],[-14,-49],[-34,-46],[-10,-52],[-60,-60],[-15,-31],[-30,-114],[-18,-17],[-25,12],[-78,116],[-24,47],[-44,143],[-46,33],[-57,17],[-39,0],[-29,25],[-15,4],[-17,-3],[-74,-40],[-37,-42],[-25,-47],[-14,-15],[-19,-9],[-84,-15],[-89,-6],[-59,-21],[-28,-53],[-8,-36],[25,-104],[-1,-67],[-32,-14],[-60,-1],[-38,5],[-20,-6],[-91,-75],[-90,-119],[-24,-15],[-71,-6],[-26,-8],[-43,-30],[-5,-20],[6,-50],[6,-20],[55,-92],[2,-72],[34,-58],[3,-18],[-7,-23],[-20,-15],[-143,-34],[-70,-35],[-128,-39],[-16,-12],[-31,-48],[-11,-27],[-9,-54],[-2,-91],[24,-44],[67,-56],[19,-25],[12,-30],[-75,-62],[-46,-65],[-20,-13],[-28,0],[-113,42],[-59,2],[-106,15],[-30,-4],[-48,-30],[-30,-50],[-46,-42],[-108,-81],[-32,-9],[-25,-15],[-24,3],[-49,41],[-72,21],[-78,-8],[-24,-9],[-25,-21],[-58,-106],[-12,-36],[-41,-52],[-11,-49],[30,-2],[18,-41],[23,-5],[20,-24],[17,-4],[19,-14],[-130,-177],[-61,-98],[-31,-31],[-155,-212],[-100,-206],[-48,-75],[-68,-190],[-3,-111],[10,-145],[8,-31],[67,-161],[75,-73],[49,-112],[25,-89],[98,-179],[30,-67],[56,-44],[32,-70],[22,-9],[75,-1],[46,-12],[36,3],[15,12],[43,-16],[69,-40],[16,-34],[-2,-30],[18,-31],[31,-34],[28,-2],[32,24],[70,-1],[8,-7],[-12,-40],[9,-18],[10,-4],[24,7],[68,-4],[17,-16],[9,-30],[9,-3],[18,15],[42,14],[7,-10],[2,-39],[10,-4],[37,12],[20,24],[55,-15],[24,-24],[18,-7],[42,16],[66,-14],[106,12],[104,-36],[46,-5],[57,-24],[73,-4],[21,-28],[25,5],[35,-14],[33,-5],[52,-24],[127,-22],[227,-73],[41,2],[69,-13],[61,27],[91,19],[194,22],[66,-19],[129,-12],[51,-30],[19,3],[16,-10],[79,-1],[45,-36],[8,-30],[-8,-28],[19,-27],[29,-11],[13,-34],[32,-21],[41,-45],[41,7],[11,-4],[5,-12],[23,-13],[12,-20],[59,-16],[46,-30],[229,-116],[35,-6],[37,-16],[39,1],[9,-5],[11,-32],[53,-51],[16,-3],[31,16],[22,3],[40,-30],[45,-14],[26,-31],[53,-44],[171,-107],[86,-106],[26,-44],[49,-48],[198,-109],[72,-60],[52,-11],[58,-22],[67,-37],[26,-41],[9,-31],[23,-3],[8,-16],[-7,-37],[9,-8],[39,-8],[92,-4],[51,-11],[68,-39],[111,-34],[70,-48],[45,-15],[31,1],[60,31],[130,-7],[74,-58],[72,-16],[33,-18],[69,-46],[32,-38],[134,-93],[33,-7],[14,-13],[68,-24],[21,-20],[46,-26],[26,6],[35,-2],[95,-48],[54,-10],[19,-9],[57,-44],[36,-54],[153,-165],[37,-14],[12,-45],[28,-58],[98,-62],[79,-73],[28,-35],[3,-22],[45,-83],[7,-25],[26,-19],[27,-53],[63,-62],[27,-59],[27,-28],[49,-33],[49,-98],[50,-75],[80,-97],[48,-92],[21,-27],[45,-114],[56,-60],[42,-87],[34,-41],[45,-135]],[[73739,120126],[-34,-8821]],[[73705,111305],[-53,18],[-29,90],[-43,71],[-17,9],[-24,33],[-11,6],[-25,40],[-15,44],[9,48],[29,75],[-5,21],[13,63],[-7,27],[10,60],[-3,18],[13,41],[-8,29],[5,34],[11,34],[0,27],[22,22],[-6,16],[-13,9],[-65,-8],[-19,5],[-11,11],[14,40],[-14,14],[-57,-4],[-37,22],[-10,14],[9,19],[-16,53],[-14,-5],[-109,-96],[-18,-28],[-338,-174],[-181,-125],[-2,-9],[-71,11],[-95,-2],[-268,-74],[-95,-38],[-151,-93],[-184,-170],[-203,-213],[-54,-47],[-52,12],[-49,20],[-13,11],[-26,-4],[-230,-186],[-229,-218],[-5,-22],[7,-31],[26,-57],[43,-204],[4,-57],[18,-39],[27,-104],[39,-196],[3,-138],[-7,-55],[-48,-202],[-149,-500],[-81,-241],[-112,-300],[-130,-263],[-134,-214],[-11,-24],[-10,-89],[-44,-15],[-24,-19],[2,-44],[-9,-6],[-33,0],[15,-43],[-2,-17],[-16,4],[-7,-6],[-4,-25],[-20,-16],[-13,-24],[-2,-31],[17,-47],[-10,-26],[18,-15],[44,9],[28,-53],[7,-58],[47,-56],[8,-23],[-5,-35],[-28,-47],[-15,-49],[10,-83],[53,-169],[32,-21],[5,-15],[-16,-40],[7,-104],[-2,-77],[-23,-105],[9,-43],[27,-37],[11,-27],[8,-62],[-6,-30],[-29,-20],[-22,-68],[-45,-19],[-4,-18],[11,-22],[23,-101],[12,-210],[-29,-206],[-124,-396],[-96,-122],[-36,-62],[-16,-129],[4,-137],[15,-112],[45,-70],[30,-29],[26,-13],[94,-24],[130,-16],[132,-30],[46,-16],[44,-24],[45,-41],[55,-79],[16,-48],[-6,-72],[-67,-130],[-32,-32],[-50,-30],[-91,-28],[-72,-13],[-186,-7],[-30,-7],[-67,-51],[-34,-39],[-40,-63],[0,-79],[11,-30],[20,-27],[60,-53],[183,-134],[14,-23],[2,-23],[-5,-15],[-36,-42],[-88,-49],[-141,-53],[-97,-67],[-153,-118],[-42,-49],[-11,-48],[6,-39],[19,-51],[31,-56],[96,-118],[50,-39],[87,-43],[69,-17],[184,-28],[66,-64],[24,-30],[33,-77],[48,-83],[21,-51],[92,-112],[-91,-97],[-85,-65],[-33,-8],[-73,-3],[-138,-54],[-44,-4],[29,-36],[31,-145],[2,-69],[29,-59],[6,-66],[16,-60],[16,-19],[29,-70],[20,-24],[22,-68],[39,-55],[45,-33],[73,-87],[12,-50],[47,-82],[3,-146],[-5,-103],[-274,-257],[-59,-120],[-32,6],[-53,27],[-38,-9],[-28,-14],[-47,-45],[-112,12],[-35,-3],[-138,-59],[-56,-29],[-6,-13],[-53,-21],[-32,12],[-119,4],[-30,10],[-29,26],[-39,0],[-48,14],[-77,11],[-37,25],[-38,14],[-40,-4],[-107,-50],[-104,-29],[-16,-28],[-33,-11],[-22,-118],[-55,-153],[-43,-89],[-1,-67],[9,-43],[-3,-67],[55,-74],[73,-21],[33,-2],[72,17],[18,-4],[100,-94],[29,-17],[59,-21],[11,-21],[31,-34],[66,-114],[24,-18],[37,-17],[19,-1],[37,14],[61,-28],[21,-50],[-3,-109],[7,-36],[-14,-108],[2,-52],[69,-93],[38,-32],[22,-10],[-40,-53],[-36,-69],[-13,-134],[-19,-70],[-31,-49],[-45,-47],[-67,-32],[-71,-3],[-99,43],[-35,31],[-14,21],[-66,31],[-65,41],[-48,13],[-45,-3],[-44,-19],[-32,-25],[-37,-8],[-9,-7],[-28,-40],[-36,-27],[-1,-16],[-16,-24],[-14,-10],[-25,-3],[-88,-61],[-36,-10],[13,-57],[79,-82],[70,-134],[35,-43],[-50,-37],[-48,-2],[-20,-10],[-86,-58],[-12,-45],[-24,-29],[-19,-38],[-18,-63],[-18,-70],[-13,-133],[-106,-48],[-50,-35],[-58,-65],[-24,-40],[-34,-44],[-32,-28],[-11,-22],[-11,-196],[3,-27],[34,-84],[3,-142],[-8,-76],[-11,-30],[-40,-33],[-99,-20],[-49,-17],[-31,-17],[-35,-34],[-131,-177],[-40,-44],[-63,-95],[-44,-31],[-73,-38],[-26,-28],[-20,-28],[-35,-107],[-220,-170],[-18,-26],[-29,-154],[-24,-51],[-27,-30],[-36,-15],[-27,3],[-23,152],[-25,48],[-16,15],[-18,-9],[-67,4],[-52,22],[-133,27],[-23,21],[-24,48],[-55,66],[-29,17],[-18,-28],[-27,8],[-56,21],[-122,70],[-103,45],[-34,31],[-67,92],[-64,47],[-100,8],[-42,-5],[-86,-43],[-65,-13],[-52,23],[-33,-1],[-139,57],[-104,27],[-82,-42],[-56,-38],[-46,-6],[-57,-18],[-53,-6],[-47,-52],[-62,-22],[-75,-11],[-49,10],[-144,71],[-36,10],[-87,17],[-33,-4],[-112,5],[-26,6]],[[64651,96579],[-91,205],[-23,80],[0,60],[-34,44],[-21,56],[41,7],[41,18],[30,3],[65,-9],[29,3],[89,-38],[52,37],[10,36],[-11,135],[39,81],[12,95],[-9,54],[-6,117],[-17,42],[-55,70],[-29,20],[-60,64],[-53,8],[-90,-10],[-87,-22],[-109,72],[-48,9],[-53,47],[-18,8],[-87,22],[-128,12],[-57,20],[-35,28],[-46,84],[1,23],[-43,105],[-16,95],[-19,41],[-37,1],[-109,-20],[-28,-13],[-59,-43],[-96,-92],[-22,2],[-31,-17],[-49,-2],[-24,8],[-11,-2],[-10,8],[-33,43],[-31,23],[-26,33],[-29,20],[-75,101],[-51,28],[-49,4],[-44,-7],[-105,-37],[-65,-15],[-59,-3],[-27,4],[-54,-6],[-58,9],[-44,-4],[-48,-22],[-31,-32],[-28,-11],[-95,-7],[-119,-23],[-77,-8],[-8,-7],[-72,-9],[-69,-18],[-61,-44],[-37,-50],[-27,-18],[-52,-19],[-145,-16],[-78,-41],[-108,-42],[-25,-14],[-4,-11],[-32,-24],[-50,-11],[-49,9],[-25,14],[-20,24],[-37,17],[-48,1],[-46,-16],[-124,46],[-52,6],[-29,12],[-9,10],[-30,116],[-28,52],[-70,21],[-89,99],[-4,39],[28,53],[60,52],[18,8],[99,93],[13,13],[17,50],[13,60],[-2,44],[-7,22],[-37,55],[-12,39],[22,93],[9,22],[37,53],[5,34],[-14,39],[-59,99],[-9,26],[0,29],[17,46],[51,77],[21,86],[30,65],[78,95],[16,49],[21,107],[-3,33],[-13,39],[-24,40],[-10,44],[26,76],[53,109],[-13,168],[12,84],[25,24],[45,23],[30,24],[13,43],[6,52],[46,71],[-2,54],[11,41],[26,23],[53,14],[15,20],[26,169],[32,115],[0,70],[-15,40],[-205,93],[-82,65],[-29,6],[-38,22],[-21,-1],[-64,-25],[-16,5],[-14,16],[5,21],[-12,49],[-46,26],[-1,22],[32,56],[2,19],[-31,28],[-16,6],[-6,11],[23,20],[2,11],[11,11],[25,7],[3,7],[-62,21],[-27,57],[1,11],[38,23],[15,17],[-16,14],[-7,17],[13,27],[22,24],[13,-1],[17,-29],[31,-5],[16,23],[24,6],[17,30],[-9,59],[-28,11],[-30,32],[-52,-2],[-21,14],[-11,18],[2,36],[-20,30],[26,18],[4,26],[16,8],[26,-41],[23,-4],[41,9],[4,14],[-7,38],[9,44],[-1,51],[11,31],[21,11],[1,7],[-20,51],[4,62],[-20,25],[-9,32],[-43,18],[-73,-14],[-5,12],[10,26],[-3,9],[-12,5],[-35,-8],[-41,15],[-43,34],[-13,19],[3,39],[-7,11],[-17,2],[-30,-9],[-19,7],[-7,14],[3,11],[26,15],[37,0],[11,5],[4,15],[-6,10],[-27,30],[6,20],[30,26],[11,20],[-52,39],[-4,31],[-9,5],[-27,-11],[-19,15],[-22,46],[-23,17],[-3,13],[4,42],[24,30],[0,40],[21,64],[-31,62],[5,8],[70,11],[4,8],[4,51],[-17,23],[-4,45],[-41,37],[-37,15],[-18,1],[-44,-17],[-40,-8],[-26,4],[-57,37],[-35,41],[-25,20],[-42,-9],[-54,31],[-5,24],[-14,6],[-19,-15],[-14,1],[-49,29],[-6,14],[5,68],[-35,74],[-4,36],[-11,22],[10,7],[-12,10],[-21,0],[-7,12],[-34,24],[-57,19],[-33,2],[-10,24],[-16,12],[-8,-18],[-30,8],[-44,-1],[-6,-8],[0,-26],[13,-6],[-33,-40],[-1,-22],[-7,-5],[-73,5],[-38,-9],[-37,6],[-81,-6],[-32,9],[-31,-8],[-31,37],[-13,33],[16,-2],[-1,14],[8,7],[-29,21],[-22,33],[-31,9],[-16,-6],[-22,21],[-43,11],[-66,-2],[-14,3],[-17,17],[-90,5],[-61,49],[-421,226],[-1884,359],[-5185,1336],[-766,137]],[[50928,106001],[7754,8166],[4,1287]],[[58686,115454],[100,242],[43,195],[23,73],[233,712],[113,290],[87,305],[344,947],[78,194]],[[59707,118412],[155,-30],[43,-19],[28,0],[74,-24],[71,34],[97,-15],[97,25],[25,-3],[58,-29],[20,-20],[23,-3],[114,50],[68,6],[113,1],[115,-13],[40,12],[41,-7],[44,-26],[35,-11],[65,-55],[94,-46],[60,-17],[30,-26],[86,-30],[54,-5],[57,-17],[33,-51],[35,-18],[91,-3],[36,-10],[109,-10],[69,-28],[33,10],[56,38],[46,16],[38,74],[65,-43],[86,-36],[197,-36],[65,-2],[79,16],[80,-17],[166,45],[107,10],[57,-11],[61,-25],[48,-66],[37,-29],[46,-13],[179,-31],[120,-51],[122,-37],[34,-2],[67,-18],[87,-11],[47,17],[120,-16],[175,-40],[117,5],[121,28],[122,87],[137,127],[226,256],[59,44],[140,86],[96,30],[156,35],[82,4],[44,-7],[45,19],[309,38],[355,140],[98,48],[128,116],[91,180],[109,171],[66,59],[13,5],[-4,-81],[26,16],[42,9],[5,20],[29,0],[12,-6],[7,23],[28,-5],[1,15],[43,36],[37,14],[4,17],[166,142],[49,29],[115,54],[111,34],[62,5],[82,-6],[49,10],[27,-14],[65,-5],[45,-13],[41,14],[3,17],[8,5],[30,5],[5,10],[28,0],[57,-36],[130,6],[119,-22],[11,-6],[1,-29],[9,-18],[15,-8],[53,-17],[77,9],[31,-2],[90,-32],[73,-42],[39,-38],[50,-19],[66,-57],[23,-6],[49,-38],[18,0],[7,-14],[69,-31],[28,-24],[87,-20],[27,-15],[76,2],[66,-19],[77,37],[27,48],[12,2],[7,-8],[7,-44],[105,-29],[50,14],[27,33],[47,26],[42,9],[42,-11],[118,1],[19,-7],[59,-56],[24,-55],[28,-42],[38,-75],[22,6],[28,-49],[29,-33],[17,-12],[6,-30],[37,-37],[54,-38],[51,-8],[19,-23],[17,-9],[240,-16],[19,-3],[30,-19],[23,0],[12,2],[1,16],[28,4],[31,16],[45,7],[15,15],[56,28],[4,42],[13,40],[16,24],[12,8],[76,10],[48,-13],[42,13],[-7,27],[4,9],[23,17],[19,26],[37,10],[41,51],[39,0],[-20,47],[0,10],[12,14],[62,41],[15,29],[11,4],[31,-17],[24,2],[7,6],[3,38],[67,25],[7,22],[33,4],[26,-4],[23,22],[13,-2],[19,-15],[12,17],[31,5],[18,-7],[30,-23],[32,45],[35,11],[57,-2],[36,11],[30,0],[11,14],[61,19],[-7,10],[11,12],[69,20],[74,-4],[60,-32],[17,-24],[36,-5],[13,-12],[35,-11],[16,-15],[61,-2],[38,14],[60,74],[19,70],[-2,39],[8,40],[-26,56],[-24,13],[-10,20],[55,42],[18,53],[16,11],[48,1],[58,-8],[76,-50],[17,2],[30,-22],[14,1],[36,16],[116,25],[70,29],[65,1],[139,47],[75,4],[9,12],[33,6],[39,18],[0,15],[16,10],[26,11],[37,0],[57,29],[116,-2],[125,61],[53,11],[30,24],[28,-1],[35,-19],[8,-22],[10,-5],[12,0],[7,11],[56,4],[55,45],[35,44],[74,37],[51,8],[13,7],[6,15],[44,28],[15,18]],[[66613,119109],[-18,15],[-13,4],[-11,-4],[-23,-21],[-4,-29],[-16,-9],[-13,0],[0,-78],[52,45],[46,77]],[[20093,70288],[-32,97],[-29,-5],[-28,-14],[-40,-59],[-118,-99],[-1,-89],[26,-59],[0,-20],[-10,-27],[-86,-73],[-15,-25],[-2,-58],[-9,-23],[-19,-16],[-65,-17],[-18,-53],[-15,-57],[-1,-35],[-10,-23],[-23,-16],[-80,-25],[-3,-35],[37,-61],[71,-64],[0,-23],[-74,-126],[-10,1],[-33,-48],[6,-77],[-29,-18],[-34,-55],[-68,-67],[-21,-36],[-17,-72],[-20,-35],[-127,-212],[-38,-34],[-24,-33],[-26,-52],[-53,-24],[-78,-8],[-29,-15],[-27,-34],[-9,-51],[3,-38],[-18,-62],[-25,-42],[-108,-119],[-56,-83],[-18,-38],[3,-25],[19,-32],[2,-36],[42,-189],[8,-53],[-8,-49],[-46,-82],[10,-87],[-5,-30],[-21,-48],[-31,-40],[-27,-50],[-36,-94],[-12,-70],[-63,-74],[-24,-150],[-338,-323],[-68,-41],[-89,-11],[-74,-40],[-88,-32],[-144,-22],[-30,-23],[-13,-250],[-24,-66],[-55,-95],[45,-70],[13,-42],[-21,-158],[21,-58],[4,-70],[-16,-36],[9,-41],[-6,-31],[-21,-15],[-30,-8],[-82,-11],[-57,7],[-39,-3],[-46,-8],[-22,-11],[-12,-48],[-7,-143],[-16,-50],[-169,-79],[-119,-64],[2,-4],[-60,-12],[-31,-43],[0,-88],[15,-73],[-54,-65],[-15,-44],[139,-204],[0,-66],[-62,-109],[-23,0],[-31,-88],[-54,-14],[-8,-226],[24,-80],[-106,-117],[-32,-27],[-94,-61],[-85,-72],[-68,-33],[-187,-11],[-110,-26],[-13,-18],[-32,-124],[-54,-88],[-46,-36],[-132,-138],[-31,-95],[-30,-44],[-24,-51],[-31,-36],[-30,-62],[1,-35],[-10,-72],[-28,-55],[-79,-56],[-98,-57],[-211,-90],[-204,-96],[-172,-90],[-196,-85],[-217,-128],[-58,-43],[0,-7],[-16,23],[-11,3],[-44,-37],[-34,-87],[-13,-63],[-61,-138],[-61,-212],[-49,-217],[-88,-265],[-249,-469],[-15,-20]],[[13831,60629],[-35,-71],[-110,-125],[-23,-35],[-13,-3],[-77,-78],[-287,-225],[-66,-36],[-327,-228],[-36,-8],[-47,0],[-102,49],[-67,53],[-71,44],[-37,31],[-69,29],[-166,33],[-57,25],[-25,30],[-28,109],[-30,68],[-44,57],[-105,48],[-63,10],[-60,0],[-54,13],[-118,1],[-94,63],[-33,98],[-14,100],[-68,274]],[[11505,60955],[1033,1223],[623,715],[573,494],[11,16],[23,10],[1,79],[15,23],[-29,19],[-26,2],[-21,28],[8,40],[-8,7],[2,76],[-7,28],[5,50],[8,16],[-11,13],[62,75],[24,7],[8,17],[-4,27],[-104,49],[-8,18],[-26,13],[-16,17],[-4,23],[15,57],[-19,28],[-7,24],[0,45],[2,45],[8,24],[59,-24],[28,15],[32,110],[8,63],[-25,66],[0,23],[21,66],[23,23],[28,64],[-4,26],[-24,3],[-35,-12],[-31,4],[-26,13],[-10,32],[27,66],[-21,16],[-3,32],[-16,22],[-29,3],[-12,-11],[-20,-28],[-8,-27],[-15,-9],[-17,-6],[-19,2],[-17,10],[-34,66],[-23,69],[-30,4],[-13,23],[-12,3],[3,19],[23,23],[32,-13],[20,12],[29,34],[-8,19],[-9,74],[-18,2],[-12,21],[-40,-8],[-11,12],[6,37],[-6,17],[-43,6],[-26,29],[17,28],[-15,30],[4,21],[21,14],[1,8],[-19,20],[12,50],[22,13],[0,22],[9,12],[34,9],[7,23],[27,16],[-3,22],[21,36],[-3,25],[-19,39],[-23,-8],[-14,25],[8,61],[12,19],[-38,58],[25,8],[32,26],[22,2],[-2,29],[10,21],[-10,29],[7,26],[25,13],[7,22],[-25,62],[-13,9],[-8,16],[-17,53],[-31,32],[-3,18],[17,12],[-21,55],[-8,10],[-37,18],[-11,35],[-32,37],[0,29],[-29,50],[-53,63],[4,37],[-19,28],[-58,13],[-10,45],[17,10],[-16,68],[4,14],[-65,122],[-15,53],[-47,47],[-8,31],[8,19],[-48,61],[-11,31],[-52,50],[0,45],[11,27],[-15,5],[-7,16],[2,25],[-11,1],[-22,22],[9,22],[-15,64],[16,3],[3,6],[-5,15],[10,-5],[30,40],[-16,27],[-1,13],[17,27],[3,90],[19,0],[3,8],[-10,16],[8,15],[58,27],[-18,43],[5,35],[-9,37],[4,66],[17,38],[-5,36],[17,52],[33,5],[10,71],[9,21],[19,14],[-4,38],[19,10],[-1,24],[21,24],[7,22],[31,42],[-16,24],[0,49],[10,22],[-2,54],[23,28],[6,35],[19,50],[-18,6],[1,25],[-30,6],[-7,54],[19,24],[-8,23],[8,28],[11,3],[11,20],[3,26],[6,6],[11,-2],[26,18],[7,18],[30,-9],[18,8],[33,-2],[11,11],[3,12],[-15,10],[3,17],[23,4],[9,19],[-34,3],[-11,6],[-3,14],[23,-2],[33,14],[-27,41],[4,7],[28,9],[20,-24],[11,-3],[8,79],[-3,26],[39,-1],[8,48],[23,10],[-4,18],[-10,-2],[-8,11],[5,19],[-12,17],[28,30],[16,40],[-22,6],[-19,30],[-26,17],[26,27],[1,18],[-39,29],[19,41],[-8,48],[-20,16],[-8,23],[9,9],[21,-10],[16,13],[-6,20],[-19,8],[-5,14],[20,34],[22,7],[9,19],[-11,18],[28,14],[10,22],[-28,19],[17,24],[-21,48],[-2,22],[-10,15],[-46,9],[-16,19],[-5,23],[26,29],[-1,13],[-17,5],[-2,18],[11,23],[-23,-2],[-7,11],[2,11],[22,0],[16,-16],[10,1],[2,47],[10,20],[-14,13],[-2,12],[23,15],[10,16],[-7,17],[-36,12],[-7,10],[2,9],[56,10],[14,18],[-10,21],[-22,-3],[-8,8],[-2,39],[18,2],[23,-7],[10,8],[-4,6],[32,20],[13,29],[-12,17],[6,8],[24,10],[0,31],[17,18],[14,4],[-4,11],[24,0],[3,18],[-36,32],[23,30],[8,21],[-21,29],[16,29],[18,11],[7,-8],[-5,-17],[11,-5],[17,32],[1,22],[-20,7],[6,18],[-12,15],[26,2],[-3,14],[-38,4],[-3,13],[57,2],[1,10],[-14,26],[4,5],[15,-5],[9,10],[-10,26],[13,13],[-10,5],[-7,-12],[-8,3],[-1,13],[13,7],[2,23],[7,-1],[5,-15],[9,0],[7,19],[-5,6],[-14,-1],[-42,48],[4,7],[6,-4],[12,17],[-5,3],[-12,-6],[-3,6],[24,13],[-3,7],[-17,-9],[3,27],[-9,2],[-10,-9],[-17,11],[-21,3],[-5,-16],[8,-6],[-2,-8],[-23,11],[-4,15],[-19,18],[29,11],[-27,16],[-18,24],[42,14],[-14,18],[21,17],[-34,28],[0,28],[18,6],[8,20],[21,5],[-1,10],[-38,3],[-10,11],[7,31],[-37,33],[-15,-10],[-7,6],[1,17],[11,8],[-51,38],[2,10],[26,22],[-5,9],[-16,1],[-36,-16],[-16,5],[1,11],[-12,15],[-39,4],[2,27],[-8,12],[13,10],[3,20],[23,2],[10,7],[17,53],[-13,14],[-21,-4],[-7,5],[-5,17],[14,33],[0,15],[-10,0],[-10,-19],[-17,8],[0,17],[-10,17],[-31,15],[11,9],[5,14],[-13,13],[2,37],[21,21],[-13,24],[21,3],[7,9],[-24,10],[-8,12],[12,33],[14,16],[-4,12],[-18,5],[-21,-2],[10,29],[-8,9],[-36,-12],[-7,-22],[-10,-3],[-6,30],[15,38],[-7,10],[3,24],[-8,2],[2,15],[10,5],[-1,28],[26,6],[-1,19],[63,-18],[2,9],[-11,5],[-1,9],[14,12],[1,19],[28,5],[2,14],[-10,11],[20,11],[3,18],[-10,38],[-24,1],[0,4],[4,6],[26,4],[4,7],[-9,20],[12,1],[23,-17],[11,9],[-3,29],[-12,17],[-14,2],[-4,12],[3,35],[-32,-18],[-1,16],[10,20],[29,11],[15,27],[26,-5],[2,33],[40,33],[-4,23],[32,-3],[0,9],[-14,10],[7,17],[-74,18],[-11,30],[1,10],[10,3],[17,-11],[12,11],[-9,34],[3,13],[29,-6],[19,10],[12,71],[17,10],[-2,22],[-15,12],[-1,8],[10,6],[-11,26],[13,102],[-15,9],[-4,31],[12,10],[-3,12],[6,5],[3,26],[20,7],[-29,1],[3,14],[20,18],[-17,1],[8,20],[-3,11],[-14,6],[35,5],[5,6],[-5,33],[7,1],[0,14],[-9,6],[1,7],[31,5],[-9,29],[23,-10],[9,16],[6,-11],[11,6],[7,-5],[8,5],[-16,25],[17,-1],[-12,18],[22,-5],[-8,17],[12,-1],[6,13],[10,-7],[3,6],[-10,9],[20,6],[-18,8],[16,10],[-15,6],[22,5],[-5,9],[4,5],[-8,-6],[-9,7],[9,6],[0,12],[8,-3],[-8,19],[16,7],[3,-6],[-6,-13],[16,-8],[6,3],[-10,34],[8,-2],[6,-10],[26,23],[-4,20],[-13,7],[1,15],[-18,5],[35,26],[6,-1],[-1,-9],[6,-3],[21,9],[2,17],[-12,-2],[-5,4],[32,7],[3,16],[-24,7],[-11,22],[26,-4],[8,11],[-11,-1],[-4,13],[27,9],[-23,5],[-8,19],[4,3],[18,-12],[35,45],[27,-3],[-3,18],[11,-4],[4,-9],[17,7],[-8,-21],[8,-5],[6,0],[12,17],[-3,18],[13,0],[12,-16],[4,18],[-18,13],[18,6],[-1,16],[-9,9],[-10,-2],[13,19],[11,-6],[-1,10],[11,3],[-14,12],[3,5],[21,-3],[-9,17],[-14,-2],[15,7],[-9,14],[20,-7],[-9,17],[15,-7],[1,15],[-17,10],[10,8],[13,-11],[5,15],[10,2],[-10,9],[-16,-9],[3,12],[-16,0],[11,11],[-1,6],[-8,0],[-2,17],[13,-3],[25,7],[-6,31],[17,18],[10,0],[-3,12],[13,6],[85,-32],[18,4],[42,41],[2,25],[-75,66],[-20,50],[-2,41],[14,62],[24,24],[16,0],[41,-16],[46,-29],[24,0],[12,8],[45,64],[21,4],[23,-5],[65,-86],[50,-22],[51,-1],[41,16],[34,48],[0,41],[-9,25],[-17,20],[-3,26],[16,15],[23,9],[25,-6],[21,-15],[49,5],[12,21],[-13,49],[0,28],[21,37],[22,18],[43,8],[53,-34],[57,-56],[47,-24],[50,-4],[14,12],[9,38],[-14,36],[-49,32],[-15,31],[8,27],[18,13],[37,-1],[68,-38],[77,7],[145,-48],[131,14],[51,68],[-7,40],[25,52],[22,23],[25,7],[21,-12],[37,-41],[33,-24],[31,2],[26,22],[10,45],[-8,39],[-21,32],[-4,32],[31,23],[57,3],[67,-69],[31,-1],[30,12],[13,20],[8,32],[-10,43],[6,26],[35,39],[38,11],[39,-2],[43,-26],[25,7],[9,13],[18,64],[24,14],[29,4],[35,-12],[12,-23],[7,-52],[10,-27],[21,-20],[28,-5],[25,2],[52,25],[74,116],[32,21],[29,11],[29,-1],[49,-64],[19,-11],[39,31],[16,53],[40,52],[28,143],[27,35],[71,-1],[90,-16],[31,13],[12,30],[-10,79],[11,23],[20,12],[24,4],[24,-7],[17,-17],[22,-70],[27,-17],[43,8],[55,46],[27,-3],[14,-24],[-23,-57],[6,-18],[25,-21],[15,-1],[32,8],[31,28],[23,47],[25,17],[37,9],[82,-24],[38,7],[124,75],[50,-11],[45,-18],[42,-1],[46,83],[-24,68],[-4,32],[10,39],[21,27],[20,10],[35,-1],[71,-40],[20,-34],[32,-18],[34,1],[13,10],[8,27],[-12,37],[-49,44],[-8,35],[15,32],[34,15],[31,1],[101,-95],[29,-3],[28,11],[13,11],[25,45],[6,51],[21,15],[23,2],[33,-32],[9,-44],[12,-22],[24,-13],[28,7],[39,77],[27,7],[22,-2],[45,-19],[47,-90],[62,-38],[104,20],[37,-9],[7,-18],[-5,-19],[-13,-27],[-35,-29],[-8,-26],[16,-30],[30,-3],[31,18],[58,61],[37,77],[73,32],[66,-21],[14,-44],[-45,-135],[2,-45],[34,-42],[139,-6],[43,3],[25,26],[13,34],[41,29],[29,2],[29,-69],[26,-7],[57,51],[-36,62],[-14,48],[0,18],[30,25],[32,4],[34,-15],[39,-91],[29,-40],[31,-9],[76,35],[67,8],[11,17],[-6,22]],[[19723,75177],[140,-82],[13,25],[58,24],[199,35],[132,13],[175,1],[221,-27],[100,-49],[434,-334],[25,-34],[-42,-55],[-96,-78],[-22,-47],[-13,-126],[-25,-93],[-1,-108],[24,-257],[38,-44],[74,-47],[105,-39],[85,-159],[36,-24],[39,-66],[15,-43],[-23,-20],[-18,-31],[-25,-77],[-71,-80],[0,-32],[-22,-85],[-14,-30],[-41,-51],[-42,-85],[-49,-37],[-104,-20],[-57,-65],[-16,-29],[-10,-49],[13,-28],[45,-62],[-9,-33],[-19,-29],[-35,-22],[-45,-44],[-13,-22],[-3,-123],[-12,-26],[-49,-22],[-3,-17],[4,-26],[28,-23],[131,-40],[38,0],[22,-41],[41,-21],[38,-61],[8,-51],[-5,-19],[-50,-66],[-21,-109],[-46,-51],[-10,-43],[-44,-114],[5,-24],[34,-62],[13,-44],[1,-32],[40,-74],[-20,-47],[-26,-25],[-40,-5],[-87,2],[-52,22],[-30,3],[-25,-12],[-125,-97],[-68,-85],[-28,-25],[-72,-34],[-73,-13],[-30,-21],[-8,-29],[31,-118],[2,-40],[-9,-32],[5,-26],[-70,-57],[-113,-127],[-46,-85],[-55,-62],[29,-34],[18,-40],[1,-57],[-38,-70],[-8,-35],[11,-55],[-23,-51]],[[19049,26383],[-6,85],[-21,104],[-1,104],[-11,23],[-42,25],[-79,31],[-48,29],[-24,53],[-4,43],[27,59],[-6,49],[-39,69],[-59,52],[-13,29],[35,111],[-19,49],[11,69],[30,97],[35,88],[10,12],[21,66],[1,65],[-11,46],[-32,45],[-57,51],[-34,69],[-43,45],[-20,31],[-42,33],[-12,21],[8,149],[-26,36],[-5,33],[-20,51],[-34,50],[-18,71],[-66,-28],[-99,-15],[-349,-199],[-19,-7],[-31,4],[-31,-9],[-11,-27],[-12,-11],[-58,-35],[-57,-47],[-10,13],[-63,34],[-93,106],[-38,28],[-22,8],[-15,19],[-14,43],[-13,13],[-41,18],[-14,19],[-15,4],[-14,45],[-36,37],[-69,44],[-171,92],[-26,43],[-7,75],[-8,25],[-63,61],[-50,38],[-59,21],[-43,55],[-53,37],[-27,39],[-14,37],[-35,13],[-122,14],[-154,6],[-44,75],[-32,23],[-25,10],[-16,-2],[-13,-16],[-15,-8],[-22,0],[-42,-17],[-56,22],[-103,131],[6,24],[15,9],[-9,70],[-16,28],[-5,39],[-11,5],[-8,23],[-14,18],[-4,23],[-8,7],[-1,15],[-25,38],[-30,69],[-11,13],[-49,18],[-60,74],[-25,13],[-62,16],[-97,-40],[-15,-17],[-16,-46],[1,-20],[-13,-9],[-26,-3],[-19,16],[-54,4],[-17,49],[-27,4],[-97,85],[-35,23],[-16,21],[1,18],[61,46],[-27,68],[2,8],[68,0],[35,8],[41,-12],[20,9],[-15,53],[20,19],[35,6],[61,33],[72,20],[44,-20],[19,30],[-4,22],[13,27],[12,20],[20,17],[-11,18],[-13,236],[-14,20],[-22,84],[-69,184],[-40,136],[-9,19],[-54,39],[-117,159],[-50,54],[-5,19],[9,40],[0,44],[5,12],[38,26],[4,17],[-20,33],[-1,37],[12,20],[6,35],[60,95],[13,64],[1,58],[-12,47],[-31,74],[17,57],[-7,50],[6,20],[48,40],[5,27],[46,19],[41,56],[27,12],[48,35],[52,59],[-9,10],[-44,10],[-54,42],[0,19],[-20,32],[-3,46],[-33,30],[-11,0],[-11,-12],[-19,-33],[-15,2],[-6,10],[-11,0],[-15,-13],[-41,-4],[-36,12],[-10,-13],[-21,0],[-43,-20],[-3,-13],[-44,-13],[-26,7],[-14,-3],[-36,37],[-38,16],[-40,31],[-63,2],[-17,13],[-8,22],[20,49],[-2,10],[-5,12],[-23,17],[-23,104],[-37,30],[-19,28],[-68,50],[-31,34],[-18,12],[-22,2],[-43,18],[-59,-16],[-25,5],[-73,45],[-14,0],[-21,13],[-75,22],[-41,20],[-41,23],[-24,34],[-35,-4],[-64,29],[-21,18],[-8,20],[-56,35],[-4,29],[-7,6],[-28,0],[-96,80],[-44,8],[-36,30],[-65,33],[-25,20],[-18,-6],[-36,24],[-84,19],[-22,22],[-15,-20],[4,-18],[-6,-17],[27,-100],[2,-33],[13,-24],[-14,-54],[-3,-48],[24,-30],[9,-22],[5,-62],[28,-69],[0,-15],[-19,-20],[2,-11],[-10,-18],[-3,-40],[5,-14],[-5,-28],[13,-27],[4,-46],[-10,-27],[-38,-41],[-9,-25],[21,-38],[-4,-24],[-25,-39],[7,-10],[-1,-42],[24,-62],[-21,-32],[-3,-23],[-27,-69],[-12,-19],[-30,-21],[-7,-14],[0,-41],[-13,-34],[-37,-53],[-42,-32],[-60,-65],[3,-63],[25,-38],[-54,-34],[-185,-58],[-145,-70],[-111,-126],[-133,-243],[-147,172],[-111,80],[-71,27],[-469,2]],[[12196,31457],[337,795],[15,48],[-9,64],[11,48],[-26,20],[-16,23],[-2,16],[8,28],[21,34],[-11,29],[-17,21],[-66,29],[-88,124],[-35,19],[-16,28],[9,68],[-15,2],[-54,50],[-147,44],[-27,-3],[-17,-21],[-37,-1],[-20,6],[-71,42],[-63,14],[-75,38],[-51,5],[-28,-13],[-28,-2],[-44,15],[-27,-13],[-56,8],[-38,-31],[-61,-26],[-6,-13],[-24,-14],[-76,12],[-60,-9],[-25,-12],[-41,-59],[-32,-7]],[[11188,32863],[14,74],[236,515],[145,264],[160,256],[176,263],[196,266],[220,263],[251,268],[270,251],[269,236],[283,220],[312,215],[182,112],[222,133],[147,79],[175,78],[59,45],[163,91],[277,177],[282,289],[78,91],[182,162],[168,176],[152,129],[79,-114],[60,-58],[190,-68],[233,-48],[183,22],[290,-6],[164,12],[70,-9],[45,7],[62,28],[16,-41],[15,-244],[-8,-79],[16,-77],[52,-54],[51,-77],[26,-454],[118,-48],[72,-275],[51,-97],[102,11],[28,-5],[14,-11]],[[24797,33359],[-10,-82],[9,-26],[-5,-39],[41,-91],[-5,-100],[22,-18],[14,-43],[2,-32],[-56,-122],[-17,-24],[-2,-13],[12,-15],[9,-29],[28,-39],[9,-32],[-19,-111],[2,-12],[58,-52],[53,-29],[2,-8],[-39,-248],[-27,-37],[-57,-39],[-27,-30],[-23,-41],[-11,-62],[-2,-111],[4,-98],[46,-135],[25,-34],[58,-42],[30,-34],[22,-60],[-16,-176],[19,-84],[-3,-32],[-39,-117],[-47,-223],[19,-91],[22,-62],[4,-34],[-17,-73],[0,-38],[-32,-63],[31,-80],[11,-78],[-11,-63],[-22,-49],[-21,-27],[10,-111],[-6,-47],[22,-41],[-2,-19],[-18,-38],[10,-44],[-3,-20],[-32,-61],[9,-21],[72,-60],[-31,-76],[-1,-21],[-24,-21],[-3,-13],[16,-98],[13,-24],[-6,-37],[-30,-86],[-45,-74],[-1,-37],[53,-180],[14,-37],[51,-60],[11,-51],[-27,-38],[-54,-44],[-20,-8],[-86,2],[-27,-8],[-35,-19],[-143,-145],[-23,-45],[-16,-61],[9,-68],[13,-17],[39,-16],[33,-29],[21,-45],[-43,-66],[-62,-50],[-22,-31],[-36,-136],[-44,-80],[-153,-231],[-14,-75],[9,-70],[-32,-197],[-16,10],[-73,7],[-218,7],[-126,-10],[-24,-23],[-34,-9],[-65,-44],[-94,-22],[-140,-42],[-150,-18],[-249,-9],[-86,4],[-24,-22],[-8,-30],[-12,-14],[-24,-15],[-42,-10],[-47,18],[-36,7],[-76,-10],[-46,3],[-15,36],[-37,49],[-59,70],[-40,35],[-16,9],[-47,6],[-27,19],[-27,4],[-34,19],[-78,15],[-83,-16],[-33,-15],[-5,-15],[-186,-128],[-113,-38],[-47,10],[-28,13],[-71,69],[-29,16],[-61,21],[-45,2],[-65,-9],[-29,-13],[-66,-84],[-83,-37],[-111,-71],[-119,-52],[-38,1],[-71,20],[-79,10],[-35,-2],[-120,-33],[-89,-62],[-76,-86],[-24,-39],[-33,-99],[-33,-131],[-17,-26],[-23,-14],[-30,0],[-38,-13],[-24,-24],[-2,-21],[-18,-48],[-74,-100],[-50,-10],[-77,-43],[-42,-60],[-30,-101],[-94,-72],[-11,-26],[4,-28],[-22,-28],[-21,-45],[-56,-77],[-7,-2],[-26,19],[-6,50],[-33,33],[-21,66],[-53,38],[-58,69],[-92,74],[-109,8],[-29,9],[-59,38],[-114,29],[-104,-23],[-64,14],[-16,-2]],[[154651,65518],[-365,-772],[-36,-587],[-9,-24],[-341,-513],[147,-46],[74,-64],[14,-76],[-32,-47],[-67,-60],[-76,-84],[9,-182],[28,-283],[-41,-51],[-7,-63],[18,-108],[40,-105],[8,-91],[-167,-87],[-93,-71],[-117,-100],[-74,-78],[-58,-48],[-91,-114],[-215,-213],[-237,-153],[32,-46],[1,-64],[33,-38],[2,-17],[-11,-47],[1,-31],[15,-19],[8,-52],[16,-37],[3,-68],[7,-14],[-6,-26],[-10,-5],[-4,-12],[-19,-9],[-8,-22],[-21,-24],[-4,-22],[17,-39],[1,-49],[10,-20],[-19,-197],[10,-69],[35,-79],[34,-31],[37,-46],[214,-194],[31,-64],[17,-71],[11,-129],[46,-159],[75,-154],[42,-116],[43,-176],[19,-139],[26,-103],[6,-67],[-5,-109],[-13,-144],[-12,-44],[-27,-51],[-44,-49],[-47,-28],[-21,-25],[-38,-17],[-15,-27],[-1,-14],[13,-21],[-9,-6],[-5,-18],[-34,-17],[4,-17],[-22,-20],[-19,8],[-10,-57],[-28,-6],[-10,-8],[-3,-23],[17,-21],[-32,-2],[1,-10],[24,-11],[-13,-15],[2,-12],[-38,-3],[23,-33],[-10,-14],[9,-12],[9,0],[-9,-59],[12,7],[5,13],[10,5],[6,-9],[-20,-21],[20,-21],[-3,-9],[-56,-28],[-63,-54],[-35,-6],[-6,10],[-14,-24],[7,-10],[-47,-10],[-6,-12],[-14,0],[-8,31],[-12,-4],[-17,-26],[23,-13],[-9,-21],[-17,-5],[-19,22],[-5,-29],[-18,-4],[-11,-25],[11,-12],[-9,-11],[-52,-45],[-35,-5],[-8,-26],[-18,-22],[-10,-2],[-23,12],[-15,-37],[-6,-7],[-12,1],[-3,-13],[7,-12],[-10,-6],[4,-28],[-31,-1],[-20,15],[-33,4],[-23,-5],[3,-26],[8,-10],[25,-6],[-1,-12],[-12,-12],[-13,-2],[-11,9],[-10,22],[-12,-7],[-6,-36],[44,-20],[2,-23],[11,-11],[-2,-8],[-10,0],[-30,11],[2,-33],[10,0],[6,-8],[-25,-10],[-62,20],[-2,-30],[-96,-30],[-14,-29],[-9,0],[-5,8],[0,28],[-12,-6],[-16,-20],[0,-10],[30,-10],[-3,-11],[-45,2],[22,-19],[-5,-20],[-20,-19],[0,-18],[-27,-4],[-20,-24],[-37,28],[-4,-23],[-13,-6],[-64,23],[-47,-7],[-28,9],[-28,-8],[-21,13],[-14,-3],[-4,-20],[-9,-6],[-13,1],[-9,20],[-9,-5],[-16,4],[-11,-20],[-10,3],[-5,-21],[-10,-6],[-55,3],[0,-11],[8,-6],[-3,-8],[-30,15],[-9,-9],[1,31],[-6,9],[-15,1],[-6,-6],[10,-22],[-13,-2],[-30,13],[-28,-26],[-6,-15],[42,-19],[3,-36],[18,-11],[0,-11],[-12,1],[-8,-11],[23,-49],[2,-30],[21,-36],[0,-17],[-10,-10],[-6,-27],[38,1],[4,-15],[-6,-28],[7,-13],[30,10],[1,-13],[-19,-28],[-40,10],[-20,-31],[-43,-13],[-9,-22],[-20,-13],[-18,8],[-33,-13],[-17,-37],[-64,2],[-7,-6],[6,-19],[-54,11],[-3,-23],[41,-35],[-6,-15],[-10,-16],[-18,24],[-8,-4],[-1,-31],[-9,-2],[-8,10],[-11,-26],[-19,12],[-2,-43],[-17,-16],[2,-16],[12,-10],[4,-50],[36,-38],[9,-77],[-7,-24],[-60,-75],[-10,-24],[-35,18],[-21,-20],[-38,0],[-20,-20],[-12,-24],[-37,0],[-28,11],[-23,-42],[20,-32],[-3,-22],[21,-18],[3,-19],[-94,-68],[28,-108],[-11,-16],[-26,-4],[2,-28],[12,-18],[58,-44],[6,-32],[-37,-53],[-52,-46],[-16,-2],[-30,17],[-7,-26],[7,-48],[-12,-18],[-23,2],[-61,-9],[-9,-24],[-17,-9],[-46,-4],[-21,-24],[-26,-11],[-54,2],[-9,-26],[-28,-9],[-30,11],[-17,33],[-46,-48],[-19,8],[-30,-31],[-10,-19],[11,-34],[-44,-117],[-35,-11],[-17,-20],[-7,-22],[-7,-41],[26,-82],[16,-24],[-56,-66],[-37,-13],[-70,-55],[-25,7],[-19,-18],[-33,-13],[-104,-133],[-51,-36],[-79,-39],[-49,-51],[-174,-254],[-73,-129],[-112,-168],[-806,-1034],[-26,-45]],[[149030,53122],[-8,14],[-1605,1278],[-36,36],[-19,38],[-130,458],[-37,52],[-40,36],[-126,77],[-29,38],[-16,36],[-10,173],[-53,71],[-13,34],[-13,71],[-70,179],[-67,68],[-37,50],[-69,286],[-65,138],[-21,62],[-17,27],[-88,85],[-12,22],[-3,57],[-28,52],[-7,91],[-39,98],[-17,22],[-5,18],[-39,33],[-15,48],[-28,22],[-17,22],[-66,40],[-44,37],[-106,39],[-20,17],[33,132],[25,172],[-2,63],[-6,44],[-30,87],[-115,206],[-36,35],[-19,28],[-5,62],[27,40],[35,81],[46,32],[44,44],[114,90],[109,48],[61,50],[157,91],[81,108],[55,42],[87,46],[40,33],[25,36],[18,5],[15,61],[13,12],[45,21],[10,50],[30,42],[136,80],[26,27],[39,20],[19,2],[26,-10],[58,5],[32,-11],[86,208],[65,-16],[34,-23],[71,9],[19,20],[23,-2],[25,-11],[9,7],[47,0],[61,-29],[9,14],[6,200],[-14,63],[-56,69],[-141,134],[-10,19],[-4,37],[-1,110],[31,104],[67,144],[16,93],[3,72],[16,54],[68,330],[0,40],[-14,50],[-22,57],[-55,87],[-133,170],[-119,171],[-107,81],[-86,4],[-70,15],[-27,29],[-20,42],[-23,31],[-4,15],[19,72],[0,40],[-2,11],[-10,0],[7,17],[-28,50],[-4,23],[7,15],[-7,12],[5,9],[-9,18],[1,13],[5,13],[20,10],[-2,12],[8,6],[12,-6],[-3,30],[14,24],[-6,25],[-18,18],[6,8],[-2,26],[-58,5],[-10,26],[-18,103],[11,101],[-25,106],[-56,88],[-24,68],[-32,42],[-38,32],[-113,61]],[[149240,65369],[21,-16],[11,-34],[29,2],[24,16],[13,2],[16,-22],[5,-37],[11,-7],[15,28],[30,30],[26,-9],[3,-12],[10,2],[5,14],[10,7],[39,9],[11,12],[44,11],[28,-8],[28,28],[26,5],[13,17],[18,-13],[42,27],[5,14],[26,4],[20,-3],[72,-59],[13,13],[7,-19],[19,-8],[-3,-10],[6,-11],[11,3],[6,-18],[10,-1],[12,-22],[19,6],[3,-8],[27,-20],[9,4],[-6,12],[8,10],[13,-11],[15,2],[1,13],[14,9],[7,-6],[26,15],[14,-15],[9,-2],[15,21],[10,1],[9,-12],[11,2],[-2,12],[11,21],[29,-5],[-1,-9],[13,-9],[4,13],[32,22],[22,-17],[14,2],[7,10],[12,-5],[11,-15],[10,3],[16,-11],[-1,-14],[6,-9],[28,-4],[10,-10],[32,-5],[20,7],[12,20],[10,1],[8,-11],[9,1],[18,17],[45,-7],[20,4],[10,15],[-1,46],[12,11],[-6,10],[5,10],[-11,3],[-1,14],[-15,25],[22,6],[24,-7],[8,9],[13,1],[-15,31],[-23,5],[42,64],[22,17],[13,-2],[6,6],[38,6],[20,-4],[8,-10],[6,-29],[18,-6],[20,2],[1,40],[29,-14],[35,14],[1,21],[-6,7],[15,19],[-9,24],[13,16],[14,-18],[104,23],[8,10],[13,4],[31,-13],[24,16],[20,0],[8,12],[22,7],[8,13],[29,14],[-2,16],[12,5],[47,-27],[56,0],[14,-16],[12,3],[15,16],[24,-16],[17,18],[26,-14],[27,18],[27,-22],[36,11],[17,14],[17,-3],[42,11],[13,-13],[27,-2],[30,14],[36,-6],[8,-6],[4,-20],[21,1],[6,-12],[18,0],[15,-36],[-8,-39],[10,-9],[2,-25],[49,5],[32,-22],[16,-2],[23,-27],[72,-2],[13,-11],[16,-2],[22,7],[43,-22],[46,-7],[16,15],[21,1],[11,7],[7,12],[23,-20],[40,18],[13,23],[8,-13],[14,-4],[-1,26],[28,-3],[4,9],[-9,17],[11,16],[-19,16],[17,5],[3,9],[-8,14],[5,30],[-14,9],[-35,2],[-6,11],[16,12],[0,13],[17,6],[40,-8],[21,7],[-11,23],[-2,28],[17,13],[2,21],[24,6],[24,-3],[29,-18],[31,6],[71,-27],[24,2],[20,-17],[-1,-10],[27,-22],[23,-2],[20,16],[11,-13],[-4,-8],[77,-30],[12,-13],[5,-21],[24,-31],[26,5],[14,-18],[14,-3],[19,16],[4,-8],[23,-4],[47,13],[8,-25],[29,20],[23,3],[1,12],[10,4],[14,-12],[12,4],[-7,22],[1,13],[11,12],[44,-6],[17,-21],[-6,-36],[14,-38],[17,-2],[25,-24],[20,12],[20,-6],[7,-32],[54,-15],[80,-4],[11,31],[36,2],[3,18],[11,1],[15,-9],[36,6],[2,9],[-6,11],[23,21],[5,17],[10,-1],[8,9],[15,0],[12,9],[19,-16],[13,-3],[36,7],[19,-8],[76,-7],[28,-16],[53,-48],[3,-26],[9,-7],[42,9],[15,-4],[51,7],[14,-28],[67,-50],[16,13],[30,-1],[-1,17],[26,13],[1,12],[28,6],[43,-13],[10,-21],[32,6],[5,-13],[13,-5],[12,-23],[41,3],[19,9],[42,-1],[11,-9],[12,1],[11,-23],[15,18],[42,-3],[17,28],[12,0],[17,-16],[6,27],[55,27],[9,-2],[18,-25],[17,11],[15,-12],[32,12],[20,18],[9,-2],[8,-18],[17,-10],[12,18],[23,-5],[29,23],[-5,22],[8,15],[39,13],[15,-17],[16,-6],[16,2],[28,-40]],[[153611,75744],[-494,-14],[-50,29],[-20,1],[-179,-41],[-210,-60],[-98,-5],[-115,35],[-144,68],[-38,5],[-158,-14],[-15,2],[-31,19],[-6,-64],[-31,-67],[-152,-76],[-35,-58],[-103,-102],[-18,-31],[-37,-95],[-13,-75],[-11,-13],[-343,-91],[-4,24],[-12,12],[-20,13],[-47,16],[-44,36],[-15,6],[-97,5],[-120,-14],[-61,-20],[-55,-29],[-143,-97],[-43,-42],[-99,-117],[-47,-42],[-34,-19],[-152,-47],[-65,2],[-50,20],[-78,92],[-73,50],[-42,3],[-44,-10],[-89,-38],[-248,-128],[-424,-229],[-594,-353],[-125,-86],[-206,-176],[-99,-99],[-34,-41],[-14,-27],[-85,-70],[-78,-98],[-11,-27],[-9,-97],[-80,-99],[-23,-39],[-33,-74],[-18,-63],[-5,-45],[-30,-30],[-13,-49],[-35,-43],[-8,-23],[-2,-70],[-18,-66],[-18,-27],[-6,-45],[-177,-396],[-27,-75],[0,-22],[8,-21],[-2,-25],[-15,-46],[-13,-28],[-44,-43],[-47,-120],[-87,-105],[-67,-93],[-32,-176],[-82,-76],[-103,-136],[-25,-101],[-11,-129],[-11,-34],[-21,-36],[-60,-54],[-105,-57],[-43,-38],[-81,-111],[-126,-131],[-47,-95],[-20,-63],[-4,-46],[22,-48],[49,-77],[10,-52],[-9,-48],[-21,-41],[-32,-23],[-5,-17],[-15,-5],[-46,-37],[-42,-13],[-19,-34],[-46,-107],[-3,-64],[-25,-92],[-2,-30],[124,-255],[23,-36],[12,-34],[-2,-42],[-10,-19],[-34,-27],[-68,-40],[-63,-7],[-35,-13],[-18,-19],[-22,-90],[-32,-49],[-213,-187],[-176,-135]],[[144962,69188],[-5,149],[-114,-17],[-42,14],[-78,58],[-75,23],[-45,73],[-8,42],[8,41],[47,35],[1,64],[7,26],[-13,20],[-23,86],[-22,22],[-54,28],[-17,28],[1,44],[8,26],[27,19],[28,8],[-4,32],[-67,8],[-25,10],[-55,45],[6,82],[35,39],[5,13],[-5,10],[-28,15],[-8,54],[-17,8],[-29,-20],[-30,-5],[-20,14],[-16,12],[-6,27],[-29,24],[-13,72],[-12,9],[-4,14],[-101,50],[-21,-3],[-41,-25],[-18,6],[-7,12],[-27,1],[-89,-53],[-28,-7],[-59,26],[-170,34],[27,117],[37,25],[14,16],[-6,28],[3,14],[19,28],[-20,32],[-1,28],[-26,18],[-39,-5],[-17,4],[-27,23],[-33,0],[-30,48],[31,44],[44,36],[-1,41],[-54,37],[-4,29],[-15,37],[-11,6],[-87,-1],[-32,17],[-35,70],[-30,16],[-30,4],[-26,28],[-59,43],[-27,61],[-29,21],[-34,37],[7,97],[-20,60],[-26,24],[-43,75],[-3,27],[-17,39],[-5,147],[-26,68],[6,63],[-15,19],[-3,25],[-15,20],[-11,63],[-48,124],[-21,76],[-89,543],[-67,187],[-65,152],[-27,95],[172,2896],[-14,64],[-36,67],[-150,127],[-290,181],[-295,160],[-56,39],[-102,92],[-149,202]],[[141804,77115],[122,166],[80,87],[93,64],[59,21],[71,10],[203,-13],[101,-17],[24,17],[2794,-515]],[[152715,80041],[292,-105],[214,-128],[401,-223],[41,-16],[46,-3],[23,5],[30,16],[13,-2],[42,-34],[74,4],[25,22],[29,-1],[26,-26],[21,-47],[12,-7],[9,-16],[84,-24],[168,-16],[29,-65],[3,-41],[-8,-41],[-39,-58],[-121,-143],[-31,-52],[0,-19],[5,-136],[17,-138],[44,-13],[-3,-702],[38,-158],[4,-84],[61,-114],[5,-61],[14,-34],[30,-190],[-14,-23],[-29,-200],[-41,-213],[-23,-110],[-23,-65],[-32,-54],[-109,-149],[-68,-113],[-110,-144],[-5,-32],[-22,-52],[-91,-165],[-43,-122],[-95,-183],[3,-22]],[[77832,47297],[-79,46],[-692,269],[-337,145],[-375,253],[-533,472]],[[75816,48482],[182,218],[227,213],[28,41],[17,73],[-8,34],[-20,42],[-61,66],[1,34],[24,44],[23,24],[34,21],[142,12],[25,13],[57,49],[159,201],[77,79],[59,50],[78,52],[428,233],[171,67],[75,21],[178,30],[59,4],[247,-10],[116,7],[128,23],[115,44],[40,24],[70,57],[100,100],[480,513],[124,87],[79,39],[71,26],[91,7],[96,-6],[95,-23],[123,-43],[94,-15],[30,-16],[34,-35],[42,-56],[32,-64],[47,-66],[30,-38],[66,-63],[51,-40],[96,-51],[99,-43],[76,-17],[16,1],[64,48],[170,164],[26,18],[95,44],[22,2],[14,-6],[119,-71],[95,-25],[193,-20],[103,-23],[159,11],[54,42],[99,113],[177,237],[80,75],[19,27],[66,70],[22,4],[113,-39],[58,0],[51,25],[15,14],[195,71],[31,42],[94,78],[18,9],[41,8],[50,25],[52,6],[13,-60],[56,-21],[57,-9],[231,28],[114,27],[20,-5],[17,-23],[101,-82],[36,-11],[63,0],[149,61],[95,9],[81,30],[36,3],[35,-27],[32,98],[15,87],[19,61],[17,28],[20,26],[59,50],[84,109],[39,26],[69,33],[43,11],[28,31],[19,65],[74,137],[-2,32],[11,25],[-8,21],[1,23],[12,41],[26,47],[40,53],[65,77],[42,34],[12,0],[50,22],[73,50],[65,-25],[23,-26],[41,108],[65,71],[38,29],[18,39],[-2,8],[-32,45],[-24,76],[-55,83],[-26,81],[-23,172],[13,47],[74,122],[36,169],[16,37],[63,12],[33,-4],[107,-33],[29,11],[53,48],[39,27],[56,16],[37,1],[79,-26],[63,-35],[34,-12],[67,-9],[105,-41],[42,-2],[67,13],[76,-4],[61,-8],[91,-34],[54,-8],[53,0],[12,22],[14,161],[26,136],[4,120],[-25,191],[5,28],[15,31],[53,41],[26,31],[32,60],[122,135],[179,163],[59,22],[26,4],[56,-27],[27,-52],[69,-65],[78,-49],[16,-4],[15,6],[49,135],[67,143],[38,60],[48,46],[50,74],[38,31],[32,6],[103,-18],[46,0],[17,6],[19,17],[21,50],[-5,9],[14,57],[-11,20]],[[87469,55039],[31,7],[63,67],[80,-2],[203,-31],[32,1],[22,12],[32,49],[28,75],[21,29],[39,28],[124,54],[89,-52],[87,-38],[121,-86],[14,-2],[66,76],[62,183],[29,60],[36,121],[-6,31],[-48,87],[-23,65],[-32,192],[5,157],[15,26],[22,65],[82,78],[63,100],[30,30],[39,6],[24,31],[14,57],[46,96],[10,68],[15,28],[-1,39],[25,-1],[19,-11],[78,-140],[36,-13],[22,-17],[90,-172],[25,-64],[32,-60],[42,-46],[14,-44],[55,-69],[114,-60],[114,-3],[85,10],[28,-2],[24,25],[8,38],[-1,31],[-11,31],[16,20],[31,19],[63,3],[27,-15],[101,28],[185,65],[26,23],[13,68],[-5,34],[-52,37],[-11,27],[41,35],[158,88],[87,56],[66,80],[87,40],[51,45],[81,44],[100,21],[40,15],[116,76],[42,12],[162,82],[49,1],[23,10],[28,43],[39,35],[4,11]],[[91270,57182],[62,-112],[225,-268],[87,-81],[217,-261],[36,-10],[64,-1],[52,-18],[137,-12],[54,-17],[50,-32],[34,-39],[7,-16],[21,-18],[95,-53],[59,-16],[15,-9],[19,-29],[9,-31],[25,-29],[8,-98],[11,-37],[-6,-28],[-38,-57],[-7,-1],[-219,44],[-154,-223],[-42,-101],[-45,-136],[-117,-24],[1,-239],[-3,-27],[-18,-17],[7,-1],[-50,-14],[-92,-59],[-61,-26],[-40,-64],[69,-62],[-16,-13],[4,-6],[-306,-15],[-213,-19],[-150,3],[-53,7],[-217,4],[-108,8],[-21,-5],[-37,31],[-38,16],[-209,19],[-80,1],[-42,10],[-51,25],[-82,84],[-33,13],[-73,12],[-39,-2],[-71,-17],[-87,-40],[-87,-65],[-25,-35],[-9,-16],[12,-7],[-17,-42],[-16,-68],[-29,-40],[-27,-108],[-40,-75],[-30,-79],[-17,-88],[-30,-112],[-25,-63],[-46,-90],[-24,-166],[5,-49],[24,-99],[94,-219],[-129,-78],[-130,-58],[-44,-14],[-8,-13],[20,-51],[25,-32],[50,-40],[4,-12],[-2,-49],[-11,-33],[-66,-84],[-17,-9],[-208,-22],[-27,2],[-76,38],[-20,-3],[-14,-12],[-26,-43],[-1,-9],[75,-51],[22,-23],[36,-75],[166,24],[56,-40],[19,-23],[-4,-248],[14,-240],[-52,-191],[-2,-26],[-85,-133],[-6,-2],[-55,-179],[-25,-130],[-2,-110],[-8,-28],[-24,-41],[-91,-112],[-37,-75],[-50,-139],[-14,-107],[0,-318],[-33,-204],[-48,-195],[-71,-151],[-71,-108],[-59,-71],[-67,-58],[-199,-119],[-138,-65],[-50,-11],[-70,2],[-60,17],[-67,43],[-50,45],[-19,31],[-14,36],[-27,98],[-91,522],[-80,405],[-16,181],[-9,58],[-16,51],[-35,64],[-25,26],[-107,54],[-48,33],[-76,77],[-27,15],[-34,10],[-25,-2],[-38,-16],[-28,-1],[-193,23],[-93,-14],[-129,24],[-81,-74],[-25,-31],[-47,-29],[-65,-54],[-58,-80],[-16,-13],[-184,-99],[-38,-9],[-114,34],[-74,40],[-63,38],[-11,23],[-37,32],[-119,18],[-78,40],[-96,205],[-6,42],[-53,-19],[-84,-17],[-147,-20],[-32,-11],[-38,-48],[-25,-15],[-43,-2],[-76,12],[-15,-3],[-50,-49],[-48,-93],[-43,-54],[-18,-40],[-15,-138],[-28,-41],[-98,-12],[-40,5],[-237,71],[-59,8],[-150,-3],[-140,-27],[-101,-80],[-23,-36],[-9,-114],[-2,-107],[23,-238],[-13,-87],[-135,-162],[-157,-169],[-217,-137],[-4,-9],[5,-12],[-41,-7],[-76,4],[-85,20],[-94,36],[-25,-33],[-108,-45],[-87,-47],[-64,-43],[-44,-56],[-39,-29],[-191,-76],[-39,-7],[-100,-35],[-116,-75],[-84,-32],[-151,-22],[-130,-31],[-465,-180],[-87,-27],[-447,-72],[-156,-46],[-29,-13],[-169,-127],[-290,-124],[-241,-93],[-46,-27],[-129,-105],[-183,-201],[-28,-22],[-6,-18],[-184,-139],[-143,-80],[-125,-59],[-106,-62],[-43,-18],[-24,-19],[-148,-58],[-59,-13],[-181,-8],[-66,6],[-219,42],[-59,-8],[-28,-22],[-3,-20],[13,-74],[-1,-53],[-23,-42],[-17,-23],[-51,-49],[-97,-78],[-109,-112],[-49,-63],[-124,-197],[-61,-123]],[[133685,15301],[-21852,0]],[[111833,15301],[16,31152],[-79,83],[-38,50],[20,75],[44,64],[53,47],[9,104],[46,153],[30,371],[0,1919],[218,-6]],[[125858,58487],[-7,-67],[19,-120],[108,-260],[128,-188],[131,-99],[125,-47],[64,-9],[687,-8],[209,-8],[296,-23],[112,-19],[145,-47],[88,-36],[510,-237],[232,-130],[374,-193],[133,-104],[58,-64],[33,-56],[51,-118],[33,-190],[35,-262],[43,-187],[32,-69],[27,-41],[315,-298],[181,-230],[133,-144],[209,-174],[13,-60],[-75,-96],[-44,-94],[-13,-55],[-31,-168],[-1,-179],[15,-81],[30,-86],[93,-145],[155,-127],[0,-192],[2812,-2609],[405,-405],[7,-10913],[-43,-24548]],[[130974,88101],[-17,-137],[-246,-1285],[-17,-14],[-24,-35],[-97,-182],[-24,-27],[-311,-162],[-75,-72],[-410,-575],[-163,-289],[-13,-32],[-8,-3],[-28,-128],[0,-73],[23,-119],[-199,-510],[-26,-36],[-49,-48],[-112,-80],[-47,-67],[-2,-16],[-52,-80],[-1,-16],[-16,-27],[-42,-52],[-61,-45],[7,-23],[-11,-7],[-1,-22],[-12,-24],[-62,-79],[-70,-67],[-37,-22],[-22,-54],[-63,-88],[-2,-24],[-55,-60],[-16,-27],[-2,-20],[-40,-59],[-5,-23],[-19,-25],[-28,-19],[-52,-54],[-55,-118],[-197,-280],[2,-818],[-221,-171],[-331,-313],[-251,-304]],[[127414,81290],[-227,-329],[-146,-120],[-28,-65],[-15,-59],[-16,-27],[-34,-32],[-27,-14],[-178,-18],[-69,-22],[-166,-35],[-46,-3],[15,-29],[27,-27],[6,-19],[31,-45],[28,-78],[15,-23],[-2,-63],[11,-26],[74,-58],[11,-26],[-12,-39],[-14,-14],[-4,-14],[22,-72],[-1,-70],[40,-74],[10,-60],[-3,-19],[43,-41],[28,-46],[17,-129],[-2,-36],[-16,-19],[-151,-121],[-59,-61],[-10,-16],[4,-35],[-40,-97],[-68,-137],[-57,-54],[-1,-13],[-18,-26],[-34,-37],[-33,-16],[-86,-63],[-46,-55],[13,-42],[101,-151],[160,-277]],[[126461,78338],[-172,47],[-40,-1],[-88,19],[-15,12],[-80,32],[-78,-8],[-58,2],[-32,-14],[-52,0],[-19,18],[-50,15],[-157,18],[-157,-6],[-24,-15],[-21,6],[-24,-2],[-97,-53],[-19,-22],[-52,-8],[-45,4],[-32,-10],[-41,14],[-11,20],[-110,134],[-101,75],[-20,2],[-108,-19],[-34,1],[-55,13],[-67,66],[-58,30],[-127,-10],[-38,8],[-15,-7],[-53,-6],[-55,5],[-29,-35],[-66,-8],[-29,-57],[-42,-34],[-44,-8],[-27,-20],[-49,-69],[-10,11],[-228,-55],[-31,-1],[-34,40],[-171,149],[-43,55],[-57,88],[-78,25],[-224,195],[-67,44],[-53,25],[-78,120],[-51,37],[-53,15],[-53,44],[-8,23],[-31,-1],[-28,10],[-35,49],[-23,45],[-60,153],[-39,43],[-176,122],[-29,33],[-55,101],[-57,175],[-19,30],[-81,75],[-34,16],[-50,37],[-120,38],[-90,16],[-157,-54],[-97,-22],[-55,-6],[-30,9],[-111,10],[-102,43],[-45,33],[-70,81],[-54,120],[-14,158],[-35,71],[-22,72],[-17,93],[-27,86],[-13,90],[-33,103],[-2,53],[-40,273],[-96,197],[-47,74],[-68,263],[-32,76],[-55,101],[-38,97],[-13,98],[-3,87],[-46,238],[-143,1202],[-9,42],[-31,77],[-57,68],[-82,53],[-60,26],[-119,27],[-71,13],[-607,4],[-69,13],[-71,35],[-53,52],[-35,61],[-113,398],[-20,37],[-116,173],[-105,94],[-62,30],[-588,33],[-140,33],[-31,19],[-71,75],[-134,193],[-75,88],[-185,162],[-140,91],[-204,164],[-164,16],[-216,0],[-196,12],[-399,-21],[-31,5],[-298,-27],[-52,2],[-69,-16],[-318,-22],[-137,-1],[-558,-71],[-20,3],[-113,-18],[-54,8],[-49,22],[-89,60],[-52,15],[-454,4],[-21,-11]],[[113801,85891],[-145,98],[-51,43],[-30,59],[-38,105],[-22,79],[-10,63],[-58,183],[-12,66],[-19,58],[-63,112],[-111,127],[-55,74],[-52,105],[-25,39],[-3,19],[-20,9],[-35,47],[-24,18],[-31,16],[-177,64],[-43,23],[-21,21],[-23,74],[3,68],[-5,55],[-41,140],[-33,54],[-42,42],[-17,7],[-31,2],[-22,-6],[-42,13],[-29,1],[-33,-19],[-38,-42],[-25,-16],[-12,-24],[-26,-15],[-5,-34],[-8,-10],[-49,-20],[-18,22],[-12,2],[-31,30],[-25,43],[-83,85],[-45,56],[-6,23],[39,87],[28,96],[-7,56],[-25,26],[-51,35],[-32,17],[-239,34],[-66,4],[-34,2],[-100,-13],[-87,-20],[-67,-4],[-88,9],[-44,18],[-38,41],[-22,48],[-43,188],[-15,39],[-2,35],[-23,60],[-18,74],[-45,60],[-102,88],[-65,31],[-95,83],[-29,6],[-33,17],[-17,20],[-2,57],[23,97],[31,51],[50,33],[12,30],[0,33],[10,19],[61,48],[14,20],[9,60],[-8,87],[-22,36],[-73,69],[-38,50],[-187,142],[-13,47],[-85,118],[-1,64],[16,27],[70,23],[12,10],[72,94],[24,58],[0,66],[-15,29],[-23,26],[-176,148],[-81,98],[-9,31],[-4,36],[63,102],[1,19],[-11,34],[3,21],[49,98],[12,47],[1,59],[-548,2834]],[[115172,93977],[2,-8],[1413,-510]],[[116587,93459],[1599,-726],[59,-36],[1386,-1154],[1568,-1407],[32,-14],[3197,-677],[29,1],[840,567],[51,44],[433,300],[57,32],[15,2],[99,68],[236,129],[310,137],[134,39],[69,4],[195,-33],[197,-24],[273,-4],[137,7],[206,-39],[137,-44],[61,-41],[42,-19],[113,-33],[211,-6],[128,25],[62,-1],[133,-19],[147,-36],[68,-26],[93,-75],[96,-92],[114,-156],[192,-334],[153,-387]],[[129459,89431],[191,-569],[30,-131],[91,-499],[59,-33],[218,-45],[408,-34],[387,-11],[131,-8]],[[125891,111802],[-176,-258],[-66,-178],[-28,-133],[57,-250],[-29,-222],[-122,-178],[-160,-458],[-5,-105],[11,-69],[-5,-27],[-9,-10],[0,-19],[15,-50],[-7,-45],[10,-34],[-4,-21],[-16,-28],[-31,-16],[-38,-39],[-19,-82],[-28,-57],[-5,-31],[5,-24],[26,-43],[13,-68],[-21,-42],[-6,-28],[9,-48],[-2,-36],[-7,8],[-20,-5],[-34,-26],[-72,-35],[-22,-18],[-25,3],[-60,-25],[-10,0],[-12,10],[-58,-9],[-19,22],[-28,16],[-14,2],[-10,-22],[-12,13],[-15,4],[-64,-43],[-75,-1],[-145,-27],[0,-8],[-32,-12],[-35,-32],[-9,-32],[6,-63],[31,-64],[41,-59],[-2,-132],[-117,-145],[-83,-62],[-12,-34],[0,-32],[-31,-128],[-31,-92],[-17,-28],[-34,-26],[-64,-33],[-72,-20],[-36,-1],[-122,23],[-82,-16],[-95,-61],[-139,-219],[-28,-55],[-46,-44],[-11,10],[-171,7],[-117,30],[-35,3],[-81,-10],[-71,-18],[-33,-27],[-75,-25],[-60,-8],[-43,-20],[-55,-46],[-42,-52],[-35,-59],[-60,-60],[-37,-19],[-107,-28],[-32,-24],[-72,-82],[-80,-79],[-89,-50],[-65,-46],[-61,-90],[-60,-50],[-64,-39],[-152,-153],[-34,-55],[-32,-37],[-116,-102],[-99,-39],[-68,-9],[-42,10],[-95,53],[-41,-5],[-33,-9],[-32,-18],[-176,-51],[-59,-41],[-35,-57],[-31,-103],[10,-55],[-8,-103],[-24,-26],[-11,-34],[-48,-52],[-106,-29],[-105,-43],[-75,-16],[-32,-13],[-68,11],[-150,66],[-46,11],[-33,0],[-120,43],[-30,4],[-43,-6],[-28,-16],[-108,-114],[-23,-35],[-47,-121],[-3,-46],[11,-74],[54,-183],[-13,-111],[1,-48],[-44,-119],[15,-40],[74,-108],[20,-72],[-1,-29],[-15,-44],[-101,-164],[-68,-145],[-167,-298],[-48,-124],[-61,-212],[-6,-73],[5,-36],[33,-160],[52,-152],[-5,-34],[-42,-62],[-32,-32],[-39,-60],[-51,-58],[-27,-29],[-58,-42],[-59,-58],[-45,-61],[-53,-105],[-22,-87],[-54,-101],[-41,-64],[-82,-89],[-33,-25],[-40,-53],[18,-115],[69,-168],[6,-34],[-6,-74],[-91,-123],[-146,-126],[-223,-156],[-523,-295],[-295,-156],[-68,-22],[-241,-38],[-164,-14],[-300,-12],[-84,21],[-35,21],[-181,2],[-99,20],[-22,15],[-13,-1],[-27,18],[-12,15],[-70,22],[-57,54],[-34,-3],[-52,18],[-28,1],[-22,29],[-44,-18],[-36,-1],[-66,-15]],[[112497,112820],[24,-7],[303,-10],[101,1],[164,16],[196,3],[96,-22],[114,-43],[9,-7],[51,7],[65,-3],[42,11],[61,-26],[90,-80],[35,-9],[34,-44],[2,-32],[10,-30],[35,-40],[17,-38],[15,-8],[21,-2],[47,20],[74,-1],[10,0],[6,-18],[26,-5],[21,23],[65,-1],[15,12],[18,-7],[14,2],[38,-33],[32,-14],[49,-9],[35,9],[15,12],[35,52],[31,15],[24,20],[39,-10],[36,20],[26,-8],[50,-27],[25,4],[104,46],[84,62],[51,11],[72,-1],[28,10],[37,25],[128,37],[69,-8],[45,-33],[44,-45],[90,-107],[202,-339],[89,-125],[40,-39],[118,-88],[66,-58],[183,-110],[111,-89],[219,-148],[154,-133],[391,-263],[183,-152],[74,-29],[120,-22],[120,-7],[49,7],[139,42],[102,60],[57,45],[47,60],[24,66],[16,80],[4,64],[33,221],[57,159],[29,50],[153,182],[94,88],[420,319],[138,211],[54,61],[133,75],[102,27],[84,11],[60,3],[208,-15],[248,-37],[134,11],[102,39],[46,32],[139,120],[206,130],[99,80],[98,104],[23,33],[22,57],[4,34],[-26,97],[-83,125],[-24,56],[-7,39],[11,89],[17,40],[84,138],[16,46],[9,51]],[[75816,48482],[-157,139],[-726,413],[-61,32],[-123,40],[-707,145],[-308,70],[-62,-7],[-254,-4],[-307,5],[-215,9],[-220,23],[-354,69],[-349,106],[-122,16],[-45,-1],[-119,-20],[-362,-91],[-186,-56],[-237,-118],[-135,-83],[-71,-72],[-75,-97],[-198,-318],[-217,-318]],[[68664,48699],[-446,185],[-219,71],[-78,39],[-300,283],[-80,83],[-80,69],[-7,13],[-369,360],[-444,412],[-266,295],[-39,36],[-146,91],[-408,208],[-256,150],[-83,32],[-171,85],[-8,47],[-90,38],[-61,53],[-58,12],[-28,17],[-120,147],[-48,29],[-19,41],[-19,21],[-83,23],[-54,4],[-55,54],[-94,47],[-95,-3],[-94,7],[-8,26],[-24,19],[-15,7],[-31,3],[-53,33],[-32,-6],[-22,3],[-74,32],[-65,-3],[-76,30],[-35,-7],[-27,7],[-59,-8],[-30,12],[-16,10],[-25,39],[-42,20],[-51,51],[-67,22],[-70,57],[-33,41],[-60,45],[-11,4],[-36,-14],[-49,21],[-56,6],[-61,46],[-24,8],[-16,21],[-53,24],[-23,1],[-89,31],[-61,-4],[-25,-10],[-97,13],[-37,-6],[-94,-1],[-81,30],[-96,46],[-71,63],[-79,119],[-27,85],[-8,77],[-81,112],[-55,95],[-56,121],[-6,45],[4,40],[41,101],[24,38],[8,45],[-6,37],[-4,25],[-17,23],[-112,85],[-78,20],[-212,22],[-39,16],[-84,58],[-88,37],[-86,18],[-139,-1],[-147,40],[-138,62],[-47,9],[-134,12],[-63,-3],[-65,-10],[-256,-70],[-71,-1],[-208,43],[-115,13],[-98,0],[-189,-38],[-65,1],[-36,8],[-105,69],[-102,16],[-86,-2],[-50,-7],[-143,-41],[-28,-2],[-29,-18],[-51,-59],[-34,-29],[-123,-54],[-70,-24],[-41,-8],[-45,1],[-153,24],[-113,8]],[[58546,53518],[3,126],[31,49],[53,31],[157,26],[44,24],[8,12],[16,70],[-8,127],[4,58],[19,83],[-29,83],[0,69],[80,262],[0,55],[-13,82],[43,156],[14,28],[20,25],[27,18],[20,32],[9,47],[-3,23],[38,86],[7,35],[-8,41],[58,14],[51,61],[25,19],[27,5],[22,86],[31,27],[13,28],[46,26],[29,27],[30,67],[85,116],[22,64],[11,16],[90,72],[4,21],[-11,47],[50,23],[11,-2],[8,-17],[36,-1],[10,6],[24,94],[24,19],[7,20],[26,22],[24,3],[6,48],[37,23],[125,20],[112,-1],[97,49],[117,109],[33,20],[45,8],[174,89],[266,42],[277,28],[108,25],[241,33],[521,42],[71,11],[254,57],[148,85],[102,-4],[80,10],[467,123],[225,-27],[113,17],[71,4],[51,0],[121,-15],[84,4],[80,17],[231,69],[370,95],[432,99],[354,65],[68,40],[95,36],[84,54],[229,259],[53,50],[60,43],[51,29],[44,43],[37,20],[194,64],[316,123],[264,152],[142,93],[325,239],[419,360],[76,-73],[69,-55],[123,-52],[114,-64],[35,-34],[70,-111],[54,-70],[110,-122],[34,-63],[14,-2],[39,-31],[33,-47],[28,-23],[15,-22],[31,-8],[56,-44],[37,-19],[24,-21],[22,-5],[62,-48],[62,-71],[56,-41],[46,-55],[173,-87],[22,-5],[59,41],[44,51],[78,28],[24,-4],[63,-38],[32,0],[33,-13],[61,3],[9,-4],[5,-15],[28,6],[37,-3],[10,-8],[34,-1],[38,-11],[4,22],[112,-115],[208,-291],[121,-154],[12,-99],[51,-161],[35,-26],[40,-61],[65,-61],[73,-52],[34,-40],[61,-6],[32,-11],[33,-21],[21,-24],[16,-32],[22,-21],[53,-14],[33,1],[59,-22],[38,-4],[60,-31],[36,-10],[13,-35],[14,-6],[10,-38],[36,-43],[248,-154],[30,-30],[35,-18],[39,-10],[43,-1],[120,27],[59,24],[246,315],[81,230],[38,18],[39,-8],[17,2],[7,6],[15,36],[43,38],[12,27],[17,16],[15,60],[15,11],[11,-1],[210,-147],[8,-13],[92,-41],[120,-38],[139,-62],[79,-4],[104,-44],[174,-19],[32,-39],[28,-78],[7,-31],[0,-93],[-3,-12],[-17,-13],[-30,-96],[-74,-82],[2,-31],[30,-123],[-3,-173],[-60,-190],[22,-72],[-9,-152],[-38,-120],[87,-172],[47,-75],[18,0],[25,-85],[150,-150],[17,-3],[26,8],[20,17],[124,51],[61,50],[107,112],[-10,0],[162,156],[61,116],[121,78],[123,58],[360,191],[403,191],[120,34],[176,29],[131,36],[123,53],[112,78],[50,45],[69,89]],[[75503,56105],[190,-123],[128,-74],[177,-82],[135,-47],[77,-13],[134,18],[115,61],[111,50],[196,62],[72,2],[81,-40],[23,-47],[141,-143],[8,-37],[36,-89],[-19,-124],[-87,-175],[-48,-47],[-59,-34],[-41,-48],[-15,-38],[-2,-34],[8,-57],[29,-58],[74,-54],[187,0],[175,-35],[47,-22],[37,-31],[31,-47],[151,-284],[58,-66],[50,-33],[67,-22],[392,-57],[298,-55],[89,-6],[162,12],[76,2],[44,-5],[21,-15],[132,-158],[103,-74],[34,-40],[14,-20],[15,-46],[13,-70],[62,-19],[177,12],[29,9],[47,41],[115,68],[22,28],[11,28],[-2,69],[8,62],[34,51],[16,71],[25,48],[84,84],[67,47],[44,-4],[347,-148],[367,-147],[88,-43],[89,106],[43,11],[151,94],[79,39],[33,7],[58,-26],[26,0],[40,9],[24,12],[16,19],[21,6],[27,-17],[135,-33],[101,-37],[64,-7],[23,39],[28,22],[74,120],[146,179],[59,100],[131,107],[32,3],[35,25],[31,38],[219,-6],[260,19],[108,-51],[87,-72],[51,-22],[49,1],[43,21],[151,32],[-19,98],[-10,7],[-29,136],[-37,124],[38,92],[57,77],[28,94],[94,55],[269,72],[55,18],[61,28],[133,19],[39,-1],[31,-11],[19,-25],[-7,-117],[19,-10],[241,-12],[89,104],[60,37],[203,36],[87,70],[28,13],[116,5],[78,17],[17,27],[78,183],[46,83],[6,63],[-14,40],[-64,65],[-81,103],[18,32],[53,46],[49,32],[62,28],[265,65],[35,-5],[92,-48],[141,-105],[43,-43],[65,-41],[24,-2],[46,8],[95,28],[120,-13],[14,0],[40,20],[49,-10],[55,2],[47,-21],[37,-8],[35,-29],[28,-39],[78,-49],[30,-14],[26,-5],[82,-44],[50,-14],[99,-44],[80,-121],[32,-98],[19,-30],[83,-55],[59,-58],[53,-34],[81,-24],[85,-6],[22,-15],[77,-29],[54,-108],[15,-54],[16,-29],[25,-21],[20,-2],[15,9],[53,-81],[6,-59],[-8,-54],[53,-82],[-11,-67],[58,-1],[35,-16]],[[110150,131228],[-34,-18],[-12,-22],[-12,5],[-32,-5],[-82,-33],[-29,-29],[-10,-32],[-57,-65],[-67,-31],[-50,-43],[-41,-18],[-75,-74],[1,-12],[28,-43],[51,-106],[25,-25],[11,-41],[55,-50],[17,-43],[20,-24],[7,-17],[-19,-107],[6,-12],[-31,-94],[-60,-75],[-40,-28],[-21,-25],[-28,-49],[-4,-19],[-42,-52],[-25,-49],[-20,-19],[-59,-38],[-25,-8],[-20,-17],[-27,-61],[-73,-70],[-16,-31],[-40,-41],[-110,-55],[-29,-28],[5,-160],[34,-117],[-1,-24],[-14,-22],[-11,-10],[-217,-51],[-430,-113],[-32,-14]],[[108515,129113],[-294,-71],[-305,-81],[-101,17],[-139,36],[-55,24],[-48,5],[-335,74],[-499,125],[-283,63],[-211,57],[-284,55],[-242,30],[-154,31],[-2897,444],[-299,41],[-63,17],[-178,22],[-137,28],[-218,24],[-65,18],[-18,-10],[-290,51],[-848,127],[-94,2],[-661,-18],[-646,-113],[-174,-25],[-56,2],[-108,-9],[-358,-43],[-16,-19],[-35,-95],[-123,-279],[-46,-122],[-87,-185],[-34,-59],[-62,-66],[-32,-48],[-152,-177],[-44,-83],[-14,-6],[-70,14],[-16,-6],[-13,-20],[-3,-13],[17,-141],[-13,-62],[-59,-126],[60,-86],[9,-35],[-1,-55],[-8,-31],[-144,-99],[-74,-10],[-33,-27],[-8,-27],[-11,-14],[-13,-57],[69,-122],[-7,-27],[-36,-46],[-6,-24],[20,-40],[-9,-30],[29,-28],[8,-37],[6,-63],[-12,-53],[-8,-23],[-34,-46],[-87,-73],[-71,-85],[-38,-86],[-9,-37],[9,-46],[22,-52],[74,-149],[5,-55],[-11,-42],[-37,-57],[-207,-201],[-62,-86],[12,-15],[-2,-14],[23,-53],[6,-46],[18,-15],[32,-13],[12,-28],[-3,-15],[6,-20],[-7,-18],[3,-49],[-29,-17],[-24,-29],[-2,-50],[15,-45],[-17,-21],[17,-30],[-3,-39],[10,-30],[-7,-17],[-12,-9],[-4,-58],[14,-17],[-2,-25],[-37,-89],[2,-18],[-9,-20],[-35,-30],[-13,-38],[-28,-26],[19,-48],[4,-38],[15,-25],[-21,-29],[-11,-38],[-46,-28],[-10,-33],[-2,-38],[-12,-19],[-1,-20],[-6,-8],[-16,2],[-34,22],[-59,-2],[-5,27],[-16,5],[-11,-13],[-25,-7],[-10,-12],[2,-28],[-12,-22],[-39,-18],[-9,-11],[26,-14],[46,-39],[6,-11],[-16,-43],[20,-14],[2,-15],[-17,-61],[-47,-26],[-16,-47],[-18,-11],[0,-26],[-25,-27],[8,-15],[-4,-12],[-28,-18],[0,-79],[-23,-22],[-5,-69],[20,-33],[-12,-29],[-23,23],[-2,16],[-10,12],[-28,9],[-6,19],[-21,19],[0,17],[-10,21],[-65,53],[-51,0],[-33,25],[-77,21],[-27,53],[9,20],[-1,10],[-25,27],[3,29],[-22,22],[9,32],[-14,22],[-34,36],[-42,26],[-19,20],[-30,8],[-54,30],[-5,12],[21,26],[-34,12],[-22,16],[-13,25],[-28,26],[-13,32],[3,36],[-35,70],[-28,34],[-10,53],[-129,148],[-52,43],[-85,50],[-62,27],[-141,2],[-75,-17],[-47,-17],[-222,-103],[-99,-33],[-213,-33],[-230,-17]],[[94494,125670],[-65,196],[-35,50],[-91,84],[-82,43],[-107,34],[-72,10],[-107,-7],[-148,-23],[-30,-21],[-48,-19],[-119,-14],[-67,-4],[-148,20],[-95,44],[-97,90],[-37,21],[-122,51],[-171,92],[-36,14],[-38,3],[-186,95],[-88,34],[-133,41],[-95,44],[-115,88],[-100,101],[-61,83],[-46,162],[-31,56],[-44,39],[-37,16],[-121,23],[-118,44],[-98,59],[-44,40],[-67,89],[-19,64],[26,280],[-13,43],[-157,140],[-124,235],[-28,41],[-22,52],[-14,155],[39,107],[-9,38],[2,42],[-16,38],[4,19],[-19,48],[35,75],[46,64],[4,35],[-16,47],[-12,125],[36,92],[31,38],[-7,49],[-47,55],[-49,31],[-92,45],[70,68],[48,35],[-62,32],[-41,131],[-37,81],[-3,120],[-35,58],[-3,22],[-72,67],[-32,60],[-15,55],[-26,43],[-56,65],[-34,50],[-33,-14],[-91,10],[-34,31],[-44,3],[-39,10],[-63,38],[-90,20],[-72,39],[-25,2],[-97,-13],[-40,-27],[-43,-17],[-33,-30],[-54,-15],[-43,-3],[-359,-61],[-51,-1],[-99,13],[-35,21],[-49,44],[-148,54],[-51,-28],[-91,-34],[-34,-25],[-26,-5],[-27,2],[-24,-9],[-33,9],[-67,-6],[-22,-12],[-51,-7],[-18,-21],[-172,168],[-75,125],[34,55],[20,8],[13,25],[34,13],[25,37],[-64,48],[-83,36],[-23,21],[-35,55],[-13,51],[-15,111],[-21,21],[-29,67],[-3,24],[-35,55],[-96,90],[-29,64],[-24,34],[-28,21],[-24,9],[-19,39],[-25,30],[-19,87],[-21,54],[-17,24],[-4,44],[-25,36],[-4,36],[-48,21],[-14,18],[-10,4],[-61,1],[-41,9],[-7,10],[8,32],[-10,0],[-9,-11],[-13,2],[-17,18],[6,24],[-11,2],[-24,-10],[-36,18],[-11,-8],[-16,20],[-41,9],[7,5],[-5,9],[-8,-2],[-9,8],[-22,6],[-7,6],[0,24],[-6,12],[-18,8],[-14,32],[-30,17],[-28,-5],[-36,19],[-11,10],[2,12],[-6,8],[-23,-2],[-9,10],[-16,32],[-19,16],[-4,16],[-12,7],[7,11],[-17,-1],[2,12],[-18,6],[-16,12],[-15,-7],[-3,7],[12,23],[-21,0],[-4,-9],[-10,-1],[-1,14],[-17,-1],[-3,19],[-20,0],[-6,10],[-33,10],[-18,43],[5,18],[-9,14],[-60,0],[-7,9],[0,32],[-23,8],[-2,8],[7,8],[-17,7],[0,18],[-34,51],[1,18],[-8,3],[-8,-12],[-8,7],[-2,20],[-20,0],[-30,30],[-17,4],[-14,-7],[-12,18],[-62,25],[7,17],[-40,-8],[-20,40],[-15,10],[-14,-10],[-5,8],[7,16],[-4,3],[-26,-12],[0,-11],[-10,1],[-37,25],[-23,-6],[2,18],[-21,18],[-19,-3],[-15,18],[-25,-33],[-29,-8],[2,-26],[-4,-9],[-37,-1],[-11,-10],[-13,0],[1,9],[13,10],[-2,12],[6,9],[27,18],[2,43],[26,25],[19,6],[22,-7],[11,24],[-18,45],[30,14],[43,46],[8,-19],[16,1],[24,35],[-25,27],[28,14],[12,12],[-15,26],[5,23],[49,25],[29,-3],[5,4],[-5,9],[9,17],[12,2],[1,-12],[8,-2],[38,18],[-2,18],[6,8],[20,-3],[6,10],[11,3],[-8,8],[3,32],[28,-1],[6,16],[32,7],[-4,8],[11,34],[48,8],[23,16],[20,-1],[62,20],[32,1],[7,20],[26,23],[22,1],[31,25],[15,1],[6,-11],[21,-8],[24,2],[9,8],[4,19],[-19,41],[0,24],[15,8],[20,4],[22,-8],[29,11],[40,3],[24,31],[16,-14],[21,4],[33,-9],[12,13],[35,9],[26,-7],[9,6],[53,6],[24,26],[17,-13],[18,-4],[15,3],[9,9],[13,0],[0,-25],[77,19],[35,1],[33,14],[41,32],[9,0],[11,-10],[13,3],[25,44],[11,37],[53,-3],[8,9],[0,37],[-35,108],[23,45],[-6,13],[-25,13],[-6,36],[2,21],[54,42],[7,25],[-10,41],[15,15],[2,29],[11,11],[-4,25],[19,26],[20,-7],[17,81],[-2,22],[-15,25],[-8,30],[3,20],[13,24],[13,12],[135,94],[25,64],[2,61],[28,50],[27,31],[50,84],[168,192],[21,8],[51,-21],[75,-8],[54,-13],[88,-44],[35,-24],[42,-42]],[[94386,151833],[55,-43],[54,-17],[68,-15],[84,15],[76,-4],[119,-46],[120,-37],[103,-97],[76,-55],[56,-126],[63,-46],[23,-41],[31,-93],[37,-52],[8,-56],[-22,-37],[6,-52],[25,-33],[39,-91],[53,-101],[56,-77],[70,-116],[8,-53],[39,-46],[72,-37],[70,-8],[64,-21],[25,-66],[132,-64],[158,-112],[35,-37],[68,-32],[237,3],[130,-62],[45,-55],[49,-34],[105,-58],[101,15],[99,-27],[72,-74],[103,-3],[101,-33],[47,-29],[14,-68],[-10,-25],[-49,-23],[-6,-31],[35,-33],[65,-12],[99,16],[101,-10],[88,23],[35,-11],[7,-99],[26,-45],[38,-19],[69,-17],[87,-41],[103,-35],[-8,-44],[-25,-47],[4,-58],[29,-46],[70,-35],[239,-70],[47,-19],[58,-74],[71,-68],[23,-41],[115,-75],[40,-8],[109,-127],[24,-51],[6,-52],[-45,-71],[-22,-63],[1,-110],[22,-60],[31,-29],[157,-14],[27,-31],[-44,-126],[-26,-41],[0,-46],[19,-40],[45,-51],[35,-50],[45,-90],[38,-114],[48,-57],[51,-41],[70,-21],[69,18],[68,-44],[35,-35],[0,-26]],[[99474,147393],[5,-36],[63,-84],[23,-9],[29,9],[63,37],[21,1],[15,-4],[19,-36],[-7,-79],[-59,-132],[17,-79],[-18,-17],[-57,-6],[-5,-5],[6,-29],[-5,-36],[40,-53],[8,-24],[-4,-51],[40,-72],[8,-37],[42,-27],[41,-65],[39,-34],[44,-53],[22,-65],[-2,-27],[-11,-20],[-35,-10],[-102,51],[-161,11],[-65,15],[-89,5],[-113,21],[-39,-5],[-103,25],[0,-14],[-104,28],[-187,11],[-318,-96],[-219,-34],[-93,-42],[-105,-31],[-3,-29],[8,-55],[17,-38],[45,-36],[98,-53],[117,-131],[188,-186],[36,-69],[7,-141],[9,-33],[27,-54],[49,-40],[118,-116],[46,-56],[16,-32],[64,-88],[83,-37],[56,-39],[19,-22],[25,-72],[23,-29],[55,-99],[83,-112],[40,-44],[76,-157],[44,-64],[49,-45],[19,-2],[42,20],[58,-20],[19,-11],[67,-87],[-9,-106],[7,-19],[33,-42],[27,-23],[87,-115],[18,-28],[47,-114],[37,-47],[10,-23],[88,-97],[12,-24],[-9,-21],[-3,-67],[4,-18],[12,-14],[20,-6],[51,-5],[24,-14],[62,-58],[25,-28],[-1,-24],[-19,-46],[11,-40],[75,-106],[32,-26],[41,-4],[26,-10],[74,-81],[84,-108],[34,-27],[41,-14],[47,-35],[78,-101],[76,-129],[43,-39],[50,-111],[52,-76],[76,-154],[20,-52],[24,-33],[7,-39],[234,-333],[159,-286],[58,-52],[52,-91],[52,-67],[20,-91],[72,-104],[2,-10],[-23,-37],[-1,-12],[14,-47],[51,-69],[108,-107],[24,-43],[29,-32],[21,-39],[16,-18],[20,-17],[49,-4],[41,-22],[16,-17],[21,-48],[148,-170],[168,-260],[25,-31],[90,-79],[87,-109],[11,-39],[28,-54],[53,-60],[55,-90],[24,-23],[23,-36],[46,-86],[90,-127],[197,-326],[52,-54],[62,-89],[15,-59],[45,-48],[22,-42],[56,-70],[182,-255],[61,-103],[8,-27],[-7,-24],[-26,-30],[0,-20],[74,-84],[24,-5],[40,9],[22,-6],[75,-107],[15,-53],[32,-45],[25,-32],[71,-60],[23,-70],[21,-38],[55,-62],[42,-71],[48,-41],[69,-78],[101,-141],[51,-50],[16,-32],[0,-14],[-11,-13],[6,-38],[26,-59],[66,-83],[2,-96],[31,-28],[13,5],[83,-4],[46,-37],[112,-109],[28,-42],[-1,-49],[19,-49],[34,-20],[22,-23],[27,-50],[37,-46],[18,-48],[70,-50],[14,-19],[0,-19],[-14,-33],[10,-35],[29,-22],[46,-16],[8,-12],[-1,-33],[59,-72],[65,-18],[44,-61],[75,-32],[34,-40],[29,-52],[16,-15],[50,-25],[13,-20],[29,-10],[23,-16],[12,-18],[-15,-67],[1,-33],[-38,-31],[-13,-3],[-39,25],[-26,4],[-16,-10],[-19,-35],[0,-24],[25,-32],[3,-49],[-25,-30],[-22,-41],[-3,-45],[28,-56],[13,-74],[21,-2],[55,23],[36,4],[67,35],[22,-8],[47,2],[78,-19],[116,-13],[80,8],[23,-3],[23,-17],[28,-37],[6,-16],[-5,-9],[-51,-35],[-24,-11],[-72,-11],[-39,-14],[-13,-17],[-4,-40],[21,-41],[-2,-45],[-20,-3],[-47,22],[-66,8],[-35,-15],[-35,-37],[-3,-35],[-19,-30],[-4,-20],[15,-24],[38,-11],[23,-14],[41,-44],[8,-36],[16,-24],[27,2],[48,32],[46,-2],[34,10],[26,-4],[103,-47],[16,-15],[15,-28],[1,-26],[10,-13],[44,-3],[42,27],[52,9],[137,95],[17,3],[59,-6],[58,-61],[20,-2],[20,6],[27,-12],[28,-32],[19,-44],[17,-88],[-19,-38],[-9,-79],[2,-51],[28,-62],[39,-47],[19,-8],[48,40],[64,34],[23,1],[27,-9],[233,-230],[2,-90],[33,-28],[23,-37],[61,-8],[24,-17],[29,-31],[34,-26],[36,-69],[42,-50],[56,-41],[66,-23],[58,-50],[55,-51],[64,-79],[87,-71],[16,-25],[169,-164],[164,-196],[3,-26],[15,-36],[47,-61],[110,-105],[37,-27],[33,-91],[-18,-16],[-14,-31],[18,-58],[24,-42],[25,-29],[25,-12],[78,-7],[14,-13],[11,-44],[13,-18],[0,-67],[16,-36],[21,-28],[52,-36],[19,2],[75,40],[14,-9],[18,-31],[35,-122],[51,-74],[110,-124],[32,-76],[32,-29],[38,-22],[69,-17],[19,-17],[-5,-33],[-21,-33],[5,-22],[35,-45],[3,-22],[-18,-103],[3,-30],[20,-33],[28,-7],[35,8],[40,27],[26,6],[8,13],[107,87],[92,39],[29,-8],[21,-13],[83,-94],[68,-23],[61,38],[4,19],[37,59],[25,16],[36,49],[137,125],[44,22],[23,-4],[59,-31],[27,-53],[53,-165],[27,-54],[-4,-24],[-18,-25],[-62,-35],[-42,-17],[-46,-36],[-26,-10],[-33,-4],[-17,-10],[-14,-21],[-9,-34],[3,-25],[13,-24],[21,-12],[72,-11],[13,-14],[4,-23],[-16,-64],[3,-25],[20,-47]],[[68057,90167],[-96,45],[-87,107],[-161,6],[-104,50],[-173,55],[-104,-10],[-79,-42],[-67,-5],[-40,2],[-197,33],[-32,0],[-142,-24],[-60,-17],[-115,-44],[-135,13],[-60,-3],[-114,-25],[-61,-35],[-148,-108],[-84,-76],[-274,-275],[-48,-105],[-85,-146],[-86,-83],[-136,-191],[-35,-41],[-62,-50],[0,-12],[-332,-179],[-248,-162],[-77,-39],[-246,-85],[-147,-33],[-165,-75],[-49,-34],[-144,-140],[-87,-105],[-26,-38],[-7,-26],[5,-132],[40,-109],[7,-41],[-9,-160],[-62,-100],[-131,-135],[-66,-56],[-156,-82],[-85,-37],[-58,-21],[-58,-8],[-361,4],[-122,-16],[-207,-6],[-121,6],[-302,38],[-109,8],[-102,-12],[-229,-82],[-332,-189],[-170,-153],[-36,-51],[-83,-177],[-61,-87],[-83,-213],[-19,-32],[-29,-10],[-177,-25],[-166,-10],[-206,36],[-117,11],[-192,-31],[-60,-2],[-163,14],[-358,2],[-117,-3],[-54,-15],[-105,-46],[-99,-76],[-69,-137],[-68,-70],[-93,-131],[-59,-44],[-47,-53],[-24,-40],[-35,-31],[-32,-18],[-96,-30],[-64,-72],[-160,-128],[-32,-36],[1,-40]],[[58213,85442],[-91,-82],[-76,-101],[-62,-49],[-289,-99],[-50,-6],[-59,4],[-88,24],[-112,1],[-57,20],[-63,32],[-151,53],[-56,32],[-248,210],[-15,-6],[-49,48],[-165,117],[-68,42],[-137,61],[-41,12],[-152,-15],[-69,-13],[-309,28],[-62,-10],[-95,-28],[-78,-80],[-71,-152],[-49,-130],[-75,-159],[-68,-106],[-86,-89],[-61,-56],[-129,-84],[-234,-118],[-62,-49],[-114,-73],[-128,-55],[-184,2],[-113,9],[-143,59],[-234,160],[-35,14],[-140,28],[-165,54],[-114,-2],[-217,27],[-267,-2],[-132,20],[-31,-4],[-82,-103],[-53,-49],[-262,-111],[-30,-18],[-58,-74],[39,-113],[61,-137],[6,-81],[-22,-34],[-37,-18],[-94,-29],[-78,-3],[-167,13],[-32,-10],[-47,-148],[16,-186],[-15,-46],[-4,-38],[-86,7],[-103,-97],[-69,-45],[-21,6],[-38,23],[-41,13],[-67,-26],[-13,-22],[-24,4],[-27,-5],[-19,-32],[-57,-52],[-13,-22],[-16,-72],[-58,-67],[-45,-29],[-36,37],[-6,24],[-36,18],[-69,53],[-18,22],[-3,25],[-20,25],[-1,21],[-10,21],[-20,2],[-22,22],[-16,3],[2,13],[-19,21],[-27,10],[-7,14],[-16,0],[-13,14],[-18,2],[-9,25],[-19,5],[-2,10],[-15,6],[-9,-7],[-23,12],[-9,-10],[-10,-1],[-1,21],[-14,3],[-24,21],[-15,24],[-15,-11],[-23,4],[-3,18],[-31,-20],[-9,3],[-50,88],[-53,16],[-22,24],[-25,6],[-7,8],[-13,0],[-13,16],[-29,-8],[-17,16],[-11,0],[-55,-12],[-7,-25],[-34,4],[-9,-12],[-58,-11],[-42,-30],[-42,-55],[-5,-59],[-16,-19],[-32,-6],[-3,-19],[-36,-44],[11,-25],[-13,-28],[15,-15],[-8,-5],[-4,-68],[-15,1],[-15,-29],[-22,-4],[0,-11],[-17,-13],[-4,-16],[-7,-6],[-15,1],[-23,-27],[16,-17],[-7,-6],[-8,-55],[-43,-13],[-23,-22],[-23,-7],[-46,-51],[1,-10],[-22,-27],[-7,4],[-40,-10],[-23,1],[-17,-23],[-55,-14],[-24,0],[-12,14],[-64,4],[-51,14],[-37,-7],[-8,7],[0,19],[-15,13],[-16,-4],[-19,-13],[-109,1],[-43,-19],[-77,-20],[-61,26],[-57,-12],[-47,19],[-90,-10],[-38,12],[-29,-6],[-13,5],[-29,-1],[-11,-8],[-30,0],[-21,-10],[-22,-3],[-48,12],[-78,1],[-48,25],[-51,-13],[2,-19],[-22,5],[13,-31],[-6,-10],[-70,-25],[-25,-44],[-1,-41],[-19,-46],[-24,-31],[-15,-45],[-21,-4],[-13,8],[-73,16],[-51,35],[-10,14],[-21,10],[-37,-14],[-45,21],[-32,-10],[-27,1],[-51,35],[-24,-2],[-19,4],[-22,18],[-54,6],[-97,-7],[-33,4],[-41,-28],[-35,4],[-117,-120],[-18,0],[-46,14],[-7,22],[-30,27],[-33,61],[-18,57],[-20,5],[-34,-13],[-53,-1],[-26,-8],[-12,-40],[-25,-16],[-10,-34],[-12,-6],[-40,-2],[-20,-20],[-30,11],[-22,-23],[-135,-41],[-22,1],[-10,-14],[-5,-28],[-9,-7],[-17,0],[-28,26],[-85,-37],[-25,-35],[-13,1],[-1,15],[-31,1],[5,23],[-13,9],[-87,0],[-17,-13],[-65,-15],[-28,-25],[-18,-8],[-31,-2],[-18,-15],[-66,-32],[-63,-14],[-29,6],[-21,-10],[-28,4],[-21,-10],[-21,6],[-12,-7],[-65,-7],[-49,4],[-25,-6],[-41,6],[-110,42],[-63,4],[-13,-9],[-14,1],[-5,-7],[2,-48],[-16,-14],[-4,-12],[20,-19],[-16,-16],[-22,3],[-5,-6],[4,-20],[-6,-13],[-10,-12],[-14,0],[-27,5],[-18,10],[-45,42],[-30,6],[-83,-15],[-29,12],[-49,41],[-111,10],[-48,19],[-84,86],[-87,72],[-44,14],[-125,114],[-3,28],[11,29],[39,47],[0,21],[-23,46],[-17,11],[-16,21],[-36,68],[-49,22],[-28,-3],[-20,15],[14,15],[2,13],[-6,8],[-25,2],[-22,26],[-1,11],[-34,7],[-16,10],[-10,57],[-64,2],[-2,-41],[-34,-3],[-17,-10],[-7,7],[-16,2],[-8,-7],[-19,-2],[-2,-6],[-56,-5],[-28,-44],[-51,-9],[-105,39],[-43,89],[-9,47],[-26,32],[-31,5],[-8,-20],[-24,14],[-27,1],[-33,21],[-22,-3],[-42,-28],[-15,-3],[-37,3],[-41,17],[-33,1],[-48,-35],[-53,-5],[-24,-43],[-14,3],[-5,21],[-22,2],[-49,-11],[-63,-28],[-37,-28],[-9,-17],[-24,-10],[11,-29],[-3,-5],[-30,-8],[-18,-19],[-36,-1],[-20,-12],[2,-14],[22,4],[0,-7],[-35,-31],[-1,-32],[-13,-24],[-26,-22],[-29,-4],[-1,-27],[-7,-9],[-22,0],[-9,-40],[-12,1],[-8,14],[-20,4],[16,-26],[-26,-23],[-17,-27],[-33,-11],[-1,-7],[-27,7],[-8,-5],[2,-15],[-64,-48],[-27,-14],[-31,-4],[-22,-35],[-70,-45],[-54,-53],[-25,-5],[-18,-22],[-28,16],[-31,-25],[-14,-23],[-43,-12],[-8,-13],[2,-21],[-7,-25],[-19,-11],[-34,8],[-14,-10],[-40,-43],[-3,-38],[-18,-8],[-19,-23],[-13,-2],[-85,-60],[-17,-44],[-16,-11],[-30,7],[-14,-18],[5,-9],[-7,-15],[-16,-1],[-16,-17],[-2,-16],[-22,-22],[-24,-13],[-17,-27],[-20,-14],[-27,-55],[-39,-27],[-22,-6],[-52,10],[-28,-36],[-30,-16],[-28,0],[-13,35],[8,11],[-8,14],[-28,14],[-17,-7],[-38,40],[-42,18],[-17,37],[-21,-10],[-7,21],[-19,-2],[-10,7],[1,24],[-16,21],[9,4],[25,-5],[-2,23],[14,11],[4,15],[-16,25],[1,17],[-16,11],[-8,19],[-66,47],[-42,0],[-7,34],[-48,36],[-61,-1],[-84,12],[-26,-3],[-80,18],[-26,-15],[-33,-46],[-99,-8],[-31,-10],[-13,-26],[-32,-22],[-20,-2],[-23,8],[-56,-72],[-25,-19],[-24,-39],[-18,-9],[-15,-45],[-69,-63],[-36,-121],[-26,-22],[-25,-8],[-18,-14],[3,-52],[-25,-37],[-28,-19],[-23,-53],[-56,-89],[-16,-39],[-48,-64],[-49,-38],[-66,-7],[-30,-13],[-22,-16],[-47,-77],[-9,-25],[9,-61],[13,-43],[28,-30],[-6,-13],[-60,-28],[-15,-14],[2,-59],[-16,-6],[-16,8],[-31,4],[-42,-2],[-55,-44],[-32,2],[-18,-4],[-6,-8],[-8,-15],[3,-17],[42,-33],[33,-85],[-17,-46],[-14,-8],[-20,-3],[-38,19],[-35,1],[-86,-45],[-78,-5],[-114,8],[-67,17],[-57,28],[-64,49],[-37,39],[-44,83],[-55,51],[-38,25],[-67,23],[-17,16],[-50,17],[-26,19],[-94,15],[-25,19],[-34,8],[-36,19],[-33,24],[-30,5],[-26,11],[-20,22],[-23,7],[-84,84],[-25,6],[-39,62],[-13,7],[-5,30],[-11,18],[-28,-3],[-56,18],[-5,19],[-34,50],[-23,15],[0,38],[-13,-10],[-12,1],[-1,15],[-19,27],[0,11],[-12,3],[-8,-8],[-9,14],[-1,17],[-17,21],[-70,40],[-10,27],[-45,27],[-6,21],[-19,16],[-8,22],[-30,14],[-24,2],[-23,31],[-68,10],[-30,25],[-17,-9],[-22,12],[-44,-3],[-33,15],[-18,-9],[-141,1],[-40,19],[-40,-12],[-26,15],[-98,-8],[-43,9],[-145,-22],[-33,-12],[-63,5],[-112,27],[-100,54],[-23,23],[-20,39],[-31,23],[-23,6],[-25,23],[-35,90],[-1,21],[-13,19],[-28,20],[-31,-5],[-126,44],[-430,233],[-180,135],[-954,609],[-1818,1381],[-408,377]],[[33076,85385],[-2,1810]],[[33074,87195],[17854,18806]],[[64651,96579],[5,-20],[11,-11],[6,-132],[19,-40],[-31,-28],[-48,-91],[-86,-90],[-3,-66],[20,-65],[38,-19],[59,-61],[50,-68],[1,-98],[7,-44],[38,-93],[24,-39],[-11,-67],[-54,-158],[-40,-50],[3,-5],[96,-52],[84,-24],[60,0],[51,9],[31,-8],[46,4],[35,-9],[13,4],[40,45],[20,5],[34,-41],[38,-27],[42,-17],[55,0],[31,-19],[24,-1],[17,-11],[24,-36],[21,-78],[27,-67],[49,-91],[40,-30],[226,-110],[206,-150],[11,-15],[32,-8],[117,-99],[24,-77],[36,-69],[59,-87],[-1,-114],[7,-84],[7,-18],[109,-132],[325,-264],[13,-29],[13,-71],[241,-399],[93,-72],[58,-25],[147,-26],[69,0],[60,13],[83,31],[60,8],[53,-10],[112,-63],[119,-31],[57,-38],[64,-90],[16,-5],[72,16],[23,0],[151,-70],[24,-27],[7,-24],[-3,-48],[12,-64],[-6,-33],[-46,-80],[-157,-169],[-55,-71],[-57,-90],[-15,-42],[-14,-116],[-66,-103],[-17,-40],[-8,-54],[-13,-37],[-34,-50],[-6,-36],[2,-24],[41,-114],[7,-38],[23,-25],[17,-9],[21,-6],[77,-3],[28,-22],[2,-12],[-17,-43],[2,-18],[13,-37],[22,-24],[-17,-47],[-4,-117],[38,-50],[1,-9],[-12,-161],[-12,-20],[-19,-16],[-2,-28],[19,-36],[-1,-43],[33,-38],[9,-64],[-25,-68],[-1,-21],[8,-34],[52,-45],[22,-53],[4,-38],[25,-66],[-5,-14],[-19,-14],[-37,-5],[-22,-13],[2,-24],[30,-47],[8,-30],[5,-36],[-6,-39]],[[35034,40501],[-28,-38],[-7,-32],[-20,-17],[-16,-31],[-1,-13],[-13,-19],[1,-38],[-18,-11],[-8,-32],[-14,-21],[-45,-113],[-52,-26],[-32,-22],[-17,-2],[-21,10],[-27,-6],[-41,-43],[-5,-44],[-29,-44],[-27,-23],[3,-36],[-14,-44],[-6,-55],[-27,-73],[-24,-19],[9,-31],[-15,-83],[-35,-32],[-72,-122],[-34,18],[-34,61],[-28,0],[-30,31],[-16,0],[-28,15],[-17,-3],[-63,23],[-48,-4],[-75,6],[-23,9],[-41,45],[-23,11],[-62,21],[-44,-5],[-724,-330],[-533,-126],[-474,-101],[-54,14],[-41,-14],[-95,-83],[-146,-86],[-126,-28],[-5,-10],[-74,-54],[-15,-22]],[[24056,40429],[42,43],[5,29],[20,27],[4,19],[-3,16],[-36,68],[8,103],[-18,34],[6,19],[-23,89],[4,34],[-5,11],[-28,16],[6,54],[-10,21],[3,59],[3,12],[29,34],[64,40],[3,10],[-33,45],[6,24],[-7,56],[-56,86],[-1,27],[-9,6],[-57,7],[-6,5],[2,23],[-36,42],[-1,9],[24,43],[0,17],[-7,73],[-37,71],[16,40],[35,12],[10,10],[1,13],[-27,55],[-49,8],[-30,16],[-35,38],[-17,10],[-35,-4],[-13,72],[-12,12],[-39,10],[-51,46],[-65,153],[-20,3],[-36,-30],[-26,37],[-31,23],[-7,8],[4,36],[14,39],[17,23],[-4,15],[-14,18],[-24,12],[-25,42],[-29,13],[-22,72],[-15,27],[-49,50],[-45,12],[-32,53],[-13,-3],[2,19],[-18,16],[-16,37],[-11,-10],[-16,9],[-12,37],[-46,14],[-18,15],[-8,25],[1,61],[-19,9],[-2,20],[-8,3],[-13,-10],[-55,50],[-7,11],[6,26],[-10,41],[-8,7],[-28,2],[-8,37],[-29,11],[-22,-1],[-30,18],[-35,7],[-43,55],[-23,-5],[-4,30]],[[22764,43176],[154,136],[24,36],[32,9],[64,0],[59,31],[107,14],[151,75],[32,-1],[64,-15],[65,29],[52,12],[126,19],[25,10],[47,-2],[52,-28],[73,-84],[17,-11],[20,-6],[83,53],[12,-1],[13,-12],[3,-45],[8,-17],[22,-11],[73,-12],[23,17],[67,-29],[48,26],[21,3],[14,-5],[4,-25],[9,-8],[44,-1],[35,-31],[34,-7],[53,-39],[25,-7],[24,-58],[13,-15],[27,-1],[13,-7],[23,-34],[19,-11],[6,-42],[101,-72],[40,-12],[19,-21],[13,-4],[38,17],[70,-21],[51,-1],[17,-9],[23,-27],[66,-31],[29,2],[20,22],[14,4],[14,-4],[31,-45],[19,-11],[28,-1],[41,14],[57,-2],[81,-67],[20,-1],[19,11],[23,-12],[20,-21],[32,-63],[32,-15],[113,-29],[39,-17],[25,0],[38,9],[46,-13],[-2,-42],[7,-16],[21,-11],[14,-2],[50,10],[58,-33],[13,0],[26,20],[60,5],[16,6],[25,28],[18,7],[34,5],[26,14],[29,2],[7,-8],[13,-56],[10,-19],[-3,-25],[6,-13],[21,-8],[10,-13],[6,-47],[8,-19],[27,-27],[19,-39],[132,-72],[32,-26],[582,213],[118,41],[29,4],[25,-54],[13,-60],[19,-44],[11,-111],[30,-43],[0,-14],[87,-66],[15,-38],[10,-6],[18,9],[5,-2],[9,-27],[55,-30],[10,-43],[17,-13],[27,-6],[10,-15],[31,-68],[6,-72],[49,-62],[15,-113],[19,-45],[38,-36],[61,-34],[39,-5],[36,-18],[48,-69],[30,-11],[91,18],[55,3],[87,-26],[32,4],[109,-41],[100,-62],[68,-20],[59,-3],[142,-7],[74,5],[163,32],[112,44],[95,85],[82,98],[66,96],[65,131],[22,23],[297,137],[49,21],[28,5],[120,50],[103,75],[97,107],[48,21],[37,8],[35,23],[-10,22],[-71,56],[-96,37],[-78,57],[-117,15],[-99,32],[-127,91],[-35,2],[-99,-16],[-303,78],[-112,53],[-35,7],[-49,32],[-45,90],[-13,52],[-24,6],[-16,-6],[-16,9],[-10,40],[-54,33],[-25,1],[-42,30],[-18,24],[0,64],[23,30],[26,12],[14,53],[-5,63],[-14,37],[-6,52],[42,108],[-1,30],[-31,94],[-28,59],[-68,119],[-120,130],[-11,23],[40,310],[65,172],[-81,142],[-30,193],[-25,115],[-31,56],[-49,37],[-41,43],[-64,110],[-15,56],[0,23],[12,33],[18,18],[35,61],[6,34],[-3,25],[-46,65],[-5,24],[2,144],[-29,64],[-133,155],[-41,95],[-48,88],[-73,99],[-33,66],[-118,170],[-33,109],[-23,39],[-146,74],[-31,30],[-26,106],[-60,80],[-13,43],[0,54],[-42,97],[-11,107],[33,39],[13,36],[23,24],[86,47],[58,52],[60,75],[30,26],[97,50],[172,181],[52,70],[52,86],[27,118],[33,55],[68,12],[64,-4],[59,4],[37,7],[42,20],[137,141],[73,38],[33,28],[27,7],[2,25],[20,34],[-2,37],[-5,12],[-37,23],[-1,12],[15,12],[16,0],[13,22],[15,6],[11,-10],[26,-48],[12,-5],[16,7],[3,31],[7,4],[22,5],[30,-15],[17,0],[16,7],[7,40],[14,32],[-8,15],[-25,15],[-7,39],[8,13],[25,4],[17,12],[7,16],[-2,11],[-23,8],[0,35],[-8,12],[-17,2],[-7,15],[5,15],[41,7],[13,9],[34,-36],[24,-2],[12,11],[15,64],[55,26],[12,-5],[7,-48],[20,-3],[22,6],[22,52],[38,15],[42,60],[67,29],[43,30],[7,27],[16,6],[19,-3],[29,32],[24,15],[12,38],[-1,32],[34,41],[135,70],[54,2],[26,7],[8,13],[2,47],[23,35],[27,20],[20,-1],[18,26],[6,38],[8,10],[-11,21],[0,31],[-28,12],[-5,17],[4,8],[29,2],[22,12],[3,10],[-13,25],[1,9],[25,28],[-4,26],[-22,-3],[-23,-22],[-24,19],[-19,3],[-6,7],[5,25],[-6,5],[-42,-10],[-28,1],[-17,8],[6,25],[52,107],[18,73],[1,58],[10,43],[-9,93],[11,49],[-9,35],[9,53],[-8,24],[9,37],[-3,41],[14,37],[11,7],[22,-55],[9,-3],[11,5],[73,86],[11,51],[13,6],[19,-1],[29,-42],[13,-6],[18,4],[12,11],[34,79],[41,43],[31,-2],[22,-9],[46,18],[42,4],[25,13],[21,21],[15,3],[32,35],[11,1],[54,-1],[20,-12],[8,-19],[16,-3],[29,14],[21,-7],[7,-21],[-68,0],[73,-46],[13,-36],[16,-22],[17,-7],[41,5],[20,-23],[16,-8],[10,-26],[35,-11],[21,-24],[24,-47],[11,-6],[26,-1],[28,-11],[20,8],[9,11],[7,35],[14,15],[30,-2],[20,25],[27,17],[23,26],[9,1],[152,-53],[63,1],[25,12],[44,64],[13,36],[36,48],[11,80],[34,108],[32,60],[7,27],[20,30],[21,4],[31,45],[78,34],[15,37],[37,33],[42,62],[11,4],[63,-15],[5,13],[-2,33],[21,-17],[7,5],[-7,26],[19,24],[8,6],[22,-1],[2,19],[16,1],[23,14],[37,10],[26,-26],[6,4],[5,19],[13,-6],[4,-40],[25,14],[41,-11],[19,5],[24,-9],[61,-40],[39,-6],[7,1],[12,15],[20,-7],[15,1],[31,20],[12,12],[13,60],[24,4],[11,-4],[36,19],[13,-14],[19,-5],[11,9],[15,-11],[11,7],[66,51],[15,61],[56,40],[25,9],[21,-1],[3,33],[13,3],[10,-10],[9,6],[8,25],[20,13],[28,31],[21,-5],[5,11],[16,9],[21,1],[16,8],[27,-6],[2,8],[22,-5],[46,29],[3,20],[-14,20],[23,11],[11,21],[35,20],[2,13],[11,10],[2,14],[13,15],[-13,5],[-7,12],[27,8],[33,29],[-1,21],[22,53],[0,18],[-8,7],[-23,3],[-7,9],[14,13],[7,32],[26,7],[30,40],[72,40],[40,8],[23,-1],[40,-13],[18,12],[3,-23],[13,-10],[9,22],[18,-3],[43,18],[66,8],[27,24],[14,4],[15,-1],[26,-19],[15,19],[44,17],[23,47],[14,9],[27,-12],[3,21],[-15,21],[2,7],[21,37],[17,10],[120,-9],[19,-10],[15,-2],[22,8],[31,35],[21,2],[32,50],[25,10],[25,-12],[53,-4],[61,15],[14,8],[3,10],[8,81],[21,9],[117,11],[41,-29],[94,-8],[61,50],[32,1],[29,20],[78,-17],[17,-10],[72,18],[21,-2],[29,17],[102,26],[144,68]],[[34871,52305],[15,-13],[24,-58],[-3,-49],[-25,-37],[-8,-58],[-22,-35],[2,-13],[16,0],[8,-21],[1,-29],[19,-6],[48,8],[11,7],[17,41],[12,9],[29,-6],[34,46],[19,-10],[55,-5],[-3,-54],[6,-54],[45,-26],[19,-3],[25,-18],[-2,-12],[-38,-19],[2,-8],[33,-5],[0,-9],[-64,-34],[-4,-28],[45,-6],[43,-94],[15,-48],[2,-31],[10,-10],[52,5],[9,-6],[12,-26],[17,-3],[42,34],[12,0],[10,13],[15,-3],[25,-40],[-8,-13],[-27,-4],[-11,-13],[-6,-55],[-30,-3],[-13,-28],[4,-10],[-15,-13],[11,-5],[11,6],[14,-7],[-13,-21],[21,-6],[6,-17],[7,-2],[18,17],[29,-29],[65,3],[45,-26],[22,-22],[20,-51],[-12,-29],[6,-6],[41,2],[11,29],[46,4],[20,23],[23,-2],[-5,-28],[24,1],[28,25],[9,-6],[0,-22],[6,-8],[23,1],[13,-16],[0,-10],[-15,-18],[24,-12],[11,19],[23,-6],[16,-10],[21,0],[13,-18],[9,6],[13,-13],[9,-28],[-8,-6],[-8,17],[-8,4],[-6,-4],[5,-9],[-24,-8],[-12,-11],[2,-12],[15,-16],[-13,-31],[3,-10],[19,9],[6,-6],[-4,-18],[20,8],[50,-50],[-2,-8],[8,-14],[-4,-39],[10,-9],[-1,-9],[18,-13],[-6,-29],[9,-8],[-17,-8],[0,-9],[-15,-9],[9,-11],[-2,-6],[-20,1],[-9,-18],[2,-24],[12,-8],[7,-35],[12,-26],[-6,-24],[3,-16],[-19,-24],[0,-16],[4,-8],[48,-21],[20,3],[8,-27],[-3,-15],[12,-7],[19,-35],[-8,-22],[12,-25],[-9,-31],[6,-15],[-14,-10],[-2,-10],[8,-9],[-3,-8],[-10,-6],[-8,-20],[-11,-3],[-4,-9],[-3,-49],[-22,-12],[19,-22],[-28,-7],[-11,-21],[-32,-14],[-88,-5],[-21,-26],[-51,-18],[-23,12],[-4,-26],[-35,-5],[3,-27],[11,-18],[-12,-17],[-8,-37],[-50,-27],[-13,0],[-7,15],[-10,4],[-5,-34],[-12,-7],[-25,-1],[-1,-8],[14,-5],[3,-24],[-8,-6],[-21,7],[-17,-21],[-2,-13],[13,-19],[35,-5],[-5,-24],[-20,0],[-8,-8],[4,-8],[46,-20],[1,-14],[-4,-6],[-38,10],[-8,-28],[13,-14],[-9,-15],[5,-7],[24,-5],[-2,-19],[20,-4],[0,-9],[-8,-11],[-15,-1],[-5,-18],[-14,-4],[-3,-8],[13,-31],[-14,-41],[-51,-24],[-2,-24],[-10,-19],[-12,-9],[-22,9],[-21,-12],[3,-42],[30,-54],[30,-16],[6,-26],[35,-29],[26,-37],[20,-18],[52,-25],[-8,-65],[-13,-20],[-22,-15],[-9,-59],[-37,-31],[-8,-17],[-27,-3],[2,-27],[-29,-35],[-31,-8],[-10,-11],[-16,-2],[-15,-9],[-13,1],[-6,-11],[-37,-3],[-4,-5],[5,-18],[-11,-21],[-23,17],[-10,-8],[1,-13],[-24,7],[-30,-18],[-2,-17],[-7,-8],[-12,5],[-9,27],[-15,-4],[-5,-18],[-14,-9],[0,-10],[-31,-43],[8,-12],[0,-43],[-15,-55],[7,-37],[-19,-74],[8,-31],[-26,-21],[-18,1],[-26,24],[-36,15],[-20,2],[-47,-24],[-8,2],[-8,52],[-8,-2],[-60,-79],[-12,-6],[-22,4],[-11,22],[-10,-3],[-9,-24],[43,-28],[-3,-55],[-29,-35],[-21,-6],[-1,-22],[-15,-3],[61,-91],[-3,-8],[-10,-4],[-26,12],[-26,-24],[-21,-1],[-8,-27],[-13,-4],[-15,9],[-17,-2],[8,-18],[-19,-37],[-30,-18],[9,-22],[32,-24],[-34,-14],[-21,-31],[-19,0],[-34,-12],[-24,12],[4,-26],[-14,-4],[5,-23],[-8,-8],[-24,-4],[-18,7],[-17,15],[-53,-6],[-29,-63],[-32,-30],[1,-21],[-10,-16],[17,-66],[-3,-7],[-28,2],[3,-19],[-7,-27],[22,-44],[-2,-12],[-13,-1],[-11,7],[2,-10],[24,-11],[17,-27],[18,1],[7,-10],[-16,-5],[8,-8],[-14,-23],[9,-13],[-2,-7],[-27,4],[-5,8],[-17,-9],[-36,4],[-18,-12],[-5,11],[-10,1],[-5,23],[-18,6],[-3,21],[-35,2],[0,9],[-25,11],[0,-17],[-10,-1],[-2,-6],[11,-3],[-3,-7],[-19,-2],[-13,-11],[-24,8],[-9,-14],[-16,0],[12,-14],[-5,-6],[-23,8],[-9,-10],[-3,-25],[14,0],[-13,-25],[11,-3],[1,-11],[-46,-3],[-2,-11],[12,-20],[8,-2],[13,12],[31,-5],[57,-22],[-23,-43],[15,-14],[-10,-18],[2,-10],[8,-1],[9,13],[10,-6],[10,8],[6,-8],[-18,-33],[-8,6],[-20,-3],[-25,10],[-21,-4],[-4,-18],[12,-13],[-7,-12],[-102,-140],[-12,3],[-6,-7],[-11,0],[-1,-18],[-16,-3],[-3,-8],[8,-9],[-7,-29],[32,-35],[-23,-18],[12,-23],[-5,-24],[22,-54],[31,-24],[7,-20],[-20,-33],[-15,-13],[2,-20],[37,1],[13,-28],[-1,-13],[-10,-11],[14,-30],[-12,-57],[-19,-20],[-10,-1],[2,-19],[-37,-36],[-9,-18],[-14,-3],[-21,-17],[-31,-45],[6,-14],[29,-22],[5,-20],[11,-9],[17,3],[10,-14],[-14,-21],[17,-37],[-18,-66],[-17,-28],[1,-28],[-7,-19],[9,-34],[-28,-2],[-26,-24],[8,-52],[-15,-10],[27,-55],[14,-3],[8,-11],[17,1],[-8,-57],[-28,-13],[-7,-18],[-15,-3],[-14,-16],[-50,-17],[-1,-31],[13,-16],[-4,-23],[9,-21],[-6,-8],[5,-17],[-16,-10],[6,-22],[-6,-11],[-18,-9],[-28,3],[-13,-10],[-44,11],[-22,-29],[-47,12],[-9,-4],[6,-116],[-14,-17],[-45,-31],[0,-17],[16,-12],[6,-14],[-10,-20],[6,-48],[11,-25],[-1,-19],[27,-11],[8,-17],[-4,-12],[-15,-11],[1,-16],[12,-17],[16,-62],[15,-6],[11,-34],[8,-85],[-4,-25],[32,-43],[46,1],[1,-10],[-9,-18],[2,-8],[11,-4],[-9,-29],[6,-7],[16,5],[14,-6],[9,-11],[44,-9],[11,-15],[12,-2],[23,-32],[8,-22],[-11,-53],[17,-40],[0,-25],[23,-52],[-19,-67],[-18,-36],[-55,-18],[-17,-12],[-2,-15],[-12,-20],[9,-13],[-5,-14],[6,-23],[-17,-33],[-4,-24],[-10,-13],[13,-29],[45,-27],[3,-30],[-2,-25],[-56,-55],[-2,-14],[-13,-15],[7,-14],[14,1],[12,-21],[-7,-42],[-20,9],[-7,-27],[14,-12],[-3,-16],[12,-22],[-18,-42],[15,-39],[21,-30],[1,-15],[-35,-48],[15,-46],[19,-5],[-1,-10],[12,-17],[-2,-102],[5,-24],[-15,-12],[-28,3],[-20,-11],[-36,-3],[-10,-11],[-23,12],[-20,22],[-17,5],[-19,-2],[-14,-13],[4,-18],[35,-32],[0,-15],[-13,-18],[11,-40],[-3,-16],[-29,-31],[-6,-51],[-11,-19],[5,-46],[-10,-30],[39,-28],[19,-5],[64,-143],[13,-43],[32,-25],[58,-29],[15,-24],[17,-5],[12,-23],[-3,-40],[27,-35],[19,-9],[19,-40],[14,-11],[23,-30],[13,-5],[14,-34],[110,-47],[91,2],[76,-13],[54,-29],[25,-53],[-10,-74],[-28,-77],[5,-69],[-10,-23],[16,-27],[-13,-8],[-29,-2],[-8,-8],[2,-17],[-9,-22],[0,-34],[-14,-25],[-15,-59],[319,18],[220,-73],[37,-1],[119,34],[40,25],[37,8],[10,-33],[-14,-92],[0,-80],[4,-17],[27,-40],[84,-69],[162,-81],[126,-42],[125,-14],[-56,-103],[50,-127],[10,-92],[-15,-170],[1,-93],[-37,-95],[-17,-65],[-33,-66],[-75,-44],[-23,-4],[-28,-17],[-124,-72],[-71,-50],[-78,-110],[-74,-137],[-34,-113],[4,-32],[-19,-97]],[[136855,61816],[-2,-53],[7,-24],[21,-27],[15,-61],[-3,-42],[21,-56],[11,-95],[72,-310],[-96,22],[-53,21],[-67,7],[-65,23],[-125,-34],[-82,7],[-40,14],[-120,6],[-58,15],[-33,0],[-31,-13],[-39,-4],[-30,9],[-97,-21],[-99,-2],[-102,-15],[-52,27],[-35,-10],[-157,1],[-61,34],[-54,40],[-63,34],[3,11],[33,36],[43,78],[18,21],[8,33],[47,84],[2,46],[-6,13],[24,60],[10,73],[-110,71],[-123,121],[-77,58],[-163,80],[-105,94],[-51,17],[-35,26],[-40,48],[-57,22],[-118,59],[-76,59],[-11,15],[-6,30],[-11,12],[-71,64],[-9,16],[-18,6],[-64,45],[-5,19],[7,50],[42,106],[3,39],[9,16],[-18,31],[2,18],[45,34],[8,16],[40,44],[-9,35],[11,27],[16,88],[-23,39],[-4,31],[-53,56],[-5,15],[31,86],[74,68],[72,20],[5,18],[16,16],[48,27],[29,56],[8,70],[37,49],[66,32],[12,13],[-5,24],[-16,13],[-3,14],[51,52],[-93,-9],[-155,44],[-41,-21],[-82,-9],[-37,6],[-23,82],[0,18],[13,19],[-3,41],[12,64],[-23,63],[-18,13],[-17,32],[-4,28],[-31,30],[-30,57],[-156,32],[-35,18],[-181,207],[-76,72],[-19,39],[-38,-15],[-98,-91],[-153,-36],[-223,-82],[-114,-19],[-44,6],[-38,-16],[-73,-94],[2,-28],[7,-19],[31,-35],[34,-57],[10,-45],[16,-30],[-12,-19],[33,-61],[-4,-38],[-273,-26],[-84,19],[-94,42],[-69,6],[-72,46],[-13,47],[-28,27],[-13,9],[-28,7],[-32,27],[-21,3],[-62,76],[-26,7],[-46,70],[-2,35],[-25,70],[7,17],[-6,24],[-79,119],[-57,27],[-145,3],[-108,-10],[-321,31],[-205,-2],[-24,-4],[-12,-21],[-64,-38],[-92,-78],[-21,7],[-12,-13],[-27,-6],[-11,9],[-12,-6],[-46,14],[-46,56],[-15,10],[-34,4],[-42,19],[-44,44],[-21,7],[-17,3],[-40,-16],[-53,0],[-66,18],[-14,-4],[-13,-12],[-35,-3],[-61,7],[-25,-31],[-108,-2],[-20,15],[-14,3],[-3,35],[-29,17],[2,19],[14,3],[-27,46],[11,48],[-6,21],[9,10],[-13,4],[-5,18],[3,15],[-7,12],[12,21],[-11,36]],[[130462,64937],[-3,20],[-11,15],[3,31],[-20,33],[-15,4],[-23,45],[-10,55],[15,50],[-1,15],[-30,63],[16,27],[18,7],[-6,9],[10,23],[-13,24],[10,10],[-7,34],[-11,21],[10,41],[-22,16],[-12,19],[-9,26],[0,48],[-10,6],[-2,18],[-17,34],[-32,38],[0,24],[-12,25],[10,23],[-39,28],[-12,23],[-21,6],[5,43],[-23,38],[5,25],[-13,18],[-6,23],[-22,25],[-2,34],[-9,30],[11,17],[-19,17],[-9,24],[5,53],[16,37],[-8,12],[4,23],[-17,11],[2,14],[22,22],[-23,67],[-31,42],[1,33],[-18,35],[20,33],[-12,50],[4,26],[-14,38],[-13,13],[-10,30],[-12,14],[1,46],[16,14],[14,27],[-6,20],[17,41],[1,17],[14,16],[-1,28],[22,36],[-3,17],[17,12],[7,29],[-11,16],[-3,55],[9,21],[10,63],[-36,48],[7,7],[-9,8],[2,9],[11,16],[-14,12],[11,19],[19,6],[6,9],[2,25],[8,11],[-2,11],[-11,5],[2,9],[9,5],[0,13],[-11,11],[-5,35],[5,10],[-4,9],[-14,2],[-6,9],[5,46],[-2,24],[-8,17],[8,21],[-4,10],[-27,26],[9,13],[15,1],[24,-12],[9,5],[8,-12],[21,8],[9,23],[-21,26],[8,12],[0,27],[-20,45],[-1,25],[-7,9],[3,18],[19,14],[-2,12],[5,10],[19,10],[5,11],[-2,46],[-11,13],[0,10],[29,30],[39,19],[17,47],[34,52],[-1,26],[11,13],[0,14],[17,17],[1,15],[8,10],[5,48],[20,32],[0,22],[12,40],[15,26],[5,37],[-5,15],[9,32],[40,39],[4,34],[-9,31],[-4,78],[29,38],[5,33],[7,8],[-11,8],[-6,29],[9,45],[-6,22],[16,16],[-1,12],[32,31],[-31,52],[-12,2],[-7,8],[6,18],[14,9],[3,14],[-11,16],[0,24],[-11,4],[22,25],[18,6],[-6,11],[4,8],[9,3],[3,9],[17,10],[13,140],[17,14],[4,46],[19,27],[-4,24],[-10,17],[3,39],[-22,30],[-1,19],[6,15],[9,-2],[13,7],[15,25],[32,16],[29,24],[18,28],[2,28],[20,30],[-3,10],[-13,10],[9,28],[35,34],[-5,26],[6,9],[-11,9],[-2,10],[19,21],[-6,7],[4,24],[-30,53],[2,10],[-16,19],[3,18],[-5,9],[6,13],[-7,23],[-25,15],[7,9],[-4,10],[-21,19],[-4,12],[4,24],[32,19],[2,8],[14,3],[-1,15],[27,25],[-32,64],[-15,15],[-31,14],[-4,14],[-24,12],[-32,31],[-28,2],[-23,19],[-15,2],[-75,32],[-48,37],[-9,-13],[-18,15],[-8,22],[-33,11],[-41,37],[-46,31],[-10,21],[-51,41],[-23,55],[-26,19],[-19,52],[-24,16],[-10,25],[-13,12],[-63,30],[-37,-14],[-26,7],[-27,18],[-59,5],[-8,22],[-48,37],[-15,32],[-1,77],[20,53],[-3,32],[-40,128],[-36,70],[-110,112],[-262,125],[-2,155],[-19,250],[-21,91],[-73,205],[-81,149],[-133,211],[-146,320],[-129,378],[-58,215],[-46,369],[-33,138],[-39,122],[-223,549],[4,15],[298,284],[212,215],[190,211],[177,228],[56,84],[182,298],[59,111]],[[129507,75925],[224,-71],[244,-109],[75,3],[168,26],[71,0],[18,-7],[87,-92],[47,-87],[30,-100],[11,-196],[38,-52],[18,-2],[30,-24],[102,-58],[49,-52],[61,-83],[31,-16],[68,4],[110,59],[152,66],[82,-3],[161,-40],[33,-3],[43,12],[25,-5],[57,5],[151,71],[37,-14],[61,-43],[78,-44],[104,-78],[69,-62],[29,-38],[33,-27],[40,-48],[21,-14],[88,-52],[67,-27],[42,-8],[50,4],[124,25],[103,-14],[73,-20],[46,-3],[66,-34],[63,-16],[69,-2],[67,21],[59,-14],[19,9],[27,46],[65,74],[128,55],[98,91],[70,43],[31,9],[108,10],[78,19],[166,109],[194,115],[112,25],[51,-2],[53,10],[62,2],[67,-8]],[[134411,75270],[45,-299],[96,-399],[4,-40],[-4,-139],[-26,-134],[-24,-236],[-22,-135],[-2,-108],[29,-169],[86,-328],[29,-68],[318,-328],[125,-139],[50,-73],[48,-100],[13,-44],[81,5],[151,-14],[157,3],[99,13],[447,-9],[137,-42],[82,-65],[125,-127],[97,-86],[51,-28],[33,-10],[81,-10],[77,-3],[24,9],[104,4],[106,-15],[82,-2],[122,-39],[192,-50],[242,-326],[56,-50],[69,-82],[9,-28],[25,-37],[5,-42],[21,-16],[-8,-41],[2,-49],[24,-187],[-1,-48],[-15,-56],[-29,-55],[-55,-71],[-40,-88],[-4,-13],[15,-11],[2,-12],[-41,-143],[-3,-46],[18,-57],[-3,-16],[9,-15],[2,-81],[10,-7],[4,-16],[12,-108],[6,-9],[-5,-29]],[[57473,15301],[-15931,0],[-88,65],[-169,60],[-35,43],[-95,59],[-94,43],[-58,8],[-77,38],[-46,14],[-55,6],[-50,26],[-66,62],[-41,9],[-119,10],[-61,18],[-79,-9],[-29,8],[-87,-21],[-47,-46],[-35,-21],[-105,-19],[-100,-95],[-10,-4],[-13,9],[-28,-6],[-39,-40],[-55,-37],[-33,-38],[-58,-50],[-22,-53],[-72,-82],[-127,-106],[-190,-95],[-229,-36],[-162,-62],[-148,-106],[-71,-20],[-243,7],[-113,-10],[-270,-4],[-37,-24],[-63,-67],[-50,-73],[-31,-30],[-84,-32],[-82,-43],[-101,-61],[-26,-34],[-88,-46],[-19,-35],[-93,-46],[-48,-33],[-28,-38],[-15,-48],[-18,-18],[-44,-15],[-48,-44],[-69,-185],[-54,-26],[-23,-128],[11,-100],[-44,-48],[-38,-24],[-29,-35],[-19,-64],[-15,-18],[-29,-12],[-58,20],[-17,-2],[-11,-42],[2,-62],[-11,-11],[-53,-25],[-23,-53],[-47,-15],[-74,-3],[-94,-28],[-78,3],[-10,-7],[-18,-59],[-8,-2],[-44,17],[-22,-5],[-38,-26],[-48,-5],[-124,14],[-255,0],[-38,-66],[-31,-23],[-111,20],[-107,2],[-94,23],[-198,8],[-127,45],[-45,31],[-47,2],[-99,-9],[-96,22],[-39,1],[-138,-7],[-57,-17],[-59,-7],[-43,13],[-121,101],[-71,24],[-158,2],[-31,-6],[-132,-48],[-20,-22],[-17,-7],[-68,24],[-21,-15],[-50,-10],[-62,-1],[-67,-16],[-138,-77],[-30,-6],[-49,9],[-107,61],[-68,-6],[-57,-53],[-40,-56],[-37,-13],[-148,15],[-67,-33],[-89,-53],[-191,-136],[-45,-17],[-57,4],[-134,40],[-89,-24],[-40,-27],[-26,-8],[-26,0],[-48,10],[-30,19],[-218,74],[-42,1],[-36,-24],[-16,1],[-72,39],[-23,2],[-94,-33],[-41,7],[-110,79],[-46,42],[-83,55],[-42,19],[-64,65],[-34,24],[-42,61],[-29,22],[-30,17],[-84,22],[-81,47],[-195,48],[-52,1],[-99,-19],[-51,13],[-59,4],[-52,1],[-67,-10]],[[30483,13479],[157,115],[8,15],[-1,34],[-13,53],[15,27],[34,30],[50,19],[35,35],[16,31],[23,24],[38,163],[35,33],[-13,44],[7,10],[22,2],[6,12],[-3,18],[29,5],[-2,44],[13,63],[55,44],[24,5],[14,12],[2,70],[9,18],[5,53],[58,68],[23,16],[160,156],[97,76],[0,7],[55,56],[84,59],[8,41],[-5,147],[22,58],[53,51],[-1,16],[-13,50],[-54,80],[-58,128],[-49,160],[-6,78],[51,166],[24,34],[29,25],[103,15],[101,25],[44,26],[40,71],[17,188],[4,135],[13,34],[25,26],[29,13],[74,12],[60,1],[107,-15],[66,10],[126,-13],[48,13],[56,31],[51,45],[44,89],[1,57],[30,224],[-3,61],[36,432],[27,113],[39,43],[50,23],[112,13],[98,-2],[14,-8],[87,-124],[82,-41],[143,119],[34,39],[47,3],[112,-9],[63,11],[61,71],[14,61],[50,395],[21,75],[49,75],[111,80],[105,39],[31,21],[33,7],[196,82],[59,33],[44,1],[39,14],[136,71],[135,50],[16,10],[26,38],[24,1],[17,31],[-7,18],[27,22],[39,75],[56,77],[-13,50],[8,27],[-10,23],[3,57],[-19,29],[-13,85],[-11,27],[-19,18],[-4,46],[27,52],[5,26],[52,74],[15,44],[-5,9],[42,44],[-4,18],[14,20],[-1,18],[9,19],[-7,69],[4,12],[99,69],[73,37],[100,26],[63,-3],[64,-8],[55,-20],[190,-93],[44,-28],[57,-11],[106,5],[56,6],[42,13],[41,4],[-41,42],[-25,39],[-6,49],[49,56],[57,53],[16,23],[-54,44],[-11,10],[-2,14],[-28,21],[2,43],[-7,21],[14,48],[-3,23],[5,17],[-11,22],[0,13],[10,15],[-14,32],[5,12],[-3,20],[-29,28],[3,17],[-26,63],[-25,19],[6,24],[-5,40],[-16,8],[-5,10],[2,45],[-28,27],[-19,104],[21,31],[4,58],[9,24]],[[35696,20816],[64,59],[31,16],[14,25],[19,71],[71,128],[262,229],[45,70],[19,14],[12,28],[14,11],[39,1],[81,46],[58,61],[39,28],[52,-26],[20,85],[23,21],[28,66],[-4,41],[25,30],[7,27],[-8,102],[1,78],[17,26],[15,4],[20,23],[19,39],[-8,52],[-47,68],[-21,6],[10,29],[-8,16],[-26,11],[-13,18],[-8,36],[-13,11],[0,60],[-7,20],[-11,11],[-14,4],[4,16],[-37,52],[-72,25],[-25,38],[-2,40],[-26,55],[-8,39],[4,18],[-7,8],[-28,20],[-48,3],[-33,14],[-18,-4],[-19,11],[-55,9],[-42,-3],[56,108],[17,15],[22,75],[32,25],[7,13],[0,24],[17,55],[35,58],[1,24],[-12,32],[8,0],[2,47],[40,106],[6,32],[-51,126],[-52,74],[-7,24],[5,50],[27,103],[-3,36],[11,60],[-9,45],[-42,45],[-9,20],[6,41],[-17,86],[4,26],[14,24],[7,45],[-25,69],[2,97],[-26,90],[9,60],[-30,139],[5,34],[-14,53],[-1,38],[16,105],[-6,31],[109,83],[25,51],[19,186],[-3,169],[49,284],[0,66],[-37,86],[-43,56],[-91,84],[-132,143],[8,118],[-16,85],[3,21],[25,44],[3,46],[-7,17],[80,275],[23,110],[-41,46],[-9,56],[-11,26],[5,80],[32,-28],[56,-19],[82,-22],[13,11],[17,0],[58,-22],[23,-25],[19,-1],[39,-45],[54,-25],[24,-26],[102,-35],[27,-28],[83,-113],[26,-23],[79,76],[52,66],[21,15],[58,27],[130,30],[43,29],[23,-14],[83,-72],[22,113],[25,27],[180,140],[111,70],[61,89],[239,192],[44,19],[43,34],[22,37],[3,34],[16,30],[10,39],[48,45],[79,93],[32,-29],[9,0],[51,-40],[55,-30],[49,-46],[4,-25],[17,-13],[32,12],[8,-3],[6,-20],[16,-14],[25,-45],[50,-48],[28,5],[48,-59],[12,-62],[25,-23],[4,3],[-6,26],[4,6],[22,2],[-1,-19],[17,-12],[-16,-12],[-1,-7],[40,-20],[18,-16],[41,-61],[21,-1],[15,-17],[47,32],[30,-1],[24,-10],[17,10],[10,17],[12,-6],[3,10],[-11,10],[0,12],[-17,12],[36,33],[2,14],[36,30],[13,1],[5,-23],[15,-11],[28,4],[27,16],[4,16],[-3,6],[-19,4],[2,12],[26,9],[10,27],[38,43],[36,5],[8,7],[1,23],[15,34],[60,103],[39,21],[29,5],[27,16],[3,9],[-36,41],[18,16],[52,-23],[14,5],[6,22],[34,17],[18,16],[3,20],[14,12],[36,4],[28,19],[58,-20],[15,-15],[13,-4],[62,11],[6,-28],[13,-6],[11,10],[-1,19],[9,15],[47,13],[16,24],[25,-9],[12,9],[11,0],[-4,22],[42,-11],[-12,-14],[6,-22],[16,12],[38,-41],[43,-9],[11,-12],[1,-16],[25,-12],[1,-28],[34,3],[30,10],[4,15],[17,6],[8,-8],[-1,-26],[12,-6],[13,2],[4,25],[17,0],[16,-24],[11,-4],[13,4],[26,65],[14,14],[27,9],[13,13],[22,38],[20,8],[61,-11],[-4,29],[7,7],[13,1],[82,-25],[16,9],[-15,22],[3,12],[8,6],[23,-4],[46,-25],[14,-9],[5,-15],[34,28],[7,34],[15,-5],[15,-21],[11,0],[28,10],[49,48],[39,-8],[15,3],[13,24],[13,2],[5,-30],[34,17],[22,1],[32,-12],[9,-10],[81,6],[14,-21],[15,-9],[25,3],[41,17],[2,-18]],[[41059,27946],[-9,-12],[-22,5],[-12,-14],[12,-13],[11,-29],[47,-58],[40,-11],[39,40],[10,4],[24,-5],[24,-16],[13,-25],[72,-37],[59,-45],[10,-27],[73,-41],[13,-23],[25,-11],[64,28],[29,27],[10,42],[8,4],[39,-7],[9,-12],[65,0],[10,-12],[3,-31],[42,-28],[53,34],[25,5],[23,13],[33,-13],[12,-29],[45,-25],[27,-59],[16,0],[33,16],[53,12],[22,14],[12,-2],[23,-21],[33,-5],[15,-11],[45,-5],[24,-23],[23,-5],[43,5],[11,-22],[-7,-9],[1,-18],[119,-38],[93,-43],[66,9],[50,27],[28,-9],[8,-6],[3,-17],[-10,-35],[-3,-38],[15,3],[5,11],[27,25],[15,44],[14,-41],[8,-7],[-21,-10],[1,-8],[14,-3],[6,-18],[7,-1],[1,16],[33,-7],[14,-13],[0,-10],[16,-1],[5,-12],[8,-2],[6,14],[16,-9],[9,12],[7,-12],[7,-1],[8,13],[5,-4],[5,-10],[-7,-16],[16,-7],[20,-28],[-13,-16],[3,-7],[13,4],[0,-22],[25,9],[13,-6],[22,-28],[0,-44],[-8,-25],[5,-3],[39,18],[38,-19],[4,-32],[13,-8],[4,-11],[14,-5],[-10,-27],[-30,-26],[-5,-12],[9,-14],[7,-62],[20,-10],[16,2],[12,21],[-1,52],[41,-7],[13,-15],[25,-8],[29,-21],[12,10],[22,4],[19,-40],[12,-8],[37,-1],[9,19],[17,5],[10,21],[9,1],[4,-14],[16,-1],[6,8],[21,-9],[12,4],[5,-7],[-6,-10],[12,-5],[-6,-14],[-9,-4],[3,-10],[-19,-11],[-4,-17],[15,-1],[17,8],[16,-20],[4,-19],[58,-30],[40,-35],[5,-12],[11,-5],[-2,-18],[38,6],[14,-13],[14,0],[-1,-13],[11,-8],[29,-51],[-2,-45],[18,-1],[3,-8],[-8,-8],[7,-6],[-6,-7],[9,-14],[2,-17],[-12,-15],[-31,-21],[13,-22],[38,4],[28,-14],[1,-21],[-15,-13],[3,-15],[22,-25],[39,4],[-1,-10],[11,-5],[0,-40],[-10,-5],[-7,2],[8,-24],[-5,-10],[-22,-8],[-3,-12],[-19,-4],[-4,-10],[8,-9],[17,1],[5,-9],[-5,-7],[-19,2],[-19,-28],[11,-15],[-2,-6],[-13,8],[-3,-5],[1,-8],[15,-12],[-5,-14],[24,-21],[14,4],[6,-21],[16,-10],[-1,-16],[-16,-16],[1,-11],[24,-30],[-25,-43],[11,-19],[-17,-41],[-8,-3],[-22,15],[-15,-2],[-5,14],[-16,14],[-12,-8],[-6,-22],[-8,-4],[3,-40],[9,-24],[11,-22],[27,-27],[6,-35],[66,-29],[25,-31],[23,-18],[19,-3],[34,-23],[92,-32],[8,0],[13,17],[13,2],[55,-28],[14,-16],[4,-38],[12,-22],[42,-33],[5,-15],[20,-16],[-3,-17],[21,-16],[17,-33],[29,-30],[14,-7],[18,-30],[12,-113],[50,-49],[11,-23],[11,-134],[11,-25],[43,-3],[4,-12],[205,87],[41,-21],[239,-93],[278,-149],[119,-51],[144,-51],[324,-85],[520,-93],[112,-35],[379,-82],[215,-23],[174,-8],[134,32],[194,59],[141,77],[330,202],[290,133],[38,8],[56,40],[113,98],[47,22],[24,5],[192,22],[207,10],[663,-96],[79,-3],[116,-1],[115,7],[182,41],[126,53],[548,382],[208,122],[185,83],[104,38],[153,40],[27,13]],[[51449,25813],[67,-48],[167,-104],[219,-59],[179,-60],[525,-198],[234,-94],[196,-134],[278,-216],[180,-126],[42,-41],[117,-250],[37,-49],[203,-183],[65,-90],[31,-50],[23,-50],[31,-44],[40,-40],[105,-79],[249,-120],[190,-118],[52,-40],[117,-112],[75,-93],[77,-121],[38,-84],[87,-132],[7,-13],[-7,-54],[-64,-312],[22,-107],[41,-152],[-2,-33],[-117,-277],[-16,-28],[-28,-97],[-6,-313],[-44,-616],[54,-32],[298,-256],[24,-16],[121,-19],[60,-51],[57,-67],[68,4],[60,-8],[217,-100],[83,-139],[22,-27],[46,-30],[37,-72],[12,-38],[-20,-259],[-758,-534],[11,-59],[31,-53],[5,-22],[7,-36],[-7,-16],[4,-58],[-80,-76],[-12,-20],[0,-143],[217,-422],[1396,-994],[669,-550],[2,-14],[-223,-1086],[1,-19],[212,-563]],[[128789,66254],[-2,-50],[-49,-44],[-31,-64],[-32,-51],[-27,-28],[-28,-13],[-42,-5],[-157,11],[-78,-5],[-59,-12],[-139,-45],[-57,-37],[-35,-35],[-29,-67],[-15,-59],[-4,-59],[35,-121],[6,-87],[20,-32],[31,-20],[44,-10],[69,-10],[141,-8],[4,-24],[-2,-57],[-130,-186],[-33,-33],[-59,-237],[0,-100],[7,-13],[52,2],[51,16],[52,44],[68,45],[62,53],[71,37],[32,3],[35,-55],[27,-63],[0,-69],[-19,-57],[19,-65],[71,-106],[-6,-40],[-64,-4],[-12,17],[-67,-14],[-33,3],[-103,24],[-32,-3],[-23,5],[-41,33],[-68,-44],[-47,-71],[83,-3],[18,-10],[9,-17],[4,-78],[-34,-36],[-31,2],[-58,-15],[-54,-49],[-156,-63],[-76,-51],[-61,-29],[-134,-39],[-64,-10],[-26,-17],[5,-78],[22,-92],[-4,-41],[17,-15],[1,-25],[-19,-123],[-8,-23],[-37,-47],[-36,-33],[-88,-59],[-69,-22],[-66,-7],[-71,11],[-135,43],[-19,-11],[-5,-20],[56,-117],[26,-65],[4,-27],[142,-259],[35,-87],[-38,-34],[-16,-26],[-136,-150],[0,-13],[-100,-65],[-124,-130],[-323,-277],[-26,-57],[-66,-103],[-80,-95],[-280,-258],[-244,-198],[-101,-71],[-121,-46],[-73,-13],[18,-1946]],[[118934,64441],[-40,-3],[-29,17],[-8,33],[8,28],[-11,27],[-53,68],[0,14],[24,18],[5,13],[-4,19],[-67,15],[-25,17],[-62,26],[-27,23],[-31,11],[-9,27],[16,55],[38,89],[-12,27],[-107,126],[-5,30],[11,31],[-5,35],[-24,19],[-20,59],[4,69],[-6,101],[25,21],[3,30],[-14,53],[-58,35],[-64,21],[-28,21],[-42,52],[-25,19],[-225,149],[-76,44],[-4,38],[-43,53],[-129,10],[-34,19],[-16,64],[1,30],[21,61],[-5,34],[35,92],[-10,62],[9,31],[16,29],[23,23],[12,30],[19,127],[-41,53],[-40,86],[15,30],[-5,9],[1,35],[11,3],[21,25],[23,12],[39,71],[-5,19],[-51,35],[-102,128],[2,35],[-14,60],[-28,57],[-130,102],[-23,27],[-9,27],[7,63],[21,63],[3,32],[-15,61],[-36,47],[82,156],[13,35],[8,94],[9,32],[33,54]],[[117675,68034],[54,-20],[77,-11],[56,-23],[70,-6],[32,4],[53,-18],[48,-5],[14,-17],[65,-8],[75,12],[30,-6],[51,-15],[59,-34],[45,-9],[29,4],[27,23],[35,17],[45,8],[42,21],[44,55],[13,67],[24,57],[123,52],[189,66],[30,47],[-4,47],[-16,63],[-3,56],[18,192],[-8,29],[21,-3],[33,-24],[19,-7],[24,1],[11,-17],[107,-5],[42,4],[32,13],[57,-1],[46,-13],[144,-73],[36,-7],[61,11],[12,-5],[30,0],[27,37],[12,8],[34,6],[73,31],[62,-9],[43,-41],[23,-14],[21,-39],[13,-10],[54,-18],[57,-36],[126,-31],[49,-31],[9,-16],[104,-58],[144,-45],[13,7],[98,17],[37,18],[20,18],[7,16],[21,15],[37,45],[-21,78],[-42,107],[-10,133],[-21,72],[-23,43],[-24,74],[-10,46],[18,39],[55,-12],[41,-28],[140,-19],[66,-22],[59,-7],[127,44],[17,11],[117,6],[49,44],[88,102],[57,22],[133,-3],[221,9],[53,-17],[141,-4],[59,-26],[28,-24],[70,-1],[89,37],[124,64],[124,77],[5,-32],[11,-22],[1,-23],[14,-28],[26,-19],[90,-41],[22,1],[58,-16],[75,-9],[88,-65],[2,-37],[25,-40],[3,-62],[173,-63],[110,-69],[174,-16],[273,81]],[[123626,68811],[7,-20],[24,-10],[54,-6],[86,-23],[34,-25],[50,-18],[13,-10],[11,-26],[46,-34],[64,-66],[20,-33],[34,-31],[91,-53],[65,-21],[30,-23],[70,-81],[28,-24],[64,-17],[34,-18],[69,-1],[15,-5],[65,-73],[22,-10],[18,-6],[34,14],[52,2],[66,-17],[22,6],[49,-2],[41,-35],[94,-46],[41,-11],[17,3],[34,26],[25,44],[1,30],[108,-9],[180,-66],[132,-73],[84,-53],[72,-59],[179,-173],[119,-86],[168,-141],[25,1],[60,68],[140,225],[42,51],[57,41],[191,69],[12,14],[35,-87],[38,-55],[21,-18],[83,-43],[29,-32],[15,-27],[59,-58],[17,-10],[29,-3],[208,-182],[50,-55],[84,-48],[39,-57],[25,-22],[22,-45],[17,-21],[80,-63],[96,-48],[44,-16],[47,2],[37,-15],[83,-10],[12,-43],[108,-84],[17,-35],[17,-9],[37,-9],[18,8],[14,0],[28,-26],[118,-7],[43,-8],[35,-18],[59,-6],[48,-44],[20,-11],[53,-9],[17,-18],[25,15],[37,4],[31,11],[11,17],[40,2],[33,-13],[34,8],[19,-3],[14,-10],[19,-39],[33,-13],[11,-14],[-4,-25],[5,-12],[30,-27],[19,-9],[23,-2],[16,-24],[22,-3],[18,-39],[-4,-13],[-70,-69],[-6,-35],[10,-38],[0,-21],[-35,-74],[-23,-27],[-6,-61]],[[163411,145204],[-1865,-236],[-115,56],[-177,125],[-375,-88],[-2790,1373],[-265,106],[-56,34],[-34,37],[-549,271],[-45,15],[-220,126],[-30,27],[-352,204],[-306,499],[-83,61],[-248,104],[-153,39],[-49,22],[-69,52],[-64,315],[1,225],[-23,66],[-14,99],[-74,63],[-82,101],[-188,130],[-289,247],[-83,43],[-41,10],[-51,31],[-35,9],[-71,58],[-79,23],[-124,52],[-36,8],[-46,25],[-89,38],[-90,53],[-33,2],[-61,26],[-56,49],[-48,22],[-59,4],[-26,-5],[-71,20],[-103,63],[-204,72],[-78,37],[-175,97],[-75,33],[-15,1],[-59,30],[-164,93],[-74,33],[-109,35],[-394,-22],[-49,12],[-181,13],[-34,-6],[-75,2],[-250,19],[-38,-16],[-51,-5],[-51,-33],[-147,-14],[-15,-7],[-93,15],[-116,-31],[-113,-1],[-217,12],[-32,-8],[-98,2],[-50,8],[-42,16],[-72,-7],[-60,12],[-58,34],[-54,6],[-45,16],[-86,13],[-143,-28],[-146,-19],[-371,74],[-128,-4],[-198,31],[-186,16],[-917,48],[-215,22],[-577,89],[-212,14],[-278,-53],[-205,-84],[-155,-113],[-6,159],[62,217],[10,172],[0,398],[-20,443],[5,215],[-27,195],[-61,105],[-141,70],[-137,57],[-65,76],[-52,21],[-89,-101],[-174,19],[-81,-26],[-36,-67],[-9,-103],[-23,1],[-22,25],[-67,116],[-72,24],[-106,-132],[-107,-69],[-57,-84],[-41,112],[-145,257],[-91,146],[-52,130],[-53,377],[-59,106],[15,-1],[23,140],[0,168],[-14,35],[-60,-1],[-128,14],[-83,18],[-239,29],[-49,15],[-102,5],[-71,28],[-136,30],[-151,21],[-195,216],[-77,48],[-59,52],[-29,55],[-54,26],[-32,27],[-10,25],[-38,48],[-92,60],[-1,95],[6,30],[-7,32],[-2,137],[-21,117],[-36,20],[-59,15],[-28,-1],[-58,23],[-58,14],[-83,53],[-71,24],[-30,3],[-85,36],[-31,7],[-92,0],[-92,20],[-19,21],[-91,40],[-86,54],[-40,46],[-69,51],[-45,43],[-59,87],[-57,60],[-73,136],[-9,29],[-66,110],[-21,23],[-43,83],[-52,51],[-29,49],[-52,70],[-24,5],[-17,15],[-127,144],[-103,73],[-19,4],[-50,-10],[-115,29],[-90,8],[-30,8],[-135,61],[-40,29],[-88,23],[-156,0],[-52,12],[-112,0],[-118,55],[20,-22],[47,-79],[4,-38],[19,-52],[139,-133],[29,-52],[12,-52],[-78,-56],[-77,-20],[-62,-35],[-129,-47]],[[140382,155627],[-90,115],[-83,118],[-49,53],[-179,238],[-67,79],[-131,119],[-239,169],[-188,114],[-131,-1],[-158,110],[-158,12],[-316,176],[-164,77],[-204,193],[-141,89],[-111,132],[-176,154],[-87,138],[-39,82],[-60,243],[-28,51],[-26,156],[-28,67],[-16,170],[-22,66],[-28,258],[9,75],[-8,83],[-5,6],[14,110],[15,207],[-8,261],[-13,46],[13,46],[29,26],[64,89],[52,210],[91,164],[-126,114],[-220,168],[38,13],[-868,668],[-61,57],[-2959,5004]],[[133520,166152],[16033,15201],[2020,-1742],[620,-1116],[-547,-726],[461,-854],[466,-222],[96,-55],[403,-767],[-9,-387],[-127,-395],[-751,-206],[-224,-78],[41,-577],[748,-229],[799,-813],[980,-486],[-30,-177],[14,-12],[-273,-963],[-209,-767],[-123,-108],[-842,-387],[-65,-537],[-37,-224],[143,-44],[187,90],[105,58],[276,123],[336,60],[36,12],[251,46],[839,-106],[486,35],[128,212],[145,99],[1002,76],[373,-39],[322,-912],[32,-670],[-1557,18],[-388,-420],[-159,-249],[-191,-94],[-173,-18],[20,-223],[180,47],[99,-54],[50,-63],[240,80],[185,-41],[428,-121],[13,-51],[-27,-104],[65,-235],[-816,-296],[163,-184],[177,23],[328,78],[582,204],[-17,12],[606,206],[192,-52],[27,-35],[0,-233],[73,0],[143,211],[74,3],[137,64],[209,32],[410,-554],[9,3],[18,-48],[86,-151],[184,-380],[137,-140],[7,3],[239,-223],[187,-194],[100,-53],[381,-253],[356,-301],[-2,-8],[269,154],[92,172],[165,207],[256,154],[477,51],[329,17],[348,-1],[274,-103],[311,-139],[403,-310],[146,-207],[146,-190],[69,-396],[581,-133],[1144,-389],[251,-216],[-275,-1589],[-67,-262],[120,-1132],[-135,-1184],[-40,-667],[-401,-408],[-504,-398],[-973,-117],[-172,151],[-68,-33],[68,-280],[434,-409],[434,-615],[91,-549],[-322,-484],[-178,-88],[-96,-9],[-47,-786],[10,-624],[480,-389],[514,-496],[-11,-53],[102,-270],[182,-797],[319,-776],[91,-732],[67,-1044],[135,-1422],[-9,-5],[157,-243],[343,-54],[188,-108],[201,-130],[228,-312],[205,-442],[584,236],[835,-259],[308,-130],[445,-830]],[[168904,145703],[-195,-118],[-286,-333],[-206,-43],[-412,-139],[-229,-43],[-240,162],[-431,31],[0,5],[-133,-45],[-30,14],[-81,71],[-45,30],[-94,49],[-50,14],[-23,-3],[-1523,-537],[-1493,423],[-22,-37]],[[24656,10438],[-12,-37],[-64,-36],[-61,-118],[19,-47],[-11,-46],[7,-74],[-20,-76],[17,-38],[-35,-80],[5,-46],[-20,-18],[-60,-98],[-46,-57],[18,-95],[-63,-162],[27,-96],[-8,-26],[-55,-31],[-39,-55],[-133,-104],[-68,-33],[-97,-3],[-76,-47],[-26,-119],[13,-39],[-21,-60],[9,-54],[-64,-108],[-85,-47],[-92,20],[-196,-64],[-164,-111],[-110,-66],[-98,-77],[-23,-132],[-139,-132],[-73,-85],[-23,-36],[-11,-55],[-8,-16],[-5,-49],[-14,-25],[-5,-29],[-44,-47],[-12,-31],[-18,-16],[-38,-20],[-12,-26],[-17,-12],[-70,-21],[-119,-83],[-20,-30],[-40,-39],[-1,-21],[-12,-23],[-44,-63],[-3,-34],[-32,-44],[-48,1],[-28,-18],[-20,-22],[-46,-13],[-43,-35],[-28,-39],[-49,-25],[-38,-33],[-45,-59],[-29,-109],[-10,-11],[-37,-21],[-17,-19],[-131,-49],[-22,-32],[-25,-78],[-53,-128],[-210,119],[-232,-47],[2,-211],[-232,-28],[-89,187],[-29,163],[-389,-17],[-217,-101],[45,-157],[16,-200],[50,-282],[20,-184],[34,-42],[-233,-123],[-68,-240],[-124,-142],[106,-318],[-68,-231],[231,-326],[-583,-199],[-252,28],[-213,-171],[-34,-143],[-17,-29],[-136,-58],[-19,3],[-26,-5],[-77,9],[-34,-9],[-21,-35],[-9,-99],[-35,-27],[-17,-29],[-26,-13],[-23,-53],[-8,-48],[7,-139],[-18,-51],[-13,-132],[-16,-22],[-38,-18],[-60,6],[-31,-26],[-27,-7],[-16,3],[-129,140],[-59,112],[-26,26],[-30,16],[-65,18],[-161,87],[-38,-1],[-22,-8],[-91,-87],[-27,-20],[-37,-8],[-54,13],[-50,21],[-42,-3],[-40,-13],[-145,0],[-12,27],[-36,43],[-33,21],[-68,-6],[-31,9],[-64,-11],[-291,-174],[-53,-51],[-25,-37],[-17,-42],[31,-118],[-19,-119],[12,-46],[-209,-47],[-413,-250],[-9,-116],[9,-37],[19,-20],[16,-89],[38,-92],[-19,-92],[0,-48],[26,-84],[42,-65],[-45,-130],[2,-68],[-13,-30],[2,-40],[-18,-44],[-34,-6],[-12,-9],[-14,8],[-52,10],[-19,10],[-38,35],[-87,35],[-64,13],[-30,15],[-52,15],[-35,35],[-8,17],[-30,22],[-39,57],[-17,11],[-23,42],[-22,7],[-9,11],[-74,21],[-87,44],[-38,11],[-27,0],[-54,24],[-42,5],[-30,-14],[-20,3],[-126,156],[-255,-101],[-33,-139],[-45,-123],[-25,-43],[-77,-88],[-53,-40],[-37,-22],[-68,-17],[-22,-18],[-19,-5],[-33,-38],[-19,-38],[-27,-10],[-23,-23],[-28,-60],[0,-37],[-12,-57],[-22,-56],[-10,-50],[-19,-39],[-6,-51],[-21,-38],[-15,-13],[-51,-2],[-57,-31],[-36,-10],[-45,-30],[-26,-27],[-90,23],[-23,-33],[-65,-54],[-173,-95],[-22,-23],[-4,-55],[-13,-18],[-57,16],[-19,0],[-28,-10],[-34,2],[-136,-43],[-67,-29],[-97,-19],[-14,-13],[-12,-2],[-58,5],[-40,15],[-358,-117],[-564,-221],[-280,-293],[-353,-32],[-423,617],[-27,77],[-12,15],[-31,20],[-19,4],[-41,21],[-42,8],[-13,8],[-40,46],[-71,113],[-35,44],[-24,85],[-2,26],[25,116],[-2,51],[-45,83],[-23,60],[-5,46],[-36,83],[-17,78],[16,46],[10,8],[12,-1],[-7,49],[-19,9],[-12,20],[-85,44],[-22,25],[-35,70],[-8,66],[8,42],[-5,39],[22,47],[-11,37],[0,26],[6,15],[22,5],[9,27],[22,3],[10,8],[-31,83],[-14,3],[-11,11],[3,10],[-9,19],[-26,26],[-2,12],[-11,2],[-11,28],[-27,36],[-4,25],[4,14],[-6,5],[-1,17],[12,5],[6,17],[-5,13],[-8,2],[6,17],[-3,28],[-13,24],[0,64],[-11,21],[-3,31],[6,9],[-3,28],[8,24],[-14,20],[9,15],[-15,19],[-2,31],[12,58],[-6,15],[4,19],[17,49],[-9,21],[3,8],[-10,10],[0,33],[-11,7],[-4,27],[-13,17],[-5,40],[9,39],[-14,23],[-16,6],[-6,18],[11,20],[-5,-5],[-11,11],[15,50],[-10,15],[6,12],[-6,0],[-5,13],[7,32],[-14,37],[9,40],[-12,27],[8,56],[8,9],[15,49],[-7,14],[0,31],[-10,7],[-6,33],[10,20],[-8,-1],[0,25],[-6,5],[14,23],[3,13],[-8,12],[9,14],[-19,41],[20,50],[-7,17],[15,66],[8,8],[40,9],[49,23],[-496,0],[-74,-41],[-76,-32],[-57,-50],[-15,-3],[-8,-16],[-51,-19],[-46,91],[-48,40],[-19,40],[2,36],[-5,26],[24,12],[-2,44],[-46,55],[-8,23],[-55,60],[-50,8],[-32,22],[-26,1],[-18,14],[-7,26],[12,38],[-7,31],[-16,21],[-54,47],[4,58],[-5,12],[-27,27],[-62,31],[-30,29],[-22,6],[-41,0],[-46,26],[-53,44],[-5,37],[24,34],[0,32],[-41,49],[16,55],[-3,21],[-33,24],[29,23],[24,33],[20,3],[25,31],[-1,38],[-17,36],[-53,38],[-24,-5],[-56,20],[-14,-8],[-19,-1],[-36,39],[-3,14],[-39,40],[-17,8],[-23,32],[-15,7],[-57,-35],[-34,0],[-17,5],[-60,57],[-90,124],[-49,36],[-51,-12],[-33,-17],[-33,-30]],[[8391,5446],[-24,73],[5,95],[-30,89],[19,122],[-61,141],[-59,83],[-77,183],[-15,78],[-22,56],[-41,72],[-165,246],[-48,113],[-65,81],[-119,179],[-6,24],[-95,133],[-11,45],[-12,12],[-58,9],[-19,26],[-37,20],[-17,52],[11,0],[-12,33],[-16,10],[-10,-1],[-51,49],[-7,28],[2,37],[-13,21],[-8,31],[-6,9],[-31,5],[-27,38],[-26,12],[-9,13],[-19,48],[1,16],[16,38],[3,48],[13,12],[-14,20],[19,38],[4,26],[-18,62],[-12,12],[-2,48],[-39,14],[-5,12],[-9,3],[-10,25],[-1,29],[-23,5],[-20,14],[-3,31],[7,31],[-13,8],[8,20],[-6,18],[-9,8],[-20,2],[-8,29],[-17,2],[-30,-13],[-15,7],[-18,39],[-22,14],[0,29],[-33,44],[-1,19],[-8,14],[8,37],[-3,18],[-26,19],[-95,30],[-47,-10],[-11,-9],[-26,8],[-47,35],[-41,1],[-6,16],[10,34],[-26,40],[-50,15],[-31,57],[-43,33],[0,44],[-8,4],[-40,-16],[-16,6],[-33,61],[-10,2],[-29,39],[-10,40],[-36,37],[-10,33],[-37,12],[-43,76],[-31,29],[-72,4],[-16,16],[0,25],[-25,27],[8,18],[4,42],[33,-19],[41,7],[41,46],[20,7],[21,-6],[33,-41],[22,-17],[34,5],[30,-11],[21,9],[27,1],[56,37],[47,0],[10,10],[22,6],[33,32],[17,34],[16,3],[20,19],[20,5],[37,22],[33,1],[34,-10],[18,-14],[34,0],[34,8],[45,-8],[150,-6],[55,-21],[25,-22],[83,-43],[77,-10],[35,-20],[68,3],[59,19],[28,27],[-75,108],[-36,35],[-95,119],[-90,72],[-59,57],[-36,63],[-28,86],[-19,40],[-41,36],[-53,10],[-74,47],[-34,43],[-57,47],[-26,34],[-67,12],[-25,22],[-49,1],[-28,16],[-51,0],[-14,13],[-38,17],[-90,82],[-25,33],[-138,105],[-65,101],[-37,15],[-62,9],[-7,36],[-13,22],[0,30],[16,41],[14,18],[1,12],[-17,49],[16,32],[-9,10],[-40,2],[-31,22],[-8,38],[-13,7],[-11,20],[-5,30],[-28,30],[-7,23],[-45,23],[-34,35],[-3,43],[-12,14],[-42,15],[16,66],[-26,18],[-20,50],[7,26],[-36,50],[-5,27],[-13,10],[-6,16],[-22,0],[-30,-32],[-22,14],[-47,7],[-20,25],[-18,11],[-22,-18],[-24,0],[-27,-11],[-23,-2],[-10,6],[-11,25],[-61,9],[-42,22],[-21,-1],[-13,11],[-9,-7],[-14,1],[-10,14],[3,24],[24,60],[-4,63],[6,20],[-15,77],[2,17],[42,88],[62,13],[10,26],[33,32],[11,37],[9,8],[2,36],[15,35],[-17,28],[13,31],[-15,42],[16,10],[10,20],[-2,27],[38,6],[2,17],[-11,17],[5,14],[68,84],[41,11],[-4,21],[5,6],[19,-5],[8,-11],[24,10],[22,19],[14,-3],[33,-22],[16,8],[14,-3],[6,-26],[11,-8],[26,73],[19,-1],[9,7],[-4,22],[5,16],[15,7],[62,-3],[12,13],[7,33],[10,19],[52,38],[11,28],[0,34],[10,9],[25,52],[9,0],[3,6],[6,35],[15,26],[7,61],[29,50],[4,57],[-17,47]],[[6080,12881],[36,94],[29,121],[22,52],[24,33],[70,70],[35,56],[36,15],[65,-9],[134,21],[10,45],[-54,54],[-35,25],[-14,31],[-65,68],[3,7],[-22,54],[-11,14],[-18,47],[-19,26],[-28,24],[-33,8],[-10,31],[-20,6],[-19,23],[-31,78],[4,94],[-19,28]],[[6150,13997],[4,38],[32,53],[-4,23],[14,25],[-10,15],[-10,75],[21,28],[-18,58],[-49,15],[-12,54],[45,10],[10,26],[16,8],[29,2],[52,19],[66,4],[20,12],[23,-12],[23,-3],[44,6],[39,-5],[11,13],[-33,11],[-10,14],[-40,23],[-12,57],[-39,7],[-11,-3],[-44,28],[-24,1],[-16,-7],[-7,9],[-61,-3],[-155,-27],[-24,7],[-26,21],[-4,14],[6,56],[-8,39],[-23,8],[-22,-1],[-13,32],[-35,9],[-12,-4],[-9,8],[6,5],[-6,16],[-16,19],[5,25],[-27,1],[-16,13],[-32,-11],[-12,7],[-1,14],[-10,2],[-11,0],[-22,-13],[-3,7],[4,17],[17,31],[-23,12],[-9,27],[-13,7]],[[5705,14939],[-26,-28],[-10,11],[1,22],[-37,5],[-14,17],[27,37],[-27,15],[-25,27],[-12,4],[24,24],[30,69],[21,28],[18,85],[38,42],[79,23],[150,-17],[37,12],[3,8],[29,11],[12,14],[0,17],[23,14],[37,55],[22,5],[30,32],[56,8],[7,44],[36,1],[57,40],[71,25],[48,-3],[48,12],[38,35],[0,29],[-18,13],[3,10],[35,12],[9,18],[19,13],[7,19],[19,6],[3,9],[11,-10],[14,-48],[-33,-59],[5,-20],[11,-6],[2,-17],[42,1],[27,14],[10,-1],[61,-55],[39,-54],[3,-33],[22,-40],[23,-14],[40,-3],[31,-33],[29,-17],[22,-27],[62,-19],[5,-6],[-5,-20],[11,0],[-3,-12],[47,-12],[2,-24],[21,-13],[28,-35],[9,-25],[65,-91],[65,-39],[50,5],[15,-5],[8,-10],[-11,-23],[19,-31],[28,14],[19,-9],[5,-12],[60,-16],[27,-27],[-9,-20],[7,-11],[25,-11],[2,-24],[-8,-44],[12,-30],[31,13],[22,-5],[41,7],[29,-4],[13,-8],[-2,-14],[7,-27],[10,-10],[41,-16],[27,-22],[36,-18],[10,-19],[3,-35],[10,-16],[29,-21],[36,-17],[8,-10],[-3,-7],[-25,-10],[-2,-11],[10,-6],[36,-2],[8,-15],[-10,-19],[30,-20],[0,-15],[-9,-11],[14,-23],[60,4],[30,12],[16,18],[22,12],[19,-1],[7,-14],[22,-15],[46,-5],[95,21],[54,31],[156,27],[26,-20],[36,-17],[31,-6],[35,-30],[46,-28],[49,-47],[35,-21],[28,-1],[40,-39],[11,-3],[16,-25],[9,-29],[10,-2],[20,17],[32,6],[19,-8],[-4,-15],[6,-14],[42,-46],[-7,-34],[8,-11],[40,-20],[21,-25],[22,-54],[34,-30],[4,-41],[7,-12],[17,-13],[22,-6],[45,-39],[8,2],[22,-35],[16,11],[16,-1],[39,-29],[40,-8],[70,-58],[12,-3],[17,-37],[37,-51],[-4,-21],[9,-14],[57,-44],[7,-23],[15,-16],[213,-167],[29,-34],[41,-25],[88,-26],[43,6],[26,-10],[24,-61],[17,-10],[98,-100],[32,33],[62,47],[35,11],[52,6],[55,30],[10,13],[9,36],[57,31],[26,30],[66,42],[18,34],[39,47],[18,35],[4,23],[38,33],[10,40],[39,62],[13,63],[23,27],[59,22],[32,1],[14,10],[21,2],[16,-16],[33,-12],[46,-2],[45,18],[21,1],[75,54],[54,31],[22,34],[29,104]],[[11128,14042],[49,-38],[51,-119],[52,-66],[72,-117],[25,-22],[34,-20],[74,-11],[35,3],[25,-8],[81,-46],[44,-16],[32,-29],[9,13],[3,79],[31,97],[6,43],[15,21],[21,51],[36,44],[38,106],[33,37],[18,34],[2,41],[-17,44],[15,32],[11,72],[-24,32],[17,43],[22,8],[51,-19],[37,3],[34,60],[82,51],[93,84],[11,168],[18,38],[1,20],[63,48],[5,53],[9,3],[-22,36],[0,17],[19,31],[47,28],[34,-15],[104,8],[-4,10],[7,21],[78,8],[74,-17],[202,-62],[190,-67],[50,-33],[117,-28],[170,-97],[32,-44],[16,-6],[38,-9],[28,1],[13,12],[64,11],[38,-13],[44,-40],[151,2],[23,-4],[99,-66],[65,-17],[35,-59],[10,-36],[61,-69],[13,-10],[68,-8],[37,-29],[23,-2],[75,28],[111,62],[21,4],[42,34],[35,38],[91,44],[59,46],[55,0],[135,-33],[252,-71],[112,-43],[57,-35],[30,-75],[12,-61],[0,-95],[-34,-89],[-148,-249],[-13,-11],[-48,-78],[58,-51],[31,-12],[6,-10],[21,-9],[15,-25],[26,-21],[36,-11],[31,-19],[31,-3],[20,-20],[24,-7],[35,-32],[97,5],[84,13],[146,-22],[27,-8],[86,-45],[41,-3],[82,10]],[[16007,13459],[48,-1],[75,-33],[108,-107],[82,-58],[37,-13],[220,-31],[45,-12],[53,-25],[118,-84],[36,-47],[26,-45],[9,-56],[2,-103],[9,-46],[29,-47],[46,-95],[13,-42],[91,-112],[49,-34],[67,-125],[32,-43],[29,-26],[33,-69],[17,-73],[-1,-101],[-50,-156],[-7,-75],[3,-95],[5,-1],[13,-68],[47,-109],[12,-22],[34,-25],[34,-37],[18,-32],[56,-52],[111,-26],[66,2],[36,-29],[45,-25],[88,-98],[44,-30],[104,-43],[44,-41],[44,-69],[7,-30],[35,-64],[49,-33],[30,-31],[12,-23],[9,-35],[1,-66],[-12,-37],[-3,-46],[62,-126],[17,-58],[29,-14],[48,28],[62,12],[29,-1],[27,-12],[146,-23],[60,1],[179,-19],[141,1],[64,12],[32,-2],[48,-39],[69,-78],[17,-9],[106,12],[40,40],[46,17],[32,0],[120,47],[34,-77],[21,-22],[34,-7],[44,-52],[158,55],[66,14],[78,4],[62,-12],[44,-17],[74,-6],[43,3],[147,51],[221,56],[218,121],[141,36],[53,-11],[11,-30],[-11,-35],[-63,-102],[-78,-173],[-44,-154],[-14,-74],[-4,-93],[26,-124],[39,-133],[20,-166],[28,-81],[25,-26],[37,-26],[140,-86],[107,-39],[147,-25],[110,-6],[139,14],[58,24],[21,-3],[36,14],[67,51],[40,48],[48,63],[52,111],[36,26],[103,24],[105,45],[31,22],[147,164],[60,34],[252,216],[37,40],[96,71],[69,16],[75,0],[211,242],[14,9],[1516,20]],[[33434,76965],[-15,-5],[-15,-14],[-4,-18],[-35,-38],[-51,-22],[-123,-123],[-65,-47],[-99,-96],[-31,-19],[-38,-55],[-28,-20],[-123,37],[-160,19],[-109,-1],[-79,-10],[-46,-15],[-55,-74],[1,-28],[-64,-24],[-64,-51],[-26,-29],[-19,-52],[-55,-77],[-30,-77],[-54,-55],[-25,-37],[-4,-27],[-28,-58],[-18,-22],[-55,-25],[-23,-17],[-63,-109],[-62,-91],[-30,-31],[-39,-27],[-71,-25],[-27,16],[-36,59],[-21,6],[-14,-4],[-32,-112],[-33,-82],[-78,-118],[-3,-5],[-1,13],[-8,-9],[-68,-119],[-121,-157],[-72,-197],[-44,-22],[-8,-13],[11,-26],[-3,-18],[-52,-38],[-49,-62],[-35,-25],[0,-10],[11,-14],[-5,-10],[-79,-105],[-62,-114],[-6,-56],[-50,-134],[-2,-21],[22,-116],[-3,-18],[-28,-41],[-6,-56],[-70,-75],[-1,-27],[50,-21],[84,-6],[68,-25],[41,-5],[30,-18],[170,-40],[33,-43],[-17,-62],[-95,-157],[-43,-90],[-41,-41],[-46,-69],[0,-69],[-56,-61],[-44,-64],[-84,-175],[-49,-87],[-33,-105],[-29,-59],[-49,-44],[-77,-21],[-148,-309],[-103,-147],[-146,-178],[-35,-72],[-28,-44],[-38,-43],[-13,-29],[-49,-51],[-87,-49],[-54,-14],[-29,-20],[-8,-58],[-33,-47],[-46,-33],[-22,-35],[-98,-33],[-32,-31],[-220,-55],[-80,-15],[-173,-9],[-165,58],[-30,1],[-20,-8],[-7,-30],[1,-30],[6,-20],[35,-54],[6,-33],[-9,-36],[-23,-42],[4,-33],[158,-197],[21,-72],[-1,-41],[-10,-4],[-11,-22],[-9,-65],[6,-34],[31,-65],[69,-81],[21,-51],[-1,-73],[-19,-76],[-41,-94],[-4,-42],[10,-37],[119,-123],[5,-230],[-10,-59],[-15,-31],[-25,-99],[-43,-110],[-50,-101],[-30,-91],[-65,-293],[-29,-58],[-77,-87],[-4,-20],[10,-28],[-19,-54],[1,-64],[-6,-16],[-84,-147],[-53,-64],[-97,-68],[-34,-13],[-71,-49],[-82,6],[-7,-5],[-19,-35],[0,-64],[-14,0],[-16,9],[-65,-2],[-29,-13],[-2,-7],[91,-79],[6,-14],[-36,-22],[-12,-32],[-5,-38],[-15,-9],[-1,-13],[-131,-13],[-16,-21],[4,-23],[-11,-23],[2,-17],[-132,-56],[-57,-45],[-33,-44],[-24,-63],[9,-34],[38,-29],[10,-36],[9,-11],[-5,-42],[-24,-31],[-3,-23],[-13,-28],[-6,-79],[27,-35],[66,-43],[57,-14],[11,-9],[1,-25],[11,-11],[31,9],[15,-4],[19,-41],[76,-6],[1,-9],[-24,-17],[-22,-47],[-1,-15],[14,-31],[-27,-45],[6,-25],[20,-17],[29,-12],[47,5],[34,-40],[83,8],[52,-29],[12,-29],[-15,-40],[-1,-26],[8,-19],[9,-19],[66,-58],[-1,-74],[-5,-18],[-25,-10],[-3,-70],[-15,-48],[4,-54],[13,-30],[19,1],[31,22],[33,9],[17,-1],[22,-23],[68,-22],[27,-22],[19,-43],[12,-15],[68,-12],[13,-14],[31,-17],[21,-2],[61,-56],[32,33],[28,12],[25,-20],[-33,-23],[12,-49],[15,-18],[63,-19],[16,-25],[54,7],[38,18],[23,-5],[15,26],[12,-5],[0,6],[23,-16],[26,49],[3,18],[10,6],[21,-3],[56,7],[22,-5],[25,28],[12,-6],[4,-21],[50,11],[47,-4],[10,-16],[19,-73],[-1,-21],[56,-206],[0,-17],[-11,-14],[-53,-17],[48,-18],[-4,-32],[33,-29],[2,-12],[-14,-12],[-17,-41],[35,-30],[1,-29],[10,-30],[-18,-16],[-47,-2],[-19,-11],[-1,-8],[13,-15],[54,-5],[9,-6],[6,-34],[25,-7],[62,1],[35,-6],[17,7],[27,0],[-3,-21],[-18,-9],[-1,-11],[20,-25],[23,-69],[12,-9],[16,-1],[67,114],[20,-1],[46,-43],[98,-56],[32,-35],[61,-30],[28,-21],[6,-11],[-2,-46],[-23,-51]],[[30152,65271],[-53,-23],[-272,-161],[-6,-22],[4,-17],[-12,-12],[-41,-7],[-42,-24],[-74,-20],[-14,-13],[-27,-43],[-35,-23],[-56,-23],[-25,-4],[-51,-26],[-46,-8],[-445,-263],[-18,-24],[6,-53],[-23,-102],[-1,-33],[12,-32],[-2,-59],[-28,-86],[-55,-74],[-20,-16],[-29,-11],[-97,50],[-35,0],[-35,-16],[-67,-65],[4,-147],[-15,-18],[-50,-31],[-16,-28],[2,-47],[-88,-92],[-75,-46],[-184,-76],[-83,-25],[-118,-72],[2,-27],[-7,-22],[-119,-44],[-13,-47],[-24,-24],[9,-26],[-4,-34],[-37,-41],[-21,-62],[-13,-16],[-24,-9],[-36,-26],[-28,-30],[-46,-5],[-55,-18],[-17,-16],[-16,-1],[-33,-24],[-20,-7],[-17,0],[-29,18],[-49,-12],[-77,-4],[-35,-27],[-24,-43],[-21,-11],[-75,-9],[-16,-9],[-6,-46],[-19,-39],[-2,-42],[-19,-16],[-7,-30],[-14,-18],[-31,-7],[-25,-19],[-17,-42],[-1,-33],[27,-44],[3,-30],[31,-25],[10,-17],[-1,-14],[-36,-43],[-22,-53],[-4,-25],[8,-17],[-1,-15],[30,-14],[27,4],[34,-8],[26,-18],[67,-84],[-2,-13],[-26,-18],[-15,-31],[3,-33],[36,-49],[40,-31],[32,-34],[12,-28],[6,-37],[-22,-39],[-39,-21],[3,-16],[19,-32],[83,-62],[12,-21],[3,-25],[-23,-136],[-46,-3],[-26,-22],[3,-27],[51,-181],[-4,-76],[-107,-84],[-11,-1],[-91,-102],[-64,-55],[-96,-108],[-33,-61],[-3,-21],[15,-47],[-1,-25],[-11,-18],[-114,-133],[-47,-91],[-35,-37],[-72,-45],[-16,-19],[0,-8],[24,-75],[24,-44],[18,-16],[38,-57],[57,-37],[74,-28],[33,-21],[8,-19],[-33,-78],[9,-87],[28,-29],[45,-64],[27,-26],[41,-17],[29,-1],[55,30],[36,7],[90,33],[34,6],[32,-5],[24,-12],[21,-21],[-21,-98],[0,-78],[41,-35],[37,-10],[26,0],[109,-73],[78,-157],[0,-44],[10,-24],[-5,-59],[104,-206],[5,-53],[68,-128],[-5,-63],[-234,-143],[-31,-88],[-88,-88],[-58,-44],[-88,-49],[-5,-69],[47,-34],[67,-19],[31,-84],[47,-49],[37,-122],[-16,-59],[0,-137],[-21,-34],[0,-59],[-36,-34],[-125,19],[-10,-24],[21,-25],[0,-68],[15,-25],[5,-29],[-46,-44],[21,-49],[-26,-54],[36,-49],[42,-34],[-37,-44],[-62,-10],[-21,-49],[-67,-74],[0,-63],[-58,-88],[-135,-59],[-10,-64],[36,-98],[68,-29],[16,-44],[72,-79],[156,59],[26,-68],[57,-54],[52,24],[63,79],[26,-25],[-6,-49],[-15,-54],[41,-83],[6,-34],[62,-98],[14,-215],[-9,-13],[10,-85],[-5,-12],[-9,-14],[-28,-18],[-39,-39],[-16,-23],[-7,-27],[-12,-8],[-34,3],[-20,33],[-36,14],[-120,9],[-68,19],[-39,16],[-41,28],[-59,23],[-62,2],[-50,-24],[-31,0],[-24,7],[-53,29],[-21,5],[-72,-27],[-44,-32],[-70,-28],[-82,-22],[-141,-7],[-160,-51],[-100,68],[-22,7],[-98,60],[-45,9],[-36,-34],[-83,-101],[-43,-30],[-32,-8],[-48,3],[-87,15],[-63,-29],[-58,34],[-26,-6],[-37,-27],[-28,-2],[-44,-24],[-14,0],[-57,34],[-80,-21],[-49,26],[-38,7],[-24,-4],[-31,-22],[-44,0],[-10,5],[-23,29],[-19,2],[-19,-19],[-16,-30],[-15,-10],[-13,1],[-42,-16],[-10,-10],[-26,-6],[-31,22],[-25,0],[-16,-33],[-4,-57],[-19,-63],[-14,-20],[-51,-13],[-57,7],[-93,-10],[-105,-18],[-53,-16],[-25,2]],[[24384,55576],[13,23],[-3,13],[-33,9],[-9,-4],[-1,13],[14,46],[4,7],[21,7],[2,32],[14,17],[-1,77],[10,11],[4,17],[-8,25],[14,19],[2,40],[28,26],[4,20],[62,39],[-6,19],[21,34],[-12,63],[-36,85],[-47,-10],[-22,5],[45,45],[-4,7],[-14,-5],[-11,-16],[-12,-2],[-4,5],[6,21],[-13,16],[3,17],[14,20],[14,7],[13,-18],[12,-5],[7,7],[-13,21],[-49,23],[-30,0],[-4,11],[31,3],[5,12],[-7,13],[8,4],[22,-3],[-4,10],[-20,16],[-10,-8],[-5,-16],[-14,0],[8,30],[-31,14],[2,9],[23,17],[-12,37],[-10,13],[-53,2],[-17,13],[0,9],[37,25],[7,12],[-7,20],[-16,13],[5,16],[36,-16],[20,2],[-1,18],[-19,28],[28,6],[-15,26],[38,23],[6,13],[-1,10],[-29,28],[12,36],[-5,26],[9,42],[-2,12],[-20,18],[11,24],[-26,-1],[-4,8],[8,29],[-8,32],[-33,4],[-7,6],[-13,37],[-14,3],[-16,21],[-18,9],[-1,51],[-11,15],[-47,44],[-19,6],[-21,-15],[-2,8],[9,13],[-14,39],[-19,2],[-6,-10],[0,-14],[-11,-8],[-13,1],[-6,11],[10,14],[-5,8],[-14,5],[14,55],[-41,46],[-21,9],[-12,-28],[-12,0],[-11,13],[1,10],[19,16],[14,32],[6,50],[24,85],[22,32],[-4,6],[-18,2],[-55,29],[-3,9],[-1,41],[12,34],[32,-14],[14,31],[-52,14],[-15,6],[-2,9],[39,39],[8,21],[-11,8],[-45,-7],[-92,-37],[-22,9],[-20,0],[-17,-17],[-34,0],[-30,10],[-20,-1],[-7,-13],[4,-32],[-8,-11],[-17,-1],[9,-17],[-32,-32],[-35,-21],[-3,-19],[-15,-5],[-59,29],[-22,1],[-34,14],[-9,-7],[2,-11],[-12,-4],[-8,6],[-14,37],[-34,4],[-3,20],[-18,1],[-17,26],[-17,-1],[-17,22],[-24,-14],[-4,19],[-7,3],[-56,-22],[-6,10],[6,11],[-13,5],[-4,-20],[-10,-5],[-13,12],[-1,19],[-25,1],[-1,-17],[-9,-6],[-17,-2],[-14,6],[-12,-5],[-3,-12],[-11,-9],[-1,-19],[-36,15],[-13,11],[-11,26],[-36,20],[-18,-7],[-29,0],[-40,11],[-13,10],[-36,1],[0,7],[11,8],[-1,9],[-10,5],[-16,-8],[-27,4],[-20,-13],[-6,-12],[-18,1],[-5,7],[6,7],[-1,9],[-12,4],[1,-13],[-7,-2],[-49,25],[-7,8],[12,2],[-3,10],[-14,21],[-10,4],[-16,-10],[-12,4],[-2,10],[-9,0],[-27,-26],[-10,0],[-13,13],[-37,-19],[-5,5],[-6,43],[-26,6],[-12,9],[-13,15],[-3,21],[-32,21],[-9,-18],[-15,4],[-7,8],[3,10],[13,8],[-18,19],[-9,1],[-18,-38],[-5,5],[-23,35],[-15,11],[-2,12],[19,22],[-10,6],[-18,-8],[-14,21],[13,33],[-14,6],[-33,2],[1,12],[16,16],[-9,8],[-31,-7],[3,26],[-31,3],[-1,11],[-39,26],[-12,17],[-12,-1],[-5,-15],[-34,10],[-44,-7],[-10,4],[-17,49],[-8,8],[-45,2],[-27,17],[-46,8],[-27,17],[-88,12],[-24,16],[-20,22],[-4,20],[-22,25],[-25,44],[-25,15],[7,46],[-23,14],[-35,37],[0,16],[18,31],[-30,40],[18,20],[13,28],[-26,8],[-3,13],[7,30],[-18,22],[0,13],[20,24],[-21,25],[-22,5],[-22,-9],[-17,2],[-29,40],[-20,17],[-66,4],[-63,18],[-50,2],[-45,20],[-15,23],[-58,-2],[-22,5],[-75,61],[-9,44],[-21,3],[-18,21],[-40,15],[-30,-5],[-110,67],[-34,0],[-10,6],[-4,20],[-31,15],[-3,7],[8,27],[-16,45],[-9,13],[-15,3],[-12,10],[-6,0],[-11,-32],[-10,-2],[-118,24],[-86,27],[-60,-8],[1,33],[-5,8],[-23,3],[-22,36],[34,8],[7,39],[22,17],[6,13],[2,19],[-14,15],[-11,2],[-1,7],[31,16],[0,20],[-7,16],[-21,15],[4,8],[41,14],[6,9],[0,12],[-20,-5],[-2,5],[81,129],[1,5],[-17,-3],[-9,15],[33,67],[-2,12],[-26,23],[-10,18],[18,38],[-20,13],[15,33],[-4,38],[-12,15],[-23,14],[-11,42],[-24,15],[-7,26],[-34,22],[-23,37],[-28,6],[11,20],[0,31],[24,45],[-15,21],[-41,24],[-20,38],[-30,26],[-10,40],[9,31],[17,18],[-9,37],[-24,29],[-45,-29],[-26,8],[-19,34],[-8,38],[-37,18],[-26,31],[-31,-14],[-21,-2],[1,54],[-18,35],[-71,10],[-31,23],[-14,21],[-36,7],[-47,32],[-35,103],[-76,70],[-1,14],[-19,30],[2,15],[23,12],[7,15],[-60,59],[-16,26],[2,15],[-37,16],[-22,29],[-28,57],[4,30],[-19,26],[-14,5],[-72,-16],[-7,2],[-17,39],[-86,2],[-33,36],[-81,47],[-53,60],[-20,13],[-22,12],[-78,25],[-34,3],[-6,6],[-19,80],[-16,24],[2,12],[25,27],[6,15],[-3,21],[-13,33],[-9,6],[-29,-7],[-15,5],[18,66],[-2,19],[-23,32],[0,17],[10,29],[-5,17],[-30,41],[-37,28],[-3,15],[-23,23],[8,41],[-34,78],[-42,30],[-58,71],[-34,27],[-67,18],[-34,-16],[-40,5],[-6,-4],[2,-34],[-6,-13],[-36,-19],[-44,-10],[-30,-22],[-62,0],[-43,22],[-45,-14],[-23,-25],[-44,-16],[-8,8],[-2,49],[-9,8],[-44,-3],[-43,-13],[-16,35],[-15,9],[-52,-17],[-25,-38],[-24,-11],[-36,-2],[-15,-14],[0,-13],[-21,-18],[-88,-17],[-14,-48],[-25,-33],[-68,2],[-17,-9],[-27,4],[-16,-6],[-31,4],[-15,-12],[-4,-22],[-12,-13],[-21,18],[-27,13],[-20,-4],[-42,-39],[-21,9],[-15,24],[7,39],[-49,31],[-62,23],[-31,-33],[-25,33],[-42,-13],[-26,1],[-20,-30],[-54,-12],[-13,-22],[-26,-22],[-10,-60],[-35,-12],[-35,38],[-32,4],[-14,-19],[-59,0],[-60,40],[-45,7],[-17,22],[-36,-9],[-24,-21],[-48,8],[-28,26],[-21,-2],[-25,17],[-14,-23],[-38,-103],[46,-18],[-7,-13],[-33,-3],[-23,-25],[-1,-24],[-9,-10],[-39,-11],[-76,17],[4,20],[-16,9],[-98,-52],[-41,15],[-10,-18],[5,-15],[-68,-29],[-17,1],[-41,-17],[-4,-33],[-47,-27],[-71,-88],[-11,2],[-18,16],[-52,7],[-23,-5],[-7,-36],[-51,26],[-39,-28],[-9,-17],[-25,-13],[-29,-5],[-6,-18],[-19,-10],[-10,-29],[-31,-7],[-15,-9],[-68,-14],[-17,-13],[-10,-23],[1,-20],[10,-18],[-8,-19],[-20,-19],[-1,-76],[-20,-20],[6,-37],[-25,1],[-21,-8],[-8,-28],[-10,-10],[-21,-17],[-23,3],[5,-18],[-42,-35],[0,-24],[-12,-11],[-13,-35],[-14,-7],[-6,-29],[-86,-54],[-48,5],[-33,-35],[-89,-16],[-44,-46],[-30,-17],[-3,-38],[-45,-23],[-22,-25],[-35,1],[-67,-28],[-18,7],[-19,-11],[-67,8],[-23,-7],[-6,-14],[-117,0],[-29,-7],[-70,-29],[-31,-20],[-37,-8],[-10,-32],[-11,-9],[-16,2],[-16,-30],[-29,-11],[-20,11],[-20,42],[-38,5],[-28,11],[-21,-1],[-31,29],[-22,-3],[-93,29],[-21,-33],[-81,-78],[-133,-36],[-67,15],[-100,63]],[[20093,70288],[32,0],[147,-65],[163,-198],[31,-7],[19,-11],[4,-11],[18,-10],[37,-44],[65,-38],[56,-11],[24,-24],[20,-11],[35,8],[8,-5],[7,-14],[-15,-45],[14,-39],[11,-9],[21,-6],[19,5],[24,17],[45,15],[19,24],[-12,30],[0,19],[34,97],[8,6],[-4,34],[24,39],[2,40],[15,17],[8,29],[19,20],[13,41],[26,19],[6,19],[-11,33],[26,67],[34,60],[27,18],[41,129],[23,19],[13,34],[8,86],[14,28],[51,19],[172,13],[17,13],[12,20],[25,118],[12,21],[108,34],[61,10],[81,-1],[63,-14],[73,-47],[51,-18],[100,-24],[55,-22],[127,-15],[43,2],[109,-11],[272,-11],[88,-28],[215,-20],[99,-19],[75,-2],[55,6],[46,18],[111,136],[60,59],[115,136],[44,63],[38,34],[70,37],[436,198],[377,160],[112,92],[14,19],[80,65],[-37,35],[-3,90],[-12,32],[-32,40],[-66,5],[-36,115],[-11,16],[-17,10],[-30,5],[-14,27],[-24,25],[-9,31],[4,89],[10,12],[34,20],[6,42],[40,32],[6,76],[-13,25],[-23,20],[31,56],[3,49],[-25,45],[-3,31],[104,94],[127,46],[41,24],[15,18],[45,-5],[32,19],[22,-5],[34,-26],[24,-3],[36,17],[27,3],[17,33],[38,29],[77,50],[36,14],[8,12],[-12,27],[2,13],[17,18],[46,11],[17,14],[32,2],[18,9],[43,4],[16,10],[12,-1],[25,24],[25,-1],[38,10],[17,14],[36,12],[1,14],[10,13],[18,6],[9,-8],[9,1],[0,25],[9,10],[51,2],[52,22],[39,29],[24,-1],[12,8],[24,-6],[36,14],[13,-4],[17,11],[-3,15],[29,39],[-20,27],[14,36],[-11,23],[0,21],[-8,5],[-7,24],[-10,4],[-2,14],[20,11],[5,15],[10,7],[35,13],[75,-15],[106,90],[4,10],[-13,34],[16,31],[-2,51],[-17,28],[-29,0],[3,31],[17,6],[3,18],[18,3],[-3,36],[-20,11],[-1,11],[12,14],[-18,20],[12,8],[8,21],[-5,10],[-20,12],[-12,24],[13,1],[6,20],[12,12],[-25,21],[-36,-1],[12,36],[-5,5],[-20,-6],[-2,5],[3,33],[18,29],[3,47],[25,-3],[11,16],[26,-4],[13,44],[35,-2],[13,24],[27,17],[-1,30],[-37,30],[17,18],[5,34],[-13,32],[-23,20],[-9,47],[-25,11],[-11,13],[-1,11],[19,7],[-10,9],[19,11],[-3,13],[6,8],[39,18],[3,9],[-20,13],[3,20],[-28,6],[-12,29],[6,33],[-18,6],[-4,8],[10,20],[-5,16],[4,16],[19,17],[-7,46],[24,56],[14,64],[10,4],[11,17],[45,8],[3,33],[-23,23],[1,10],[36,6],[16,40],[-15,36],[22,16],[3,11],[-20,10],[20,12],[5,11],[-4,11],[-25,3],[-4,8],[5,10],[-4,11],[15,17],[-15,28],[21,25],[-16,9],[-6,22],[19,6],[2,6],[-7,8],[11,12],[-20,39],[8,4],[20,-6],[8,3],[1,9],[-13,38],[-17,24],[-9,22],[3,22],[28,30],[37,-39],[159,-239],[112,-128],[149,-193],[50,-134],[11,-8],[40,32],[6,98],[8,19],[62,58],[28,42],[34,30],[109,63],[66,51],[10,14],[83,54],[50,14],[65,0],[84,-38],[15,7],[53,50],[23,11],[202,25],[139,39],[76,30],[34,3],[94,37],[58,55],[16,27],[23,19],[42,18],[207,71],[174,47],[47,27],[282,120],[380,54],[112,8],[38,18],[21,32],[23,20],[60,28],[139,15],[93,-4],[92,17],[111,-22],[101,2],[146,42],[182,80],[66,17],[144,59],[43,4],[40,-13],[52,6],[42,-5],[20,7],[43,55],[44,23],[75,56],[68,81],[13,36],[16,21],[110,110],[126,155],[96,83],[33,16],[34,24],[8,-1],[60,42],[105,43],[158,139],[311,210],[142,132],[145,117],[64,76],[5,37],[9,9],[33,5],[25,23],[73,11],[35,16],[33,5],[56,76],[38,6],[49,29],[54,58],[28,62]],[[32829,77957],[46,-140],[-16,-62],[4,-33],[44,-38],[86,-2],[22,-18],[-2,-31],[16,-7],[43,1],[13,-8],[16,-25],[0,-150],[8,-21],[49,-19],[4,-41],[10,-21],[30,-14],[49,-37],[12,-25],[1,-26],[22,-37],[2,-21],[32,-42],[89,-52],[44,-6],[20,-10],[-4,-31],[-37,-28],[2,-48]],[[129286,100179],[-527,-206],[-268,-90],[-794,-202],[-147,-45],[-733,-268],[-215,-60],[-736,-177],[-184,-32],[-102,-44],[-63,-33],[-138,-90],[-95,-41],[-132,-42],[-145,-34],[-123,-19],[-323,-115],[-407,-215],[-146,-68],[-126,-51],[-145,-53],[-1870,-600],[-320,-115],[-342,-140],[-934,-451],[-668,-349],[-1035,-578],[-392,-233],[-211,-142],[-162,-117],[-158,-127],[-253,-232],[-279,-319],[-168,-264],[-358,-1168]],[[130952,107287],[7,-70],[25,-60],[94,-116],[31,-26],[6,-36],[8,-14],[16,-10],[8,-36],[21,-41],[51,-60],[4,-14],[22,-2],[22,-19],[45,-5],[4,-14],[27,-18],[57,0],[32,-24],[-16,-13],[-6,-49],[-21,-29],[-16,-52],[-13,-17],[3,-32],[-7,-11],[-14,-85],[5,-7],[-7,-54],[20,-39],[-1,-31],[7,-43],[0,-18],[-16,-31],[1,-51],[31,-43],[9,-46],[-8,-16],[-54,-53],[-12,-27],[-18,-23],[-8,-46],[-12,-25],[14,-24],[11,-6],[1,-17],[-17,-14],[-16,-28],[-33,-76],[-10,-46],[-49,-26],[-63,-12],[-32,-20],[-51,-41],[-18,-24],[-14,-6],[-28,-47],[-14,-8],[-15,-31],[-29,-20],[-34,-39],[-7,-25],[-16,-19],[-8,-25],[11,-51],[2,-59],[-8,-9],[2,-19],[-35,-24],[-4,-47],[-36,-23],[-50,-17],[-31,-27],[-37,-6],[-13,-19],[-10,-62],[-8,-30],[-19,-31],[-4,-52],[-15,-20],[1,-12],[19,-27],[5,-30],[38,-50],[12,-57],[-10,-44],[48,-9],[18,-29],[19,-3],[5,-27],[28,-22],[-1,-29],[-10,-13],[1,-12],[25,-47],[1,-39],[19,-31],[-10,-69],[3,-15],[-11,-29],[-83,-96],[-61,-56],[-19,-29],[-42,14],[-11,-6],[-17,-29],[-6,-49],[21,-16],[4,-69],[22,-58],[-2,-16],[-14,-20],[2,-74],[-11,-99],[-27,-182],[-22,-92],[-114,-175],[-231,-290],[11,0],[0,-434],[-11,-91],[-80,-463],[-36,-308],[-42,-183],[-74,-234],[-60,-160],[-66,-150],[-104,-194],[-83,-116],[-166,-197],[-188,-186]],[[107628,15301],[-25447,0]],[[82181,15301],[20,5839]],[[82201,21140],[6,13748],[1485,1212],[131,135],[123,140],[100,138],[84,137],[58,180],[40,168],[30,226],[6,168],[-11,188],[-27,197],[-40,186],[-72,219],[-64,112],[-62,90],[-701,704],[-17,4],[-64,75],[-641,630],[-352,358],[-20,7],[5,2074]],[[82198,42236],[27,21],[17,4],[99,2],[8318,1]],[[90659,42264],[13,-1],[4,7],[8478,1],[4,5]],[[99158,42276],[8107,9],[160,13],[281,0],[-78,-26997]],[[137630,81658],[-188,-156],[-232,-266],[-128,-165],[-104,-166],[-126,-233],[-94,-193],[-94,-374],[-36,-112],[-55,-122],[-102,-173],[-150,-228],[-71,-81],[-63,-59],[-216,-185],[-108,-113],[-35,-45],[-126,-218],[-1,-12],[-95,-178],[-27,-62],[-39,-170],[-93,-118],[-56,-57],[-11,-31],[-18,-130],[9,-32],[61,-87],[4,-28],[-68,-112],[-24,-22],[-31,-59],[-5,-132],[2,-199],[-36,-383],[-60,-152],[-9,-41],[-38,-100],[-105,-377],[-59,-120],[-49,-49],[-164,-118],[-99,-92],[-35,-50],[-132,-222],[-66,-84],[-43,-82],[-9,-62],[8,-97],[-3,-41]],[[129507,75925],[0,16],[83,155],[171,363],[92,240],[28,115],[0,70],[-9,74],[-20,62],[-63,115],[-16,71],[12,147],[7,17],[43,50],[-40,37],[1,11],[14,2],[9,9],[12,48],[50,3],[7,9],[10,0],[2,9],[-16,45],[13,27],[46,33],[12,31],[-15,65],[-37,45],[-1,91],[24,103],[17,25],[26,20],[38,70],[4,18],[47,53],[4,29],[-5,36],[-20,23],[-33,10],[-18,26],[2,27],[31,61],[64,20],[16,29],[55,51],[17,49],[18,94],[11,112],[16,10],[-14,57],[-23,26],[-25,13],[-207,1],[-113,17],[-90,20],[-185,64],[-80,16],[-120,-24],[-117,-33],[-174,-92],[-12,8],[74,706],[14,78],[1,66],[-102,70],[-72,37],[-74,27],[-88,13],[-93,-6],[-57,6],[-26,18],[-44,125],[-74,76],[-106,219],[-19,5],[-98,72],[-53,51],[-35,63],[-33,155],[1,36],[-40,255],[-86,-27],[-94,17],[-78,61],[-49,70],[-25,25],[-170,77],[-31,18],[-24,22],[-24,7],[-28,18],[-71,66],[-23,33],[-15,7]],[[130974,88101],[101,-24],[303,-118],[124,-79],[505,-442],[743,-735],[11,-27],[292,-435],[219,-414],[156,-208],[168,-208],[86,-92],[111,-91],[26,-19],[110,-32],[195,22],[50,-10],[50,-21],[37,1],[60,-35],[58,-62],[2,-23],[-12,-49],[23,-62],[37,-42],[45,-27],[54,-8],[45,-34],[62,18],[40,2],[82,-44],[71,-86],[13,-40],[21,-16],[20,-53],[20,-29],[23,-20],[42,-2],[54,-59],[30,-55],[41,-2],[25,-31],[24,-13],[28,-35],[24,-15],[76,-26],[14,-2],[38,15],[95,-21],[206,-14],[64,-19],[39,-34],[11,-20],[41,-23],[67,-9],[26,-17],[47,-14],[89,-69],[96,-88],[85,-112],[77,-124],[52,-116],[36,-104],[25,-99],[88,-389],[27,-94],[80,-153],[38,-55],[49,-39],[71,-41],[36,-12],[36,-3],[29,-18],[48,4],[40,-33],[32,-50],[10,-38],[89,-38],[54,-37],[75,-106],[104,-203]],[[137283,82146],[18,-41],[148,-222],[181,-225]],[[82198,42236],[-429,-100],[-319,-108],[-84,-34],[-322,-154],[-116,-75],[-163,-137],[-153,-157],[-133,-179],[-29,-31],[-226,-183],[-143,-140],[-67,-85],[-122,-183],[-58,-72],[-78,-61],[-155,-150],[-120,-80],[-43,-22],[-50,-17],[-101,-18],[-595,-76],[-16,-14],[-11,-54],[23,-45],[2,-25],[-27,-25],[-59,47],[-22,-1],[-56,-37],[-36,-4],[-52,17],[-46,31],[-19,6],[-9,-15],[2,-12],[17,-18],[0,-14],[-27,-20],[-120,-46],[-46,-62],[4,-32],[24,-9],[-3,-16],[19,-3],[-6,-39],[-17,-37],[2,-11],[9,-1],[13,16],[47,11],[10,-7],[-4,-44],[-15,-42],[-44,-68],[4,-57],[-13,-25],[-79,-97],[-26,-19],[-45,-13],[-17,-13],[-42,-49],[4,-19],[12,-4],[32,-29],[6,-19],[-4,-71],[-40,-90],[-35,-39],[-41,-29],[-133,-64],[-103,-30],[-55,-5],[-65,2],[-185,26],[-72,-2],[-31,-7],[-50,-25],[-164,-129],[-27,-14],[-40,0],[-35,27],[-91,144],[-55,75],[-72,65],[-20,36],[-84,83],[-14,46],[-73,37],[-17,3],[-203,-1],[-12,-9],[-32,-9],[-15,5],[-34,38],[-12,35],[-14,11],[-63,0],[-21,30],[-9,3],[-38,-10],[-18,2],[-34,30],[-52,27],[-12,29],[-22,30],[-11,35],[-61,38],[-4,13],[-21,22],[-1,35],[-11,14],[0,25],[-11,33],[-6,2],[-491,-171],[-15,0],[-15,14],[-138,294],[-122,-114],[-85,-56],[-50,-62],[-15,-68],[3,-123],[82,-17],[43,-16],[33,-29],[26,-11],[27,7],[30,-1],[20,-9],[-25,-43],[-22,-172],[-22,-45],[-7,-29],[-94,-144],[-39,-37],[-51,-136],[-99,-190],[-9,-78],[-17,-71],[-15,-7],[-77,-5],[-52,4],[-56,42],[-131,-42],[-107,-13],[-137,-52],[-57,-4],[-416,33],[0,18],[-260,-28],[-50,-11],[-13,-9],[-49,28],[-184,163],[-130,159],[-214,289],[-67,48],[-44,1]],[[77832,47297],[37,-66],[88,-209],[28,-31],[31,-57],[170,-164],[50,-71],[29,-13],[27,-31],[44,-6],[61,-56],[30,-13],[19,5],[55,35],[43,-1],[70,-18],[40,-27],[106,-13],[46,-28],[153,17],[24,14],[45,5],[25,12],[16,2],[41,-12],[46,11],[24,-21],[58,-4],[58,14],[21,-11],[-281,-425],[-169,-275],[535,-1578],[461,-504],[174,-247],[290,-456],[82,-98],[1789,-741]],[[104842,55825],[-373,-397],[-261,-293],[-217,-320],[-76,-131],[-64,-137],[-46,-181],[-48,-255],[-84,-199]],[[103673,53912],[-11,15],[-610,366],[-133,416],[-31,76],[-21,50],[-38,55],[-95,79],[-28,56],[-10,92],[-36,102],[-25,43],[-108,94],[-51,26],[-59,45],[-58,23],[-17,13],[-71,19],[-25,37],[-90,51],[-73,31],[-124,116],[-69,76],[-37,16],[-24,46],[-50,39],[-21,42],[-94,-15],[-88,-2],[-22,-16],[-46,-20],[-131,-42],[-32,-2],[-17,-15],[-300,-58],[-149,-24],[-87,14],[-125,-28],[-158,8],[-51,36],[-92,104],[-62,95],[-72,133],[-24,59],[-35,122],[-51,117],[-94,171],[-193,25],[-17,48],[-18,17],[-37,18],[-131,35],[-69,27],[-27,23],[-51,72],[-9,25],[12,39],[30,59],[61,90],[106,89],[37,43],[198,310],[173,300],[38,87],[65,60],[74,57],[47,23],[135,39],[72,48],[12,-4],[32,17],[25,-1],[47,-36],[68,5],[72,36],[39,59],[123,-15],[15,107],[-4,13],[25,55],[59,91],[0,33],[-21,54],[-46,234],[-19,50],[-109,163],[-31,37],[4,23],[18,20],[129,55],[21,30],[11,51],[175,125],[120,62],[21,20],[13,159],[19,28],[26,20],[-39,112],[-51,73],[-23,19],[-6,50],[-9,10],[106,1],[106,-8],[82,-28],[89,11],[157,47],[59,12],[151,4],[138,16],[11,7],[251,41],[87,21],[134,-17],[65,-65],[58,-120],[-2,-100],[-46,-86],[-2,-89],[101,-107],[152,-44],[101,17],[71,39],[18,-131],[26,-102],[13,-97],[76,-19],[79,-9],[219,-11],[22,18],[45,19],[81,20],[-29,-106],[2,-181],[27,-143],[74,-107],[90,-338],[-1,-73],[-14,-74],[3,-5],[43,-1],[11,-47],[-80,-31],[10,-33],[-48,-56],[29,-59],[57,-16],[2,-89],[98,-36],[14,-208],[78,-51],[286,80],[252,-63],[137,-76],[49,-181],[-3,-101],[-40,-63],[-131,-112],[-8,-26],[43,-63],[21,-46],[7,-46],[27,-26],[7,-46],[-28,-46],[-13,-98],[41,-33],[49,-53],[54,-109],[-5,-120],[-42,-55],[-60,-59],[-56,-37],[-4,-9],[4,-22],[21,-24],[164,-164],[16,-25]],[[126461,78338],[4,-36],[-16,-64],[-139,-497],[-2,-47],[75,-923],[-66,-108],[-170,-247],[-40,-219],[-14,-133],[39,-218],[-169,-659],[-13,-70],[-26,-60],[-70,-117],[-65,-104],[-40,-49],[-64,-107],[-25,-174],[13,-23],[453,-144],[58,-33],[45,-42],[88,-121],[78,-84],[-27,-10],[-170,-27],[-63,-21],[-61,-31],[-176,-105],[-236,-229],[-34,-58],[-25,-60],[-13,-60],[16,-257],[-3,-70],[-9,-61],[-84,-244],[-3,-168],[-60,-117],[-50,-112],[-45,-58],[-83,-72],[-19,-31],[-32,-8],[-52,-21],[-84,-54],[-117,-18],[-51,3],[-96,26],[-43,32],[-60,-12],[-32,-32],[-29,-77],[-39,-194],[-32,-310],[-25,-27],[-1,-157],[-7,-39],[-16,-27],[-165,-181],[-149,-93],[-3,-39],[-30,-60],[-78,-100],[-32,-18],[-26,-70],[-153,-76],[-22,-24],[-26,-46],[-30,-29],[-125,-58],[-21,-19],[52,-86],[13,-50],[-181,-93],[-31,-27],[-6,-24],[14,-325],[23,-60],[14,-64],[11,-706],[36,-126],[7,-168]],[[117675,68034],[26,125],[25,65],[14,135],[107,177],[64,64],[53,71],[27,86],[11,49],[-12,100],[20,169],[-13,61],[5,108],[-16,30],[-20,87],[-31,52],[-54,33],[-49,50],[-3,132],[-15,12],[-17,96],[2,124],[-20,63],[-18,30],[-25,160],[-14,52],[-19,-2],[-40,57],[-30,24],[-10,29],[-10,69],[18,38],[42,28],[28,4],[1,9],[35,23],[10,20],[27,0],[11,8],[11,19],[9,4],[6,18],[-10,11],[1,41],[-15,27],[-46,49],[-25,98],[-12,19],[25,51],[15,10],[12,61],[-16,58],[-27,63],[7,60],[-27,61],[-48,59],[5,16],[-5,61],[61,119],[-60,97],[-145,98],[-50,62],[-10,62],[18,65],[38,59],[-6,60],[-93,88],[-40,54],[-22,65],[-3,134],[-20,43],[-2,64],[-43,50],[-41,67],[36,108],[-69,127],[-37,122],[-42,177],[4,63],[-17,80],[-52,123],[-18,58],[-20,140],[-49,26],[-120,155],[-75,21],[-63,6],[-35,63],[-38,41],[-62,34],[-53,19],[-63,45],[-79,95],[-32,58],[-26,73],[-6,76],[6,43],[19,58],[4,73],[-32,49],[-101,97],[-24,50],[-41,58],[-5,66],[9,37],[-2,39],[20,47],[-11,16],[6,29],[-4,23],[-39,102],[-26,28],[-39,15],[-33,4],[-35,12],[-109,85],[-57,61],[-47,63],[-88,77],[-45,50],[-61,87],[-77,82],[-33,27],[-54,77],[-80,66],[-22,48],[-15,17],[-50,25],[-19,18],[0,29],[-25,70],[-12,-9],[-30,14],[-14,31],[-101,46],[-19,27],[-47,26],[-36,29],[-14,48],[-32,45],[-13,3],[-36,37],[-1,36],[-19,50],[-3,57],[28,26],[26,46],[0,72],[-37,94],[-57,103],[-10,63],[2,43],[-10,14],[-34,30],[-23,8],[-58,-5],[-33,13],[-30,0],[-68,-13],[-61,9],[-42,15],[-30,34],[-8,23],[-31,46],[-79,84],[-31,67],[-6,72],[3,124],[16,126],[16,64],[-2,87],[12,53],[18,10],[8,14],[-8,16],[1,24],[-17,44],[-1,24],[-38,60],[-34,99],[-40,60],[-4,36],[-41,87],[-13,62],[-10,18],[-8,172],[-10,46],[4,63],[-31,82],[6,24],[39,83],[-20,28],[-12,37],[-163,28],[-13,9],[-6,36],[-28,61],[-54,82],[-25,88],[17,56],[-5,58],[-29,48],[-10,69],[-33,117],[11,65],[-7,79],[7,41],[-4,76],[-8,49],[-29,29],[-15,7],[-8,309],[9,70],[22,60],[61,115],[31,91],[27,24],[76,49],[-26,55],[38,53],[-10,26],[14,63],[-26,17],[13,225],[-51,401],[-2,96],[9,158],[16,33],[13,100],[15,21],[45,123],[14,60],[45,124],[110,229],[87,166],[129,154],[52,110],[14,63],[58,188],[54,116],[30,133],[6,65],[0,61],[-21,54],[1,11],[-55,115],[-58,86],[-106,298],[-11,146],[-13,50],[4,21],[-14,118],[-22,92],[-12,20],[-22,5],[-18,-6],[-16,5],[3,14],[46,34],[-7,65],[-13,-5],[4,34],[-5,14],[-9,145],[-3,189],[17,31],[-7,87],[-33,189],[-30,36],[-68,46],[-38,18],[-44,83],[-37,56],[-12,66],[-85,167],[-16,60],[-26,129],[-16,126],[6,26]],[[40464,53547],[-62,-155],[-38,-57],[-43,-36],[-50,-30],[-44,-10],[-90,13],[-83,3],[-86,15],[-50,26],[-54,45],[0,8],[-34,16],[-157,57],[-78,10],[-117,-12],[-116,-30],[-212,-87],[-84,10],[-152,41],[-34,68],[-39,24],[-13,28],[-132,55],[-58,54],[-75,41],[-58,-13],[-52,-26],[-37,-46],[-52,-30],[-115,-22],[-123,6],[-72,14],[-148,99],[-221,87],[-62,15],[-116,8],[-293,-19],[-15,10],[-33,45],[-17,9],[-48,-3],[-59,-14],[-85,-46],[-39,-83],[-34,-50],[-83,-89],[-93,-74],[-133,-118],[-59,-23],[-66,-7],[-13,3],[-25,28],[-16,4],[-18,-6],[-63,47],[-9,-4],[-21,-22],[-17,-65],[-31,-7],[7,-76],[-24,-59],[6,-100],[-37,-175],[-13,-35],[-18,-14],[-223,-112],[-75,-48],[-114,-107],[-104,-143],[-18,-14],[-86,-41],[-35,-7],[-36,2],[-29,20],[-78,95],[-51,26],[-63,12],[-67,-52],[-34,17],[-32,5],[-14,14],[-19,-4],[-211,-136],[2,-15]],[[22764,43176],[-20,6],[-54,-8],[-40,37],[-15,-2],[-8,14],[-19,1],[-9,-16],[1,-16],[-15,-17],[-13,-43],[-14,6],[-27,-6],[-15,6],[-8,-11],[-9,20],[-61,65],[-2,20],[-15,7],[1,22],[-7,16],[-20,15],[2,17],[-10,8],[-6,28],[-10,12],[2,27],[-18,11],[1,6],[-20,16],[-5,13],[-23,1],[-20,16],[-4,5],[10,4],[7,14],[-34,34],[-27,7],[-16,-4],[-51,66],[-9,-3],[-7,6],[3,10],[-50,17],[-30,1],[-13,30],[-36,38],[-49,22],[-32,4],[-84,85],[-22,31],[-36,28],[-27,6],[-30,-21],[-40,0],[-14,-8],[-20,2],[-20,-6],[-23,3],[-17,16],[-12,34],[1,14],[16,50],[79,157],[17,62],[6,211],[17,124],[3,141]],[[21744,44627],[54,39],[35,73],[1290,3755],[18,109],[-2,83],[-11,43],[-19,36],[-47,59],[-9,27],[2,82],[23,54],[-28,71],[19,114],[22,61],[62,50],[6,50],[41,81],[0,26],[-9,25],[18,29],[-3,7],[-13,1],[-13,12],[16,52],[2,56],[30,36],[7,32],[26,29],[5,30],[27,7],[81,92],[-21,55],[29,53],[0,26],[15,18],[4,52],[59,154],[1,58],[-15,29],[19,31],[-3,71],[19,18],[3,24],[26,27],[5,16],[31,33],[-2,43],[13,56],[27,58],[1,18],[-10,17],[-32,26],[-17,4],[-24,18],[-10,2],[-20,-12],[-12,5],[6,33],[-15,46],[0,43],[-22,27],[-17,39],[25,41],[-1,30],[-45,91],[-6,21],[10,30],[31,42],[3,23],[-10,27],[-36,53],[-20,92],[8,43],[15,36],[22,127],[5,53],[-3,68],[6,30],[34,68],[0,77],[-42,82],[-2,30],[88,41],[17,19],[5,44],[-2,54],[-20,55],[-3,40],[-20,25],[7,185],[13,32],[-8,32],[9,53],[-24,48],[-21,17],[-19,58],[5,23],[11,17],[-13,120],[17,35],[10,44],[20,38],[18,23],[34,24],[114,158],[474,620],[76,116],[-16,83],[2,48],[96,205],[-38,143],[5,81],[-18,24],[-7,22],[12,37],[-16,38],[15,65],[-14,40],[0,25],[24,35],[44,36],[-4,12],[-27,19],[-9,49],[-18,29],[-10,35],[23,98],[0,28],[-10,28],[-28,16],[-8,27],[38,105],[4,35],[-7,39],[-37,41],[-10,30],[24,34],[103,31],[7,48],[14,13],[32,1],[18,7],[24,-4],[7,28],[-25,24]],[[30152,65271],[21,-31],[27,-13],[1,22],[9,14],[100,63],[6,-8],[-10,-30],[13,-43],[14,-13],[7,0],[-9,28],[14,13],[62,-53],[28,-11],[30,-40],[47,-14],[11,-20],[-25,-33],[-11,-32],[0,-14],[7,-8],[29,23],[25,0],[25,13],[17,22],[16,6],[19,-12],[33,-26],[12,-20],[-2,-15],[15,-15],[42,-9],[-7,-34],[14,-10],[33,-2],[30,-31],[42,-11],[66,-74],[36,-74],[25,-26],[19,-3],[33,39],[110,27],[10,-7],[-2,-46],[107,-81],[18,-36],[40,-30],[19,-7],[11,3],[6,10],[7,-2],[2,-19],[12,-14],[-10,-46],[16,-13],[5,-23],[16,-15],[9,1],[3,-14],[11,2],[4,-5],[18,8],[-4,-18],[13,-14],[43,-9],[9,-9],[1,-7],[-12,-2],[-2,-7],[23,-7],[3,-43],[25,-16],[-5,-24],[20,-6],[15,9],[18,-15],[10,3],[26,-16],[-6,-18],[5,-9],[13,-2],[16,-22],[-3,-6],[-24,-6],[3,-11],[26,-3],[1,-8],[-13,-8],[-29,5],[10,-31],[-9,-15],[21,-15],[19,-45],[15,-8],[1,-22],[-21,-23],[-1,-16],[9,-25],[-15,-30],[-16,-9],[-24,4],[-2,-46],[28,-41],[3,-20],[-9,0],[-6,13],[-6,-2],[-43,-49],[5,-16],[-4,-5],[10,-2],[11,8],[5,-6],[-9,-20],[25,-7],[-13,-39],[3,-14],[-10,-6],[-18,7],[-12,-7],[-27,4],[-8,-4],[16,-18],[8,-24],[-4,-23],[13,-21],[-22,-13],[1,-14],[-10,-5],[4,-10],[-8,-18],[14,-25],[3,-22],[-23,-21],[6,-10],[-12,-21],[17,-18],[-23,-4],[12,-14],[-3,-21],[18,10],[7,-5],[1,-10],[14,-16],[-6,-18],[12,-14],[-16,-2],[-13,5],[-15,-5],[-13,5],[-8,-5],[-7,-15],[2,-15],[-12,-57],[3,-8],[17,-9],[0,-11],[-83,16],[-23,-18],[-19,-1],[-26,-58],[-19,-6],[-54,8],[-6,-11],[4,-20],[19,-10],[4,-12],[-17,-21],[-16,-2],[-14,-24],[6,-15],[-1,-28],[16,-50],[52,-48],[25,-34],[19,-3],[35,-20],[7,-11],[13,-4],[45,-40],[43,-57],[64,-31],[6,-26],[9,-11],[4,-38],[8,-11],[77,-61],[8,-18],[14,0],[18,-10],[-4,-15],[-15,-14],[8,-6],[32,2],[28,-19],[9,3],[39,46],[50,40],[37,-3],[47,-25],[9,-11],[23,0],[23,-15],[41,-13],[-2,-20],[-19,-8],[-11,3],[-6,-18],[-10,-4],[36,-36],[53,-28],[17,-2],[4,-6],[-9,-13],[2,-11],[9,-5],[13,7],[15,-6],[5,-45],[41,19],[32,1],[16,-9],[0,-26],[8,-8],[39,-3],[47,30],[33,-11],[15,-15],[27,-2],[10,-7],[20,-3],[25,12],[29,-6],[6,-8],[0,-33],[18,-6],[7,5],[28,-34],[28,-15],[16,-19],[15,-52],[51,-46],[31,-87],[37,-23],[-3,-33],[28,-6],[7,-64],[32,-18],[14,0],[6,-9],[18,-59],[-6,-13],[9,-14],[12,-2],[-7,-19],[35,-13],[0,-37],[-22,-50],[3,-22],[35,8],[64,-21],[10,-8],[0,-9],[-10,-10],[-12,-26],[63,-45],[-8,-56],[2,-32],[-15,-53],[-24,2],[-15,25],[-11,3],[-26,-16],[2,-35],[-5,-17],[-25,-33],[21,-43],[-8,-11],[-33,13],[-10,-32],[-5,-3],[-14,0],[-10,30],[-8,4],[-37,-20],[20,-20],[-5,-13],[22,-24],[-10,-26],[-28,-18],[-9,-15],[-5,-19],[4,-33],[-22,-10],[-14,3],[-28,19],[-15,0],[-30,-29],[-11,-23],[-1,-24],[21,-100],[13,-21],[-3,-24],[-23,25],[-80,21],[-34,-17],[-23,-58],[-13,-7],[-28,3],[-22,-29],[-8,4],[-3,29],[-16,-2],[-7,16],[-21,-5],[-32,-30],[9,-46],[-8,-24],[-8,1],[-8,21],[-7,3],[-9,-15],[-25,-20],[-20,-59],[-47,-15],[2,-26],[-8,-28],[35,-70],[-1,-35],[12,-14],[22,-8],[30,-65],[-3,-13],[-27,-22],[42,-42],[4,-10],[2,-24],[-12,-18],[6,-55],[-18,-24],[-4,-17],[25,-77],[-6,-12],[3,-16],[28,-33],[9,-42],[20,-34],[57,-53],[62,-11],[9,-56],[5,-15],[16,-13],[4,-23],[33,-37],[17,-9],[6,-1],[5,8],[-23,34],[11,8],[57,-22],[57,49],[58,15],[20,12],[10,11],[2,22],[34,35],[9,1],[62,-42],[7,14],[-3,16],[7,7],[7,4],[24,-15],[4,-11],[-7,-33],[27,-32],[16,10],[19,0],[4,-14],[-26,-15],[2,-12],[37,-21],[-2,-11],[-24,-11],[-7,-25],[-12,-12],[-1,-12],[22,-47],[21,-15],[0,-10],[-9,-6],[0,-6],[11,-12],[-11,-13],[10,-30],[-10,-10],[-2,-26],[-12,-5],[-6,-14],[7,-26],[25,-14],[33,-9],[11,-31],[37,-20],[14,-40],[18,-4],[8,-9],[9,-18],[-2,-26],[17,-15],[20,-41],[3,-19],[106,-101],[30,-17],[34,-59],[115,-106],[30,-39],[9,-47],[20,-30],[8,-28],[22,-26],[28,-6],[-8,-37],[-23,-56],[-19,-20],[-7,-27],[-8,-8],[-44,-11],[-27,3],[-22,-35],[-15,-1],[-3,-26],[-7,-8],[7,-24],[-4,-14],[-35,-53],[-2,-26],[-31,-56],[-3,-107],[26,-12],[-12,-30],[2,-35],[-7,-60],[2,-21],[13,-16],[-1,-7],[-11,-2],[6,-10],[-4,-61],[10,-9],[24,4],[145,75],[202,166],[240,211],[123,89],[330,162],[36,44],[22,83],[49,39],[34,17],[23,2],[14,-5],[38,-28],[22,-26],[64,-43],[38,-3],[67,-29],[98,-68],[68,-58],[17,-12],[18,-3],[27,6],[33,26],[34,46],[125,26],[16,10],[29,59],[51,17],[28,22],[15,24],[30,13],[28,0],[31,-13],[22,-3],[51,2],[44,-6],[47,10],[47,22],[46,39],[23,35],[21,15],[111,32],[84,41],[-12,63],[5,18],[24,42],[33,20],[65,18],[8,13],[9,56],[-17,21],[86,76],[10,96],[21,60],[82,25],[23,14],[9,16],[27,7],[15,17],[6,19],[36,16],[10,13],[14,1],[50,-33],[24,12],[12,27],[53,33],[9,32],[12,20],[82,58],[49,52],[33,78],[118,67],[34,39],[44,83],[61,176],[20,210],[16,51],[25,20],[32,5],[9,33],[45,63],[57,46],[33,17],[102,29],[98,18],[68,76],[55,51],[26,16],[78,89],[64,29],[27,17],[34,35],[35,74],[0,21],[-30,94],[-16,296],[18,61],[24,24],[28,23],[38,18],[37,27],[29,27],[19,28],[55,32],[21,-1],[25,-11],[75,1],[109,-16],[49,3],[67,17],[88,9],[165,0],[172,9],[99,35],[155,14],[80,52],[113,25],[28,14],[36,24],[48,49],[37,21],[79,-3],[292,-33],[120,-1],[77,-8],[37,4],[38,-8],[9,-6],[26,-56],[12,-55],[19,-20],[64,-41],[56,-53],[49,-27],[22,-32],[38,-65],[10,-43],[9,-112],[39,-28],[12,-3],[102,-84],[73,-39],[53,-2],[77,-17],[73,-61],[60,-28],[50,-57],[5,-36],[32,28],[112,133],[84,-8],[25,-20],[40,23],[40,0],[16,-8],[18,-67],[29,-20],[39,-13],[15,-15],[34,-16],[24,-37],[20,-19],[94,-34],[58,-14],[114,10],[43,11],[51,-5],[26,-45],[12,-47],[13,-115],[7,-16],[30,-20],[1,-20],[-37,-59],[31,-56],[0,-28],[16,-58],[18,-33],[12,-52],[96,-65],[126,-141],[124,-38],[129,-72],[5,-5],[3,-31],[38,-24],[42,-58],[18,-5],[90,-63],[55,-20],[170,-230],[142,-219],[13,-32],[14,-18],[49,-37],[54,-83],[77,-46],[76,-33],[68,-26],[110,-26]],[[43412,59311],[102,-172],[31,-113],[11,-130],[-2,-18],[-16,-25],[-69,-86],[-92,-144],[-14,-35],[-14,-74],[-6,-165],[-34,-141],[-12,-172],[-26,-94],[-10,-66],[-22,-54],[-109,-76],[-119,-60],[-115,-14],[-96,-19],[-67,-21],[-58,-4],[-94,-81],[5,-61],[-153,-124],[-53,-36],[-70,-89],[-31,-29],[-9,-26],[4,-36],[47,-96],[6,-24],[-2,-66],[-19,-115],[-62,-90],[-19,-128],[-34,-40],[-15,-6],[-18,-18],[-36,-56],[-45,-47],[-62,-81],[-21,-10],[-47,-7],[-26,-15],[3,-4],[-17,-26],[-4,-28],[-24,-36],[-6,-36],[43,-71],[-25,-16],[-50,-16],[-31,-24],[-72,-13],[-12,-10],[-5,-54],[-41,-40],[-18,-5],[-19,-55],[-29,-52],[-6,-24],[1,-59],[-28,-60],[-1,-15],[19,-37],[-8,-12],[-66,-19],[-27,-24],[-26,-44],[-23,-134],[-131,-103],[-31,-78],[-59,-38],[-42,-42],[-14,-73],[-34,-54],[16,-39],[-11,-24],[0,-69],[-8,-47],[-43,-97],[-35,-35],[0,-33],[32,-85],[-89,-57],[-71,-57],[-9,-38],[-13,-11],[-31,12],[-23,3],[-8,-5],[-12,-32],[-16,-2],[-10,-8],[-16,-25],[14,-28],[0,-26],[-43,-2],[-125,-53],[-28,-18],[-20,-175],[-27,-28],[22,-90],[-30,-90],[7,-31],[58,-53],[-28,-52],[-11,-53],[-13,-21],[-80,-57],[6,-7],[-29,-65]],[[5705,14939],[-61,-100],[-62,-13],[10,-149],[-85,-129],[75,-94],[0,-62],[72,40],[105,-67],[-7,-107],[140,-168],[177,-34],[81,-59]],[[6080,12881],[-44,42],[-54,14],[-22,-13],[-49,-9],[-50,-21],[-45,-3],[-1,30],[-41,15],[-16,11],[-75,77],[-28,19],[-37,11],[-12,11],[-55,18],[-52,30],[-91,5],[-67,-8],[-28,4],[-46,22],[-22,1],[-50,-14],[-56,3],[-70,-11],[-36,8],[-44,20],[0,50],[-20,40],[-64,67],[-43,14],[-5,25],[-43,-14],[-11,5],[-9,15],[-31,-4],[-6,26],[-21,11],[3,30],[-19,44],[2,9],[25,7],[-24,30],[-42,21],[-48,-7],[-24,3],[-16,7],[-5,10],[-15,10],[-36,4],[-40,15],[-11,1],[-10,-17],[-8,-2],[-52,-2],[-5,-4],[9,-18],[-13,-13],[-32,23],[-12,-16],[-27,15],[-22,-4],[-20,-20],[-43,-7],[-18,-12],[-50,1],[-5,-18],[20,-25],[-21,-17],[-22,19],[-71,8],[-13,7],[-27,24],[-21,41],[-49,-17],[-4,6],[8,19],[-17,20],[-41,-14],[-55,-60],[-87,-20],[-30,-14],[-27,-2],[1,22],[13,22],[-7,38],[-22,30],[-42,28],[-11,43],[-24,15],[-20,-4],[-42,-32],[-1,-14],[-17,-23],[-163,-72],[-13,5],[-27,35],[-39,32],[-31,11],[5,20],[-40,12],[-10,-10],[-4,-15],[-36,17],[-18,2],[-22,-41],[-65,8],[-30,-18],[-1,19],[-46,8],[-9,15],[-24,11],[-11,-8],[-15,0],[-31,23],[-32,9],[-33,48],[20,35],[-21,26],[0,15],[8,8],[39,8],[10,24],[29,17],[-19,14],[-24,6],[2,32],[-28,-15],[-28,1],[-6,16],[9,22],[-6,4],[-26,-5],[-40,12],[-25,2],[-21,-8],[-26,5],[-13,-6],[-31,-32],[-11,-26],[-16,-16],[-75,10],[-17,20],[-30,11],[-31,31],[-53,19],[-7,6],[-4,26],[-20,31],[-35,29],[-29,0],[-23,-9],[-76,-3],[-18,43],[-10,9],[-11,40],[-147,98],[-21,-53],[-9,-7],[-51,6],[-27,21],[-8,22],[-36,13],[-33,41],[-44,40],[-37,10],[-62,-4],[-6,29],[-25,23],[5,20],[-5,11],[-17,3],[-6,-11],[-2,-34],[-19,-19],[-4,19],[-12,10],[-26,-21],[-26,9],[-35,1],[-10,8],[10,34],[-22,37],[-53,15],[7,29],[-7,18],[-52,46],[-31,8],[-72,0],[-87,23],[-37,16],[-14,2],[-35,-10],[-42,4],[-14,-9],[-8,-15],[-2,-40],[-13,-8],[-42,-15],[-73,-7],[-86,-23],[-23,14],[-4,14],[-16,10],[-7,19],[5,9],[19,11],[12,21],[13,68],[-55,112],[-3,39],[-39,54],[-20,14],[-37,46],[-31,19],[0,25],[-7,20],[-35,25],[-13,34],[-29,15],[-47,3],[-23,33],[-90,58],[-35,7]],[[390,15091],[47,279],[13,32],[81,99],[4,37],[16,26],[9,42],[-9,47],[-46,67],[-13,43],[-15,16],[-21,47],[-1,15],[19,12],[46,14],[14,22],[34,29],[39,-28],[24,-45],[30,-26],[42,-112],[30,-8],[126,-5],[20,6],[30,21],[6,14],[-1,54],[48,60],[17,48],[-22,34],[-5,26],[-23,20],[-81,12],[-38,20],[-31,-1],[-46,27],[-23,42],[-12,59],[-23,29],[20,67],[6,81],[15,13],[16,4],[7,18],[-14,27],[-54,59],[-10,73],[15,40],[-4,14],[-51,48],[24,53],[0,41],[-30,55],[-16,98],[-38,57],[-5,26],[15,53],[-11,15],[-41,12],[-38,27],[-9,80],[3,14],[23,16],[24,72],[23,38],[83,69],[35,43],[4,36],[32,11],[2,9],[-26,30],[-3,21],[-16,26],[-1,51],[-17,17],[-3,16],[-63,93],[-84,73],[-43,13],[-68,11],[-30,46],[-5,15],[8,39],[-4,22],[-19,33],[-12,50],[-29,50],[3,19],[19,21],[-17,30],[0,15],[29,47],[-14,26],[-8,38],[-12,14],[8,28],[24,40],[16,14],[31,56],[21,6],[27,-13],[15,4],[9,12],[1,42],[50,30],[45,-12],[1663,0],[-12,46],[-30,0],[-18,39],[-11,8],[-35,5],[-17,55],[-8,4],[-18,69],[-23,-3],[-7,28],[-10,-7],[-11,1],[-2,9],[6,3],[-10,13],[10,11],[-12,9],[0,11],[-11,4],[-6,-5],[-5,13],[-14,7],[-4,22],[16,7],[8,18],[-26,2],[-6,7],[9,23],[-7,6],[11,6],[-1,15],[-15,3],[17,11],[-1,11],[-20,6],[-10,-4],[-4,11],[-19,0],[10,-6],[-7,-4],[-17,13],[5,19],[12,8],[-6,3],[1,8],[16,10],[8,-6],[17,31],[10,-8],[19,29],[-23,19],[1,16],[5,-3],[10,11],[-7,22],[-14,2],[2,37],[-9,2],[-9,16],[-18,1],[-8,9],[3,9],[-17,8],[8,29],[-11,0],[-16,22],[14,3],[-2,39],[-6,-3],[-16,25],[10,1],[1,6],[-13,5],[-2,-7],[-5,6],[-1,6],[9,1],[6,9],[-3,10],[-27,18],[5,12],[13,3],[9,-11],[8,1],[-1,6],[9,5],[-4,7],[10,22],[-8,3],[7,8],[-5,11],[8,8],[-6,5],[7,9],[-8,3],[3,9],[-9,11],[3,16],[11,5],[-20,14],[-2,22],[-34,33],[0,6],[9,-9],[8,2],[-6,21],[20,15],[-6,1],[3,14],[-5,5],[-6,-7],[-15,15],[8,23],[-12,5],[-12,36],[-10,11],[11,6],[-2,10],[9,-2],[4,6],[-18,25],[11,11],[-5,12],[12,6],[-6,5],[2,11],[15,29],[-10,2],[7,24],[-12,9],[8,13],[25,16],[-3,20],[9,0],[4,-6],[2,15],[14,18],[7,23],[-4,5],[13,-7],[0,10],[8,5],[-10,23],[7,6],[-11,12],[9,3],[4,-6],[16,20],[-9,5],[14,11],[-4,14],[13,-4],[1,8],[-9,5],[9,6],[-3,20],[10,13],[9,-5],[-5,18],[10,2],[-13,8],[17,9],[-13,18],[22,6],[8,9],[-1,17],[22,-5],[-3,15],[6,-7],[26,11],[-7,13],[11,11],[-5,4],[6,5],[5,-5],[3,11],[10,9],[-7,5],[10,13],[-4,16],[7,3],[-6,9],[5,5],[10,-2],[5,14],[1,12],[-9,20],[8,8],[10,-7],[2,13],[15,-1],[-3,-6],[7,0],[12,7],[1,7],[-11,-1],[5,11],[-7,5],[10,21],[5,-5],[12,4],[-5,41],[32,29],[-1,10],[8,12],[13,2],[-6,19],[15,12],[-9,15],[14,14],[18,2],[3,8],[8,1],[-14,18],[6,1],[7,-8],[4,4],[-10,14],[29,-4],[4,18],[14,5],[-3,15],[-19,-11],[-1,15],[15,7],[-12,4],[-11,-4],[-10,9],[2,10],[19,1],[21,12],[-6,11],[5,7],[15,0],[7,18],[10,-4],[-7,-19],[14,-3],[6,15],[-7,8],[-7,33],[-20,16],[-1,11],[8,6],[0,9],[-4,4],[-14,-4],[-18,16],[12,18],[-5,31],[17,11],[-16,8],[-1,9],[-14,7],[12,15],[29,5],[-6,20],[20,-2],[7,42],[-4,15],[-7,9],[-22,5],[-10,14],[-11,-6],[-16,1],[-11,-10],[-6,4],[5,14],[16,18],[20,9],[8,31],[-15,-1],[-21,-27],[-8,0],[-4,15],[8,15],[-16,13],[7,18],[-17,-9],[-9,9],[18,8],[-3,10],[10,6],[7,-13],[25,-8],[8,3],[1,20],[-23,16],[-32,-8],[-14,2],[-14,15],[-18,-2],[-9,9],[22,23],[-9,21],[-9,6],[-25,-4],[-8,6],[-11,25],[-25,3],[29,18],[-1,21],[-8,10],[-22,0],[1,10],[14,-1],[-1,19],[5,2],[6,-13],[16,-4],[-1,15],[-25,35],[-17,8],[-10,-8],[-11,4],[-6,6],[2,18],[-9,7],[-15,-8],[-4,28],[-36,35],[3,15],[8,3],[22,-7],[-1,7],[-18,9],[-5,13],[-3,26],[10,8],[-1,6],[-19,-4],[-19,9],[-3,8],[7,10],[2,20],[22,-3],[17,-12],[5,2],[-2,13],[5,5],[25,-10],[5,29],[-22,2],[-6,34],[14,8],[2,13],[-27,10],[-22,42],[16,2],[22,-13],[19,30],[-6,10],[-19,1],[-5,8],[33,18],[-1,8],[-10,8],[-21,4],[-44,-14],[-9,17],[-19,13],[-3,12],[16,7],[-5,11],[-12,1],[-20,-16],[-12,1],[-22,27],[-47,-13],[-5,9],[5,15],[-8,9],[-2,17],[7,15],[19,18],[-3,9],[-22,5],[15,8],[4,10],[-10,14],[24,13],[-7,53],[20,9],[5,11],[6,0],[6,-9],[-5,-21],[14,-5],[-1,16],[10,21],[33,-4],[6,12],[27,15],[2,7],[-4,16],[-15,10],[-15,-21],[-8,-3],[-7,6],[-1,9],[14,15],[-4,34],[-38,29],[6,10],[18,-7],[1,7],[-18,30],[2,26],[25,12],[-2,17],[-7,9],[-21,4],[2,13],[-11,13],[-9,-9],[3,-7],[-12,-4],[-2,34],[-6,4],[-12,-13],[-17,26],[-5,-15],[-13,-2],[12,36],[-7,26],[27,3],[14,15],[18,-17],[18,4],[4,10],[-13,6],[6,13],[-22,4],[-2,10],[9,20],[8,11],[38,9],[5,-11],[19,-4],[15,24],[-20,-1],[-10,10],[-5,22],[18,9],[18,-2],[14,13],[-6,17],[-16,13],[35,1],[17,18],[-3,6],[-11,-5],[-35,21],[-3,12],[29,32],[-25,8],[-8,-6],[-5,6],[-5,38],[7,5],[15,-17],[9,3],[-5,39],[-34,0],[3,-13],[-5,-3],[-12,6],[5,23],[25,14],[-6,19],[23,17],[-2,8],[-27,-3],[-10,20],[-19,5],[-6,-11],[-6,1],[17,38],[-16,-9],[0,12],[16,8],[12,-6],[11,7],[0,11],[-13,5],[0,9],[15,-4],[9,14],[-26,21],[-12,-15],[-11,0],[15,29],[26,15],[2,7],[-26,10],[18,25],[14,5],[8,29],[10,12],[-9,9],[-17,-6],[4,-9],[-33,9],[-18,-21],[-6,3],[-16,40],[5,6],[22,-2],[11,-8],[12,30],[-24,-2],[-28,37],[15,10],[8,-10],[8,1],[-4,47],[18,5],[-23,19],[-4,18],[5,3],[24,-12],[29,2],[-3,9],[-17,13],[3,19],[30,38],[1,16],[9,7],[16,-1],[1,9],[-33,30],[-2,16],[28,-5],[12,6],[1,11],[-25,-1],[-2,5],[3,8],[28,15],[-6,13],[-19,8],[-5,16],[-10,7],[-23,0],[-6,11],[19,15],[0,12],[-10,8],[-6,19],[-23,1],[9,25],[5,2],[8,-14],[14,3],[-1,13],[9,11],[-21,3],[-16,12],[-25,2],[-2,6],[6,11],[13,-2],[3,7],[-16,31],[1,10],[3,4],[20,-5],[4,20],[16,16],[-3,7],[-22,-14],[-27,18],[-19,3],[-9,16],[35,36],[9,20],[10,-3],[20,-35],[10,3],[-1,35],[6,9],[16,5],[-6,16],[3,22],[17,11],[-24,10],[1,29],[-21,6],[-10,21],[-21,-2],[1,6],[33,16],[0,11],[-12,-7],[-19,5],[2,8],[29,19],[-5,4],[-16,-9],[-5,11],[-15,1],[-4,6],[8,15],[-2,15],[-18,-2],[-4,13],[-25,16],[-3,13],[-9,4],[-21,-11],[-19,6],[-19,33],[14,10],[-25,15],[-5,13],[4,24],[-18,9],[30,26],[8,35],[23,5],[-18,13],[15,25],[-6,7],[-9,-3],[-15,-27],[-10,9],[15,47],[16,14],[2,26],[12,1],[13,-19],[13,2],[12,9],[1,33],[19,-6],[7,7],[-25,19],[-1,24],[-30,54],[3,6],[16,2],[0,28],[-8,12],[-21,-8],[-9,19],[8,11],[15,4],[-9,12],[-2,28],[3,20],[13,17],[-12,-2],[-21,9],[-2,21],[-11,13],[10,24],[27,-2],[8,-12],[1,24],[-18,4],[-4,12],[-21,7],[27,12],[2,24],[46,-4],[22,15],[-1,9],[-13,7],[-24,-4],[22,28],[0,8],[-13,16],[17,3],[4,13],[-1,6],[-14,3],[-1,7],[53,-17],[41,2],[6,11],[23,0],[5,6],[-3,9],[-20,3],[1,9],[50,1],[6,25],[24,1],[-4,16],[-29,4],[-4,29],[9,8],[28,-7],[-1,13],[-18,15],[4,69],[16,3],[3,14],[8,-4],[0,-34],[47,28],[-5,56],[16,25],[-12,10],[-18,-17],[-10,0],[-4,48],[-5,4],[-11,-10],[-9,17],[33,17],[-15,15],[21,17],[0,14],[16,19],[0,39],[24,11],[-16,9],[-21,27],[21,13],[5,17],[18,-4],[0,15],[7,0],[17,-14],[9,2],[13,33],[-19,7],[-1,6],[17,8],[16,-10],[7,7],[-6,20],[-19,4],[-1,47],[-25,4],[-3,6],[9,19],[15,-11],[8,2],[-3,27],[23,7],[-9,12],[-34,-10],[-14,6],[-1,9],[13,13],[-2,8],[-8,3],[-5,13],[-14,2],[-15,15],[13,7],[16,-6],[5,4],[1,16],[-12,8],[6,9],[12,-1],[11,-20],[31,23],[22,2],[9,10],[2,18],[9,5],[0,25],[17,-15],[-9,-25],[35,5],[10,25],[-18,4],[-2,14],[10,5],[15,-12],[9,15],[27,12],[-9,10],[14,20],[-3,10],[14,17],[-8,15],[19,23],[-14,20],[12,9],[18,-2],[4,8],[-16,6],[-3,7],[33,6],[3,22],[-6,22],[35,12],[3,5],[-17,12],[4,12],[15,14],[-11,16],[32,17],[2,16],[18,2],[-2,22],[18,6],[4,24],[20,8],[9,-6],[2,-26],[16,-24],[9,14],[12,1],[8,13],[2,22],[18,6],[0,12],[-15,6],[0,8],[10,17],[-7,19],[15,19],[-5,24],[25,-13],[-3,13],[11,6],[7,19],[9,3],[15,-17],[21,2],[-2,7],[-13,4],[-4,16],[5,11],[17,3],[-19,13],[21,23],[-18,25],[2,36],[11,22],[-21,3],[-25,-5],[-1,7],[26,26],[-33,38],[-21,3],[12,38],[18,22],[30,15],[-1,12],[-28,-4],[-29,12],[9,15],[26,8],[9,20],[32,31],[-17,40],[10,12],[-6,18],[18,8],[1,8],[-8,9],[-15,0],[-3,24],[38,18],[-12,14],[6,9],[19,-6],[58,23],[0,8],[-18,10],[3,21],[38,-4],[3,20],[19,0],[-9,53],[39,9],[3,6],[-9,19],[4,21],[31,-6],[6,25],[23,4],[-8,24],[-13,9],[7,25],[18,3],[21,-4],[3,8],[-7,20],[27,-1],[6,12],[18,3],[9,10],[-2,12],[-26,-2],[-6,28],[11,6],[22,-9],[33,7],[-2,11],[-11,6],[0,10],[11,-3],[5,39],[19,5],[1,40],[7,4],[15,-6],[6,12],[-2,8],[-36,28],[-34,2],[2,22],[-19,15],[7,21],[-27,0],[-11,22],[-15,1],[-2,21],[-13,2],[8,20],[-4,7],[-25,2],[-13,7],[12,17],[5,30],[-16,27],[-35,21],[-1,17],[17,14],[0,7],[-4,6],[-26,4],[4,41],[-20,18],[2,46],[33,18],[0,17],[-25,13],[-41,43],[7,37],[-38,39],[-9,5],[-14,-17],[-25,19],[40,57],[-55,12],[-3,12],[14,9],[0,9],[-7,3],[15,39],[-6,6],[-17,-12],[-8,2],[-12,21],[-16,4],[14,26],[-23,5],[21,17],[15,-11],[19,11],[6,-16],[7,-1],[7,8],[-3,8],[-25,13],[2,21],[-8,0],[-10,-16],[-13,-6],[-29,27],[-30,0],[2,23],[19,7],[10,14],[-15,13],[-3,17],[-26,-7],[-3,10],[18,18],[43,-39],[6,19],[14,0],[11,-10],[0,-16],[19,1],[11,-12],[18,7],[8,17],[32,-1],[-4,14],[11,34],[-4,5],[-19,-2],[-2,11],[8,5],[18,-3],[7,7],[-9,10],[-24,2],[0,32],[-19,-22],[-12,-2],[-1,14],[11,24],[-8,4],[-14,-7],[-23,19],[6,25],[7,-12],[23,-13],[10,21],[-11,17],[10,2],[13,-8],[2,17],[14,9],[-1,13],[-26,11],[-2,13],[56,2],[-7,26],[20,-11],[-1,-14],[11,2],[5,17],[-14,5],[-20,22],[12,6],[23,-6],[17,5],[4,8],[-23,6],[20,18],[12,-16],[12,1],[-2,16],[10,15],[-8,6],[-16,-6],[-15,11],[22,12],[32,-16],[14,2],[-12,29],[33,9],[2,16],[43,13],[-22,14],[10,9],[19,4],[-11,18],[3,7],[13,1],[8,-6],[8,-27],[11,-4],[6,26],[12,1],[16,-10],[8,9],[16,-17],[11,21],[22,-11],[10,9],[21,-3],[-2,24],[7,33],[-7,4],[-18,-5],[-2,32],[5,12],[-20,0],[4,13],[9,3],[25,-5],[5,15],[-15,23],[-26,-8],[-4,10],[15,14],[30,6],[-8,19],[7,5],[12,-3],[14,-16],[26,8],[-1,9],[-15,10],[6,12],[13,2],[12,-23],[12,9],[-16,35],[-35,-2],[-3,30],[-14,3],[-15,21],[-8,0],[-5,-9],[11,-27],[-19,0],[-9,28],[12,20],[-13,20],[-19,-2],[10,-38],[-13,-6],[-12,17],[-5,31],[-11,5],[-21,-2],[-2,16],[-31,24],[-13,-12],[-38,-2],[1,-37],[15,4],[6,-6],[-9,-12],[-8,-3],[-46,18],[-4,37],[18,21],[-9,15],[14,7],[21,-12],[4,5],[-5,18],[-13,7],[-48,-12],[-8,4],[-1,11],[12,23],[-23,8],[-9,12],[-2,21],[-21,6],[8,31],[-9,5],[-21,-8],[-9,8],[6,19],[20,-4],[0,17],[-21,1],[-17,10],[-21,-9],[-7,5],[24,27],[4,48],[-20,5],[2,8],[20,12],[17,-5],[4,8],[-7,11],[4,6],[17,-12],[-4,-18],[8,-7],[10,2],[7,21],[-1,11],[-25,12],[-11,13],[-14,2],[-23,-8],[-10,10],[1,20],[21,3],[17,-9],[7,4],[-17,30],[14,19],[-10,6],[-14,-1],[-23,-21],[-13,5],[2,13],[21,28],[16,-8],[19,0],[7,5],[-13,16],[-46,11],[4,11],[28,16],[-1,11],[9,15],[-24,-8],[-7,9],[27,24],[4,12],[-16,4],[-1,-15],[-13,-9],[-12,3],[-4,12],[2,8],[40,30],[9,18],[2,9],[-21,2],[8,15],[9,4],[41,-14],[6,8],[-12,21],[12,16],[-16,11],[-1,12],[13,13],[20,-2],[7,9],[-42,4],[1,11],[18,13],[-6,6],[-16,1],[12,15],[-5,11],[-24,-12],[-9,5],[8,17],[36,22],[-13,15],[0,12],[33,19],[-12,62],[2,7],[23,6],[-7,8],[-31,-6],[12,16],[3,24],[12,6],[24,-2],[-5,20],[9,1],[11,-18],[10,-4],[11,11],[0,22],[25,3],[-3,15],[6,3],[18,-16],[4,3],[-2,24],[12,10],[12,-9],[-4,-19],[11,2],[22,28],[26,14],[-14,17],[16,11],[16,-1],[9,-18],[23,12],[13,-21],[10,17],[7,-1],[12,-17],[-38,-44],[5,-12],[10,-3],[25,9],[17,-4],[-7,-26],[-15,6],[-12,-2],[9,-17],[30,-2],[1,-10],[-21,-12],[1,-10],[31,-10],[41,18],[18,-19],[4,6],[-7,21],[23,11],[22,-9],[4,-10],[-6,-19],[13,-9],[40,16],[29,30],[25,12],[1,17],[-25,33],[7,11],[18,-7],[20,-21],[13,2],[34,27],[-1,15],[-9,4],[-32,-1],[-4,34],[-12,10],[-24,6],[8,10],[35,6],[5,16],[-45,54],[13,34],[-14,26],[-5,41],[16,20],[2,45],[-10,9],[-24,-9],[-6,11],[13,27],[0,32],[52,15],[4,8],[-17,10],[6,11],[41,3],[3,18],[-20,15],[11,11],[21,4],[2,6],[-12,49],[-18,21],[-3,14],[-26,18],[-4,29],[-30,-1],[-9,13],[26,45],[10,93],[-9,39],[-20,23],[8,14],[18,12],[-4,25],[25,23],[0,7],[-21,10],[-1,7],[23,40],[-2,12],[-24,32],[30,33],[20,6],[60,-2],[9,8],[7,25],[43,13],[1,10],[-40,13],[-2,9],[13,30],[25,-7],[24,24],[11,23],[17,12],[-8,14],[-12,1],[-1,15],[19,9],[16,-2],[28,19],[33,-4],[-4,17],[5,12],[20,-13],[12,-1],[10,6],[0,14],[13,30],[-32,2],[8,14],[-4,9],[-58,28],[22,24],[-9,28],[-29,13],[-11,28],[-33,29],[-22,8],[-2,9],[21,27],[70,35],[31,4],[3,12],[27,28],[23,9],[-6,31],[-13,20],[-9,67],[-11,12],[6,48],[26,30],[27,-1],[24,-12],[12,6],[-19,15],[2,44],[-5,4],[-10,-8],[-9,5],[-6,22],[-21,13],[18,7],[11,13],[10,31],[-14,1],[-4,11],[12,-1],[0,15],[-16,11],[-18,41],[-31,31],[-12,-5],[-17,19],[20,32],[-3,8],[12,9],[-12,6],[3,12],[-14,25],[27,7],[21,21],[25,0],[5,15],[15,13],[1,18],[19,14],[9,25],[16,-9],[23,13],[26,3],[4,15],[32,17],[12,23],[-11,9],[-17,-5],[-20,18],[-4,15],[-19,2],[-13,14],[-26,11],[10,18],[24,10],[6,9],[-14,30],[17,70],[-3,8],[-10,2],[-24,-12],[-18,26],[52,34],[8,12],[-10,20],[25,57],[-7,17],[0,43],[-13,39],[427,3585]],[[4238,36354],[871,-3196],[-6,-6],[15,-3],[-1,-35],[11,-16],[6,-27],[4,-9],[20,17],[64,-6],[3,-23],[17,-26],[3,-21],[26,-20],[0,-23],[7,-7],[33,-24],[10,-36],[41,-72],[6,-7],[55,0],[-13,-27],[85,-53],[-2,-43],[29,-54],[2,-71],[13,-9],[10,-20],[0,-32],[20,-22],[-5,-28],[27,-9],[-1,-17],[24,0],[14,-10],[-4,-38],[14,-22],[-17,-1],[-9,-9],[29,-21],[9,-21],[28,-7],[-1,-23],[12,-11],[17,-5],[23,-24],[22,8],[12,-8],[23,3],[15,-12],[19,12],[13,-3],[28,24],[29,-20],[9,4],[17,-4],[6,-15],[-13,-18],[16,-15],[-3,-12],[24,-26],[-1,-17],[42,-1],[1,-69],[-15,-12],[14,-40],[-6,-25],[5,-27],[-15,-15],[18,-79],[17,-26],[25,-8],[-7,-12],[9,-78],[-24,-19],[-6,-40],[-14,-30],[0,-28],[-19,-17],[-17,-36],[-19,1],[-4,19],[-14,6],[-5,-8],[-18,-5],[-20,-23],[-1,-19],[-28,-16],[31,-38],[2,-42],[-13,-18],[-3,-25],[-31,-12],[-72,10],[-20,10],[-15,-1],[-28,34],[-16,-6],[-46,21],[-47,-17],[-3,-11],[9,-11],[-3,-10],[-33,-9],[-67,-42],[-13,-16],[2,-16],[-12,-5],[-4,-19],[-33,-35],[-3,-42],[-8,-7],[-29,4],[-11,-53],[-38,-9],[-3,-16],[20,-5],[6,-10],[-9,-47],[-23,9],[-20,0],[-39,-13],[-45,14],[-18,-40],[-10,-9],[-32,0],[-24,-26],[9,-15],[21,-12],[4,-17],[-5,-8],[-11,-8],[-19,14],[-9,-26],[-13,-8],[-17,9],[-20,-3],[-16,-42],[-25,-13],[-9,-45],[-20,-30],[3,-41],[-15,-27],[21,-17],[3,-9],[24,-4],[-15,-26],[-9,-3],[-22,18],[-9,-15],[3,-8],[41,-24],[-9,-10],[-29,-3],[11,-17],[20,11],[11,-3],[1,-9],[-24,-31],[-16,6],[-3,16],[-13,1],[-17,-28],[4,-8],[34,-15],[0,-6],[-6,-18],[-27,-10],[-4,-7],[32,-11],[8,2],[10,21],[11,-3],[7,-14],[-13,-31],[-17,-9],[-1,-7],[9,-12],[-18,-4],[8,-13],[-2,-14],[-28,-16],[-9,-15],[-15,-6],[21,-14],[33,1],[11,7],[2,10],[15,-2],[7,-20],[-21,-6],[3,-28],[9,15],[13,-1],[20,-16],[2,-10],[-9,-15],[9,-3],[9,-17],[39,-11],[6,-10],[3,-81],[-20,-3],[-8,8],[-7,-3],[-4,-19],[-14,-3],[0,-65],[46,-23],[8,-11],[-1,-18],[32,-26],[-3,-16],[-19,-18],[35,8],[11,-14],[-15,-28],[-22,0],[-9,-7],[-11,-28],[-4,-49],[35,-12],[1,-7],[-6,-25],[-27,-1],[-2,-4],[2,-7],[29,-7],[-5,-16],[-27,-11],[-25,-1],[-13,-15],[-19,-1],[8,-30],[-22,-17],[-6,-16],[-19,-17],[8,-29],[-8,-5],[-24,1],[-15,-22],[-60,-36],[-15,-18],[-7,-26],[7,-5],[13,10],[10,-3],[0,-17],[-24,-6],[-4,-9],[12,-16],[23,-7],[5,-9],[-7,-20],[3,-23],[31,-29],[1,-9],[-24,-12],[21,-44],[6,-36],[12,-23],[-18,-26],[7,-49],[-22,-12],[4,-20],[17,-8],[-11,-7],[1,-12],[25,-16],[-6,-16],[4,-19],[34,2],[0,-20],[20,-14],[45,12],[-9,-42],[6,-5],[10,2],[22,25],[10,2],[8,-7],[-33,-69],[-31,-2],[-9,-14],[-1,-20],[7,-14],[-25,-4],[-13,-13],[33,-41],[27,-53],[-3,-8],[-18,-11],[71,-42],[10,-14],[-5,-9],[-25,-4],[25,-20],[-2,-23],[-17,-44],[1,-10],[16,-9],[9,-45],[-29,0],[-14,-16],[24,-16],[11,-21],[30,12],[57,-23],[-9,-29],[3,-8],[10,-2],[18,9],[24,-12],[28,7],[13,-43],[27,-5],[8,-12],[-9,-32],[23,-21],[51,-21],[6,-13],[-5,-24],[30,-16],[-8,-29],[6,-33],[-14,-15],[-6,-40],[16,-6],[45,16],[21,-31],[-58,-15],[-1,-16],[16,-26],[18,-5],[7,-25],[14,-7],[19,4],[-12,-22],[5,-12],[8,0],[15,15],[9,-1],[73,-44],[0,-19],[-18,-12],[0,-6],[32,-14],[12,10],[16,1],[9,-13],[-9,-23],[4,-39],[-9,-2],[-14,10],[-9,-1],[-24,-19],[-4,-6],[10,-37],[-19,-16],[-15,-5],[-3,-11],[13,-18],[-4,-4],[-38,-4],[1,-41],[5,-5],[40,-4],[34,8],[7,-7],[-19,-44],[-13,-13],[0,-9],[13,-16],[3,-27],[11,-1],[11,19],[8,2],[13,-9],[-3,-33],[9,-15],[-5,-24],[44,-44],[41,-15],[-7,-19],[4,-6],[23,-3],[22,-26],[33,-2],[6,-7],[-6,-25],[-18,-8],[-2,-9],[16,-25],[7,-32],[10,1],[10,39],[25,0],[24,20],[21,-2],[74,15],[23,-39],[17,-9],[49,10],[17,14],[16,3],[47,-31],[42,-6],[-2,-30],[14,-15],[29,-16],[8,-25],[13,-12],[31,-13],[50,-8],[18,-10],[39,-2],[0,-45],[9,-10],[11,1],[2,24],[10,-1],[18,-28],[25,-1],[17,-23],[9,-3],[21,15],[10,-2],[12,-25],[12,-5],[27,6],[21,-16],[10,1],[16,27],[-6,7],[-12,0],[10,16],[-4,17],[8,26],[17,12],[44,83],[29,12],[0,23],[7,6],[32,10],[3,6],[-8,21],[6,12],[39,5],[10,27],[13,5],[15,-8],[6,-9],[-6,-17],[6,-6],[11,-1],[18,31],[37,-10],[15,8],[27,-11],[34,25],[22,-3],[0,-15],[8,-7],[21,9],[16,-5],[6,13],[12,2],[19,-7],[16,-15],[2,-13],[19,1],[-1,15],[13,0],[14,-6],[6,-16],[11,1],[3,17],[37,17],[12,18],[10,5],[11,-24],[12,18],[20,7],[9,21],[-1,31],[16,32],[20,2],[8,-6],[-1,-7],[15,-7],[3,-11],[42,-30],[27,13],[12,-8],[3,-18],[18,-12],[7,-22],[17,-8],[-3,-57],[-24,-10],[3,-16],[-16,-21],[-4,-32],[12,-27],[19,-16],[9,-25],[30,-7],[6,-9],[40,-9],[28,-18],[11,-12],[-10,-16],[25,-7],[18,-16],[-1,-7],[-14,-4],[-1,-8],[33,5],[3,-5],[-20,-14],[-18,-30],[10,-14],[1,-29],[23,3],[18,-10],[-2,-8],[-41,-9],[-25,-19],[28,-27],[6,-3],[13,10],[10,-14],[-39,-13],[-3,-17],[-6,-3],[-14,6],[-6,12],[-11,-2],[-10,-19],[-15,-1],[6,-20],[-4,-6],[-24,6],[-13,-10],[6,-15],[-7,-6],[-9,-3],[-6,11],[-19,2],[-39,-34],[-29,-13],[-16,0],[-11,-16],[-26,8],[-31,-26],[8,-6],[-2,-8],[-8,-5],[-1,-14],[-18,-15],[-7,-1],[-16,22],[-26,-37],[8,-28],[-4,-11],[-19,-10],[-7,-56],[-24,-15],[-43,5],[-18,-4],[-13,-17],[-21,-11],[-33,-40],[-24,-64],[8,-37],[-27,-37],[-7,-9],[-16,1],[-22,-15],[-9,0],[-9,13],[-8,-3],[-28,-23],[-4,-10],[14,-36],[20,-12],[3,-43],[17,-19],[46,-22],[32,-11],[10,4],[27,-14],[2,-16],[-8,-14],[24,-26],[21,-10],[-8,-10],[9,-20],[12,-2],[1,-31],[6,-6],[20,-3],[-1,13],[19,8],[7,-12],[32,-13],[-4,-16],[26,-7],[2,-4],[-16,-27],[4,-17],[29,-2],[5,-6],[-17,-30],[25,-6],[4,-15],[18,-10],[0,-7],[-17,1],[-4,-7],[21,-24],[35,-20],[-1,-23],[-17,8],[-15,-28],[-1,-8],[7,-8],[20,-10],[15,5],[42,-9],[22,-13],[12,5],[-12,14],[40,5],[6,24],[21,4],[-4,-24],[13,-17],[4,-26],[-5,-27],[15,-25],[3,-20],[53,-30],[-4,-30],[-17,-6],[-2,-9],[17,-11],[9,-20],[18,-6],[-6,-33],[10,-22],[25,-7],[2,-24],[19,-10],[19,-27],[18,-2],[6,-6],[1,-13],[26,-41],[16,-7],[11,-15],[34,-4],[5,-5],[-10,-24],[45,-13],[46,10],[12,-12],[-13,-15],[-15,-6],[-5,-8],[2,-18],[-18,-10],[-7,-40],[14,-35],[-6,-11],[-19,-14],[-52,-10],[0,-10],[17,-26],[3,-47],[10,-3],[24,22],[11,-2],[40,-30],[5,-31],[-17,-20],[-22,-59],[-11,-15],[-6,-27],[-28,-20],[-21,-30],[-4,-107],[20,-65],[-13,-40],[14,-27],[-5,-25],[8,-42],[5,-9],[34,-17],[13,-16],[4,-20],[21,-23],[3,-34],[-3,-20],[-57,-89],[6,-74],[-24,-30],[1,-34],[16,-33],[4,-36],[42,-41],[22,-34],[34,-81],[16,-19],[10,-27],[1,-44],[8,-33],[23,-47],[15,-49],[18,-27],[14,-54],[179,-105],[35,-5],[42,-31],[24,-4],[18,-24],[33,-16],[6,-16],[0,-52],[11,-75],[35,-38],[126,-170],[1,-33],[-23,-64],[-4,-76],[-31,-108],[-2,-65],[-11,-50],[4,-86],[4,-19],[22,-33],[-18,-53],[-11,-59],[9,-73],[-12,-185],[-13,-43],[6,-44],[-9,-33],[13,-38],[-14,-41],[7,-34],[13,-16],[15,-81],[47,-63],[51,-91],[30,-105],[28,-40],[-8,-62],[3,-44],[-21,7],[0,-19],[12,-18],[2,-19],[-8,-18],[63,-61],[89,-47],[44,-13],[26,-2],[75,26],[43,-22],[50,-45],[78,-110],[40,-98],[-14,-116],[19,-67],[53,-71],[21,-71],[10,-86],[-34,-69],[-25,-135],[56,-106],[27,-40],[33,-34],[41,-34],[35,-9],[37,-26],[54,-55],[18,-11],[68,-11],[36,-32],[39,-2],[80,-66],[28,-39],[2,-35],[22,-52],[23,-30],[-3,-31],[18,-41],[24,-20],[42,0],[38,-41],[8,-56],[8,-16],[38,-28],[24,-44],[21,-21],[5,-15],[-3,-19],[7,-9],[39,-13],[-1,-30],[21,-24],[36,-29],[5,-28],[33,-13],[32,-43],[64,-35],[39,-67],[39,-25],[14,-30],[56,-29],[6,-24],[46,-42],[9,-38],[46,-52],[3,-21],[28,-32],[26,-88],[-2,-34],[6,-13],[11,-9],[11,1],[2,-27],[23,-13],[6,-17],[-3,-24],[32,-11],[25,-25],[-49,-26],[-109,-16],[-10,-3],[-24,-27],[-25,-3],[-27,-36],[-38,-28],[-29,-12],[-56,-67],[-33,-14],[-25,-20],[-18,-4],[-41,-29],[-6,-11],[-38,-15],[-45,0],[-47,-16],[-13,-19],[-23,-8],[-26,-29],[-48,-15],[-7,-7],[2,-31],[-16,-16],[-64,-17],[-146,-78],[-27,-8],[-64,3],[-8,-5],[-9,-62],[-21,-59],[-2,-45],[26,-87],[6,-69],[-5,-80],[-10,-65],[-20,-66],[-18,-43],[-36,-59],[-22,-55],[-9,-50],[6,-94],[9,-78],[25,-78],[44,-77],[54,-72],[31,-75],[-8,-81],[30,-92],[64,-124],[35,-37],[15,-28],[-33,-30],[-25,-11],[-57,-62],[-96,-7],[54,-33],[40,-58],[9,-33],[9,-6],[28,-1],[15,-13],[5,-15],[-2,-62],[5,-6],[27,-1],[15,-30],[46,-46],[6,-26],[31,-29],[40,-10],[7,-23],[17,-18],[10,-23],[20,-16],[8,-28],[27,-14],[10,-43],[20,-15],[28,-53],[80,-78],[-2,-33],[11,-20],[3,-22],[67,-26],[12,-22],[44,8],[24,-7],[15,-24],[24,-13],[10,-32],[26,-33],[31,-5],[74,-65],[21,-5],[13,-18],[71,-39],[80,-86],[-2,-10],[10,0],[38,-50],[40,-32],[17,-42],[56,-27],[21,21],[17,-1],[-3,-50],[-12,-11],[0,-47],[-27,-79],[-29,-22],[-9,-16],[-49,-3],[-13,-19],[-6,-23],[-12,-14],[1,-9],[24,-22],[-53,-26],[-6,-8],[-6,-38],[60,-48],[47,-7],[10,-24],[15,-14],[29,3],[14,-19],[32,-13],[19,-32],[38,-37],[7,-19],[-12,-31],[7,-19],[14,-12],[17,-73],[81,-125],[59,-70],[-4,-26],[45,-102],[19,-12],[7,-16],[42,-43]],[[165102,93959],[11,-9],[17,-39],[24,-23],[-2,-43],[4,-11],[25,-11],[28,-4],[24,23],[12,1],[70,-10],[29,16],[51,6],[23,19],[30,0],[21,16],[35,9],[49,-8],[26,-13],[31,-28],[35,-8],[28,-34],[24,-56],[45,-40],[14,-42],[25,-40],[37,-22],[20,-24],[7,-14],[4,-58],[24,-39],[6,-50],[19,-21],[-5,-25],[36,6],[26,-19],[143,-59],[18,-4],[43,10],[11,-3],[19,-30],[23,-10],[2,-57],[-25,-22],[-20,-115],[-8,-105],[10,-49],[-19,-57],[-8,-92],[8,-27],[37,-23],[22,-43],[45,-9],[34,-63],[18,-20],[17,-38],[27,-23],[12,-21],[22,-9],[13,-13],[-6,-50],[-15,-19],[3,-57],[7,-24],[32,-41],[2,-89],[11,-42],[0,-24],[-10,-46],[-33,-89],[-32,-32],[-21,-78],[-33,-52],[-12,-12],[-31,-9],[-9,-16],[0,-23],[10,-12],[30,1],[15,-6],[-1,-13],[-27,-15],[-38,-36],[-16,-45],[-26,-27],[4,-23],[-5,-14],[-55,-34],[0,-12],[-38,-54],[-7,-48],[4,-16],[23,-34],[32,-70],[-15,-41],[-42,-31],[-6,-30],[11,-13],[45,-19],[25,9],[12,-4],[29,-76],[45,-14],[7,-11],[-14,-46],[8,-17],[18,-11],[9,-16],[36,-9],[8,-13],[0,-12],[-10,-11],[-31,-1],[-5,-12],[12,-18],[2,-17],[-10,-61],[29,-27],[9,-64],[-12,-29],[1,-15],[14,-43],[17,-21],[-17,-23],[-5,-20],[-4,-40],[7,-63],[-39,-30],[-24,-48],[3,-69],[-16,-52],[1,-44],[-13,-60],[24,-37],[-9,-175],[21,-17],[39,-93],[68,-107],[-20,-18],[-35,-6],[-191,46],[-46,3],[-92,18],[-135,-15],[68,-102],[58,-124],[70,-95],[34,-32],[69,-12],[24,-15],[4,-63],[12,-16],[50,-22],[11,-11],[3,-30],[13,-15],[28,-13],[39,-4],[97,-32],[24,-23],[13,-38],[5,-67],[24,-52],[0,-15],[-19,-23],[-6,-44],[24,-105],[20,-16],[137,-64],[31,-39],[26,-50],[26,-27],[57,12],[22,-6],[12,-41],[-11,-41],[3,-15],[46,-66],[9,-15],[7,-41],[98,-157],[35,-147],[114,-53],[-15,-128],[57,-53],[14,-94],[78,-134],[106,-274],[128,-140],[78,-227],[49,-101],[139,-245],[43,-102],[113,-359],[82,-225],[32,-62],[-3,-37],[73,-169],[1,-120],[-18,-152],[2,-61],[5,-51],[58,-119],[31,-136],[0,-41],[-20,-119],[1,-74],[31,-157],[-2,-34],[-28,-62],[-58,-54]],[[21744,44627],[-18,66],[-1009,336],[-660,-120],[-340,-96],[-35,-17],[-163,-120],[-39,-17],[-377,-62],[-136,-52],[-145,-91],[-145,-81],[-57,-45],[-65,-111],[-179,-126],[-294,-177],[-45,-20],[-81,-8],[-43,5],[-104,45],[-139,87],[-70,23],[-72,-38],[-128,-167],[-114,-245],[-84,-118],[-61,-27],[-132,26],[-38,23],[-57,16],[-109,43],[-86,-1],[-152,-27],[-90,-53],[-212,-178],[-50,-66],[-95,-88],[-35,-45],[-19,-66],[-32,-42],[-50,-36],[-177,-73],[-73,-22],[-78,-42],[-570,-142],[-268,-112],[-93,-59],[-127,-108],[-102,-119],[0,-34],[-47,-31],[-124,-147],[-97,-103],[-43,-73],[-33,-104],[-34,-66],[-29,-43],[-53,-21],[-54,-10],[-74,-5],[-99,11],[-169,48],[-59,-8],[-97,21],[-122,0],[-87,-40],[-39,-39],[-46,-149],[-24,-127],[-30,-76],[-25,-34],[-89,-61],[-47,-23],[-54,-12],[-161,41],[-99,18],[-211,79],[-101,55],[-225,139],[-60,22],[-74,11],[-77,-35],[-62,-47],[-59,-70],[-59,-27],[-76,-9],[-120,13],[-192,3],[-71,-27],[-65,-64],[-27,-42],[5,-30],[122,-267],[6,-77],[-111,-78],[-112,-50],[-125,-39],[-296,-175],[-105,-9],[-4473,-43],[-77,-8],[-36,4],[-1,13],[0,-4],[-1301,-407]],[[4678,40044],[717,4481],[-27,21],[-1,24],[9,27],[-21,38],[-18,8],[-11,38],[18,13],[8,16],[-7,17],[2,28],[19,15],[0,8],[20,6],[-4,23],[13,32],[67,60],[51,95],[-18,45],[-17,5],[-56,-7],[-56,31],[-9,16],[2,15],[-31,37],[11,34],[-1,51],[-19,58],[8,38],[-7,23],[4,25],[-20,23],[3,11],[20,7],[17,55],[-21,159],[-21,43],[-24,9],[13,18],[3,24],[20,12],[11,-6],[19,3],[11,12],[-15,18],[14,6],[10,-6],[1,5],[-11,4],[-2,9],[-13,3],[18,7],[-1,32],[10,24],[12,-1],[1,13],[7,7],[15,-9],[4,11],[10,5],[20,-4],[4,-9],[25,-6],[0,-26],[7,11],[10,1],[2,-13],[18,-7],[6,4],[2,20],[4,4],[10,-9],[16,5],[12,13],[5,19],[7,0],[0,-15],[10,-5],[3,12],[16,8],[3,-11],[-4,-8],[14,-4],[7,9],[-11,17],[20,3],[0,14],[10,-7],[17,-2],[-10,12],[18,10],[11,-1],[-13,26],[5,25],[19,0],[-7,39],[16,19],[8,1],[-18,29],[34,25],[4,25],[10,16],[14,-3],[-2,-13],[9,5],[17,-4],[7,5],[-6,3],[1,9],[14,0],[8,7],[26,-30],[6,5],[-7,23],[-14,16],[7,7],[-8,12],[-16,2],[9,12],[-4,19],[-10,8],[-16,-2],[-25,10],[18,13],[-11,3],[-18,22],[0,25],[7,9],[-6,9],[6,7],[-16,7],[-11,-2],[-1,-9],[10,-5],[-10,-11],[-20,22],[3,13],[-10,18],[-32,-39],[-2,16],[-10,-9],[-17,8],[-18,-3],[-2,10],[20,12],[-23,9],[2,-16],[-20,0],[-8,-13],[-7,9],[5,13],[-14,7],[-3,-12],[-17,-4],[-18,5],[-16,-5],[-2,-7],[-23,16],[-15,-5],[-11,11],[-2,18],[-14,-3],[-13,9],[7,8],[11,-5],[3,16],[-10,5],[17,5],[3,17],[-26,1],[-10,12],[-4,28],[15,-9],[2,6],[-8,6],[6,4],[19,-11],[5,10],[-6,9],[10,7],[-17,30],[-26,-17],[-6,6],[9,14],[0,14],[10,22],[-21,-16],[-39,15],[10,7],[-6,21],[15,12],[-5,16],[17,-1],[2,5],[-9,17],[2,111],[-18,2],[-24,-12],[-15,48],[-13,6],[6,12],[-15,39],[-5,40],[-20,11],[0,15],[-14,-8],[-54,10],[-5,11],[-25,10],[2,21],[-27,27],[18,15],[6,13],[44,21],[10,18],[-3,29],[9,7],[1,-11],[8,-1],[6,11],[-17,41],[-18,5],[-19,25],[5,14],[15,6],[-9,37],[9,13],[18,1],[-7,10],[11,19],[-14,17],[9,27],[-4,7],[-16,2],[-13,15],[-17,-7],[-47,34],[-5,14],[4,8],[-24,8],[-31,28],[-1,36],[64,27],[20,41],[65,76],[21,16],[-30,16],[-3,-9],[-11,3],[-10,18],[-73,62],[-20,5],[-14,-10],[-8,3],[-6,21],[-15,12],[-24,-7],[-23,12],[-4,18],[21,44],[1,13],[-17,72],[-14,13],[-8,0],[-4,-18],[-11,0],[-15,8],[-11,22],[23,24],[44,26],[8,43],[-2,41],[-59,32],[-11,-12],[-22,-6],[-10,10],[-9,54],[-12,-2],[-21,9],[-25,1],[-18,16],[13,40],[44,14],[48,51],[9,25],[14,84],[-26,40],[-9,31],[15,22],[3,27],[-18,47],[8,15],[-22,69],[14,5],[10,12],[-19,31],[-21,11],[2,19],[-13,-1],[-10,-15],[-7,2],[4,24],[-10,15],[27,1],[8,6],[-2,22],[-14,-1],[-14,9],[-2,12],[-15,-2],[-8,7],[12,31],[19,10],[31,0],[5,43],[-16,24],[21,15],[6,20],[41,19],[14,17],[-1,13],[-32,28],[-15,-7],[2,32],[28,2],[44,47],[1,14],[-21,14],[4,47],[-6,7],[-29,-8],[-12,8],[6,16],[-2,21],[-54,35],[-1,48],[25,39],[1,20],[-16,18],[11,30],[-5,18],[-41,14],[17,29],[0,24],[21,16],[58,-12],[34,2],[57,21],[30,22],[-4,48],[67,0],[83,13],[48,23],[21,17],[14,56],[35,30],[17,36],[45,18],[3,22],[-29,22],[-4,14],[19,62],[22,-2],[40,24],[16,1],[-27,50],[-4,28],[-9,-3],[-7,12],[19,61],[-8,8],[16,35],[-8,53],[18,21],[-30,14],[3,16],[15,16],[5,57],[24,35],[-8,22],[-35,5],[-3,15],[2,21],[-9,31],[11,42],[-7,10],[27,30],[-2,41],[-17,30],[49,60],[16,53],[14,3],[31,-9],[6,10],[-3,30],[-18,32],[-11,56],[25,62],[13,12],[25,-3],[17,-12],[36,44],[-1,11],[-21,2],[-43,-15],[-9,6],[28,43],[-57,-2],[-11,6],[-34,69],[-2,19],[15,22],[20,13],[105,-1],[66,60],[15,-7],[5,-18],[22,-9],[-4,70],[8,14],[20,6],[4,14],[15,5],[3,10],[-12,7],[-2,10],[33,22],[178,8],[25,75],[-2,19],[20,5],[49,34],[81,85],[8,22],[18,19],[47,17],[19,16],[21,36],[40,5],[42,35],[23,9],[9,39],[17,18],[33,-6],[19,7],[41,31],[2,34],[8,9],[61,22],[17,19],[-5,59],[6,9],[22,4],[10,22],[23,1],[-4,12],[9,33],[-16,32],[9,17],[40,36],[-13,33],[-13,11],[-2,65],[-24,46],[1,67],[10,17],[20,16],[21,8],[16,-1],[75,-46],[14,16],[-7,23],[49,35],[33,-2],[16,38],[20,24],[99,-7],[5,10],[-10,8],[4,12],[12,5],[54,5],[41,-16],[25,-26],[-6,-39],[15,-11],[6,12],[12,3],[11,-9],[12,7],[3,27],[14,18],[53,3],[42,40],[29,39],[49,-24],[16,12],[19,-9],[4,-21],[24,1],[38,-31],[96,8],[16,7],[27,-11],[13,23],[21,-3],[11,-41],[33,-2],[31,-16],[24,2],[41,-13],[16,-11],[9,-15],[14,-9],[17,-1],[23,-19],[17,31],[11,3],[9,-1],[20,-24],[31,-7],[25,12],[6,9],[94,-6],[36,-5],[63,-42],[24,-2],[38,43],[38,19],[15,1],[66,38],[46,84],[19,10],[20,53],[41,36],[14,26],[13,94],[216,948],[1405,5793],[757,882],[620,736]],[[157533,106772],[-69,-2470],[7,-5154]],[[157471,99148],[-6854,254],[-286,20],[-49,-3],[-96,-21],[-73,-26],[-89,-41],[-56,-40],[-582,-179],[-154,-34],[-136,-19],[-515,-50],[-244,-15],[-153,7],[-407,66],[-809,160],[-468,266]],[[146500,99493],[-153,137],[-147,114],[-300,201],[-207,114],[-225,109],[-163,65],[-150,52],[-217,63],[-291,63],[-280,33],[-222,18],[-244,2],[-102,-8],[-81,-21],[-153,-60]],[[143565,100375],[1,86],[23,88],[113,294],[3,60],[-10,37],[-15,22],[-28,9],[-105,1],[-113,-53],[-184,-30],[-45,15],[-34,19],[-47,57],[-7,28],[14,32],[21,16],[28,9],[38,6],[53,-4],[156,-25],[56,4],[77,33],[35,27],[21,28],[31,68],[13,48],[5,144],[-27,-15],[-67,-6],[-36,20],[-14,14],[-7,17],[0,34],[12,72]],[[146869,120283],[10223,-5939],[192,-1707],[-23,-391],[98,-791],[-11,-726],[177,-678],[41,-1031],[-53,-922],[20,-1326]],[[115510,64720],[-52,60],[-45,36],[-42,73],[-30,73],[-2,121],[40,246],[-60,297],[-46,82],[-50,59],[-65,45],[-277,141],[-48,33],[-47,43],[-249,288],[-317,423],[-364,342],[-81,110],[-72,140],[-211,213],[-153,200],[-96,85],[-114,76],[-183,101],[-91,73],[-77,86],[-97,95],[-169,101],[-70,26],[-60,13],[-199,6],[-71,-2],[-206,15],[-16,6],[-181,184],[-56,139],[-12,88],[18,80],[33,102],[20,150],[1,79],[-19,199],[-85,287],[-81,121],[-102,168],[-60,189],[-76,152],[-49,137],[-14,90],[0,88],[-11,57],[-19,47],[-89,144],[-97,134],[-145,163],[-93,117],[-378,496],[-209,292],[-48,121],[-33,145],[-22,157],[25,246],[-32,118],[-71,130],[-271,415],[-446,610],[-104,114],[-53,36],[-26,31],[2,8]],[[109107,74260],[12,152],[26,190],[4,255],[-8,63],[-26,61],[-105,165],[-49,126],[-39,126],[-31,188],[-56,254],[-8,191],[9,129],[-12,194],[-2,259],[-12,261],[-19,191],[-91,642],[-18,195],[-42,318],[-44,189],[-41,231],[-48,122],[34,503],[168,805],[173,1152]],[[108882,81222],[272,1514],[134,673],[23,337],[-5,114],[-24,189],[-104,733],[-84,684],[-61,813],[2,374],[-4,2],[-13,260],[-19,97],[-65,211],[-78,186],[-108,192],[-106,156],[-65,120],[-70,150],[-74,242],[-55,240],[-671,1680],[-98,143],[-3,2],[0,-16],[-149,134],[-91,48],[-165,57],[-385,93],[-158,26],[-187,42],[-267,109],[-382,174],[-25,16],[-20,2119]],[[63564,74553],[-22,-57],[-45,-47],[-130,-92],[-47,-49],[-85,-52],[-31,-54],[-55,-145],[10,-78],[18,-66],[4,-63],[-3,-33],[-35,-74],[-5,-30],[-13,-28],[4,-18],[94,-169],[22,-57],[32,-37],[72,-49],[34,-37],[-2,-20],[-201,-166],[-145,-102],[-165,50],[-25,0],[-215,-165],[-44,-65],[-388,-94],[-22,-10],[-83,-131],[-87,-81],[41,-392],[50,-611],[14,-102],[-11,-23],[-2,-29],[22,-88],[-4,-85],[50,-124],[-13,-327],[-53,-2],[-5,-60],[-28,-32],[-109,65],[-26,-3],[-70,-64],[-11,-26],[-24,-23],[-29,-10],[-14,-17],[3,-18],[-27,-35],[-25,-20],[-14,5],[-17,-19],[-5,-31],[-19,-40],[-52,-25],[-23,-28],[-3,-24],[-31,-43],[-21,-17],[-4,-24],[-19,-26],[-4,-18],[-45,-60],[-35,-99],[-11,-76],[-36,-87],[-32,-22],[-22,-36],[-9,-120],[-9,-32],[-46,-62],[1,-46],[-5,-21],[-77,-53],[-44,-19],[-39,-25],[-41,-16],[-69,-15],[-73,12],[-106,30],[-124,64],[-134,39],[-192,74],[-59,34],[-116,0],[-310,145],[-84,56],[-40,17],[-101,67],[-91,51],[-90,41],[-166,51],[-254,127],[-134,52],[-234,69],[-254,90],[-39,9],[-261,96],[-59,31],[-44,-102],[-18,-97],[38,-202],[7,-104],[21,-68],[24,-37],[18,-45],[-15,-163],[-43,-75],[-35,-40],[-10,-36],[-13,-19],[-53,-23],[-15,-15],[-29,0],[-47,19],[-8,-2],[-10,-11],[-8,-39],[-15,-25],[-41,-33],[-13,-19],[-28,-18],[-71,-85],[-38,-78],[-50,-75],[-4,-30],[7,-16],[-20,-107],[-7,-282],[-29,-35],[-76,-24],[-132,-1],[-34,16],[-40,0],[-52,-49],[-29,-39],[-54,-47],[-136,-154],[-25,-38],[-57,-119],[-62,-88],[-31,-37],[-86,-78],[-202,-261],[-30,-47],[-24,-60],[-37,-49],[-79,-147],[-24,-23],[-54,-30],[-228,-69],[-183,-131],[-251,-88]],[[55608,67159],[-107,99],[-55,63],[-66,48],[-165,68],[-147,44],[-49,16],[-1,6],[-125,36],[-149,53],[-113,81],[-38,58],[-130,63],[-55,18],[-48,25],[-5,10],[-10,-3],[-140,34],[-165,31],[-168,50],[-115,58],[-77,19],[-178,35],[-77,8],[-189,-2],[-66,-35],[-23,-19],[-2,-14],[-15,-12],[-10,2],[-28,-13],[-25,2],[-23,21],[-26,-2],[-26,-39],[-7,2],[-7,30],[-41,13],[-39,-24],[-22,-24],[-40,-66],[-19,0],[-42,20],[-6,-7],[-28,-7],[-17,-18],[-27,-54],[-11,48],[-18,27],[-25,14],[-50,-17],[-10,6],[-18,37],[-44,33],[-63,-13],[-94,-2],[-51,-35],[-7,-40],[-23,-40],[-15,-17],[-41,-26],[-4,-15],[-28,-42],[-29,-17],[-71,-8],[-18,-25],[-12,-5],[-47,14],[-18,-1],[-33,39],[-9,-3],[0,-23],[-13,7],[-21,-1],[-46,-49],[-5,-94],[6,-18],[-20,-82],[-6,-61],[21,-59],[3,-31],[-12,-30],[-13,-12],[-42,-8],[-62,19],[-68,-22],[-45,2],[-42,14],[-45,3],[-28,30],[-67,34],[-9,22],[3,94],[-19,20],[-35,8],[-18,-6],[-51,24],[-142,34],[-66,35],[-42,14],[-62,-25],[-26,2],[-37,42],[-4,17],[-11,1],[-13,-8],[-16,9],[-37,6],[-10,15],[-21,-2],[-91,44],[-21,18],[-36,0],[-30,10],[-96,71],[-73,37],[-94,74],[-125,69],[-46,38],[-117,40],[-68,37],[-73,15],[-34,-40],[-16,-91],[-29,-18],[-17,-3],[-206,126],[-107,89],[-33,18],[-94,10],[-42,29],[-131,25],[-27,15],[-51,10],[-25,-6],[-51,6],[-118,50],[-120,64],[-123,55],[-256,86],[-53,22],[-85,50],[-19,-14],[-67,26],[-65,44],[-22,41],[-166,44],[-97,59],[-38,31],[-17,3],[-8,15],[-68,30],[-20,-3],[-26,6],[-32,22],[-75,31],[-4,13],[-105,42],[0,17],[-18,26],[-26,8],[-24,21],[-15,0],[-21,15],[-23,5],[-39,52],[-5,57],[-47,5],[-49,15],[-45,2],[-13,6],[-28,34],[-9,6],[-26,1],[-29,25],[-10,-3],[-45,6],[-11,6],[-9,24],[-14,8],[-26,11],[-22,1],[-21,16],[-50,18],[-33,26],[-23,8],[-58,75],[-27,18],[-34,-7],[-88,0],[-27,14],[-55,12],[-18,15],[-3,30],[-21,1],[-91,40],[-37,-2],[-6,15],[-40,1],[-61,21],[-14,14],[-35,13],[-20,26],[-37,24],[-25,36],[-38,12],[-12,22],[3,49],[-16,8],[11,16],[-6,17],[11,10],[-2,11],[-54,53],[-20,11],[-51,16],[-36,-1],[-27,7],[-43,47],[2,23],[13,23],[-4,10],[-17,10],[-14,60],[-19,15],[-1,24],[19,47],[7,48],[-45,69],[-4,31],[13,29],[0,19],[-19,28],[-37,32],[-8,57],[-24,73],[-38,30],[-4,15],[-29,23],[-23,30],[-6,30],[-25,33],[-12,77],[12,139],[-13,41],[-25,44],[-27,34],[-3,18],[-68,131],[-16,9],[-39,47],[-40,23],[-55,11],[-126,87],[-39,34]],[[45148,71500],[-166,69],[-63,54],[-37,51],[-10,30],[3,58],[-28,50],[-50,23],[-18,-1],[-111,-31],[-52,7],[-37,21],[-63,51],[-31,48],[-45,40],[-37,3],[-39,15],[-146,107],[-48,87],[-76,66],[-185,118],[-151,60],[-59,71],[-118,77],[-165,91],[-126,47],[-26,41],[-22,89],[-19,23],[-100,17],[-27,14],[-36,24],[-31,50],[-5,119],[46,121],[-2,50],[-25,53],[-13,52],[13,63],[-17,53],[-59,23],[-134,-1],[-54,-17],[-42,-28],[-48,-43],[-55,-30],[-27,3],[-30,18],[-24,49],[5,57],[17,50],[3,55],[-9,113],[-33,60],[-7,24],[-51,-5],[-108,5],[-72,14],[-69,-15],[-108,-54],[-62,-1],[-117,16],[-54,-5],[-65,-19],[-67,-38],[-48,-9],[-49,6],[-75,29],[-58,-2],[-52,-19],[-74,8],[-18,-6],[-35,-24],[-49,-4],[-40,-16],[-54,-46],[-30,-13],[-43,-2],[-40,27],[-17,38],[-30,15],[-22,31],[-43,31],[-4,30],[6,42],[-8,26],[-13,25],[-46,38],[-19,33],[-15,12],[-48,15],[-85,-8],[-79,-52],[-31,-3],[-68,41],[-80,62],[-59,36],[-59,25],[-96,19],[-29,24],[-29,65],[-7,43],[4,49],[34,54],[-31,64],[-42,3],[-111,-20],[-65,27],[-108,20],[-43,-31],[-42,-13],[-61,-43],[-50,-15],[-70,22],[-80,85],[-21,16],[-37,3],[-19,-4],[-14,7],[0,15],[-32,48],[-5,44],[-25,10],[-16,-8],[-11,6],[0,9],[10,7],[2,21],[-24,26],[30,32],[2,37],[-64,68],[-21,-3],[-15,-15],[-26,-1],[-51,29],[-16,3],[-42,-28],[-42,-5],[-11,9],[-11,17],[2,14],[33,32],[5,62],[-49,49],[-11,44],[-11,7],[-11,-9],[-9,10],[-13,2],[-33,-41],[-10,-2],[-40,34],[-36,23],[-21,26],[-73,3],[-37,21],[-21,-3],[-51,31],[-50,16],[-40,-16],[-34,19],[-60,2],[-104,20],[-55,63],[-16,4],[-31,-1],[-28,-22],[-25,-8],[-7,-38],[-8,-3],[-22,8],[-40,38],[-17,5],[4,-29],[-4,-8],[-33,14],[-22,13],[-20,31],[-11,4],[-34,-11],[-31,-4],[-36,-22],[-21,7],[-40,3],[-24,15],[-68,0],[-43,17],[-43,-7],[-15,-11],[-27,7],[-22,-9],[-39,-39],[-42,4],[-10,10],[-67,0],[-18,-5],[-15,-14],[-19,0],[-10,5],[-5,24],[-10,12],[-26,2],[-33,18],[7,11],[19,8],[-24,38],[-14,1],[-63,-23],[-20,1],[-34,31],[-26,9],[-21,-2],[-12,-9],[6,-42],[-27,-40],[-13,-8],[-20,7],[-13,35],[-43,37],[-7,29],[-10,11],[-55,18],[-20,21],[-19,6],[-26,37],[-63,10],[-82,34],[-36,6],[-32,17],[-55,4],[-38,27],[-105,-1],[-21,-13],[7,-48],[-2,-96],[-30,-80],[-11,-5],[-21,10],[-27,24],[-21,24],[-8,32],[-24,19],[-38,-3],[-25,-19],[-69,29],[9,12],[26,9],[9,18],[-17,36],[0,20],[18,15],[-1,10],[-49,-4],[-2,7],[-12,5],[-11,-40],[-50,-15],[-6,-26],[-14,-17],[-39,3],[-15,-6],[-25,-21],[-8,3],[-11,33],[3,25],[-7,19],[6,18],[-6,29],[-38,39],[-22,0],[-25,-16],[-39,-2],[-93,-70],[-27,-4],[-22,22],[0,18],[-9,22],[-19,25],[-56,14],[-51,0],[-4,12],[6,23],[-5,2],[-18,-9],[-20,0],[-25,-14],[-17,2],[-5,9],[16,25],[-34,74],[-72,75],[-44,13],[-58,37],[-2,15],[-20,24],[-3,32],[-23,27],[-72,6],[-21,14],[-54,-22],[-35,-7],[-176,21],[-23,-5],[-48,5],[-48,15],[-13,7],[-4,10],[-33,31],[-17,-2],[-12,-30],[-55,14],[-96,31],[-45,39],[-94,20],[-33,25],[-59,13],[-39,26],[-54,13],[-48,58],[-37,24],[-53,9],[-92,42],[-107,40],[-98,23],[-11,134],[-24,10],[-17,39],[-41,25],[-34,7],[-30,-4],[-10,33],[-21,3],[-7,35],[-67,12],[-31,20],[-31,39],[-45,25],[-30,35],[-15,132],[17,110],[-15,24]],[[32829,77957],[-15,44],[4,26],[26,29],[-3,28],[9,14],[22,5],[49,-8],[9,12],[3,24],[-19,21],[3,11],[5,5],[27,-4],[8,9],[0,26],[-35,38],[0,12],[35,8],[25,35],[12,4],[30,5],[60,0],[59,11],[16,14],[5,21],[-3,40],[-7,11],[-104,79],[-57,26],[-135,47],[-57,37],[-48,52],[-62,83],[-8,25],[8,21],[-13,50],[-15,312],[18,48],[20,28],[30,67],[6,45],[32,96],[28,49],[3,30],[23,32],[38,32],[10,33],[-2,66],[65,104],[7,30],[21,26],[97,78],[20,50],[15,67],[-18,5374]],[[58213,85442],[14,-17],[27,-12],[93,13],[24,-15],[8,-32],[1,-60],[10,-29],[102,-86],[43,-81],[26,-14],[123,6],[98,-15],[147,-2],[155,7],[45,8],[27,-4],[156,-80],[113,-42],[167,-37],[301,-208],[17,-21],[48,-108],[58,-111],[198,-204],[84,-41],[176,-33],[53,-26],[140,-127],[87,-66],[360,-157],[175,-45],[40,13],[65,40],[111,91],[34,23],[50,21],[125,16],[64,2],[29,-9],[282,-20],[97,-19],[110,-34],[60,-28],[93,-63],[88,-91],[43,-78],[44,-136],[11,-70],[2,-63],[-14,-144],[4,-82],[32,-145],[17,-14],[17,-39],[45,-33],[9,-18],[-3,-67],[8,-23],[-8,-23],[0,-39],[-6,-1],[5,-39],[33,-26],[15,-1],[45,-63],[35,-8],[37,3],[31,-26],[22,-34],[41,-33],[2,-12],[25,-40],[37,-37],[6,-43],[14,-35],[52,-21],[47,-69],[39,-14],[47,-29],[18,-23],[32,-15],[76,-12],[14,-8],[6,-11],[-1,-36],[16,-14],[146,-73],[16,-29],[69,-189],[15,-27],[70,-60],[58,-77],[35,-61],[20,-82],[17,-31],[61,-62],[16,-50],[32,-37],[18,-20],[17,-7],[37,-7],[27,5],[20,-19],[8,-12],[-1,-46],[16,-26],[4,-24],[30,-8],[32,-20],[16,0],[35,14],[10,-2],[25,-26],[54,-1],[50,8],[32,-8],[12,-32],[34,-2],[9,-13],[-3,-23],[27,-45],[25,-20],[19,-39],[41,-24],[-10,-31],[34,-31],[-13,-35],[7,-24],[28,-13],[64,-68],[66,-48],[17,-35],[15,-3],[28,-21],[39,-10],[49,-34],[18,1],[19,14],[26,-27],[16,-8],[40,14],[34,-11],[32,-1],[13,10],[77,-29],[17,-12],[41,6],[36,-27],[37,-39],[15,25],[10,-2],[38,-50],[58,-16],[38,-37],[58,-13],[20,-19],[32,6],[37,-23],[23,-1],[30,-20],[21,-1],[44,-79],[-4,-25],[7,-13],[-14,-33],[3,-25],[19,-35],[37,-41],[127,-52],[53,-34],[54,-50],[75,-87],[70,-131],[32,-102],[20,-165],[-26,-170],[-41,-105],[-35,-59],[-108,-139],[-96,-106],[-46,-97],[-5,-46],[-27,-29],[-56,-24],[-74,-4],[-33,-8],[-26,-15],[-26,-28],[-11,-29],[-24,-129],[-23,-25],[-25,-16],[-68,-13],[-64,-23],[-105,-74],[-72,-27],[-128,0],[-174,-20],[-86,-51],[-21,-55],[-17,-131],[-12,-23],[-24,-18],[-44,-22],[-73,-19],[-63,-35],[-39,-7],[-47,-43],[-48,-19],[-30,-30],[-30,1],[-27,-17],[-33,10],[-12,-3],[-9,-15],[-34,16],[-78,-16],[-164,-114],[-34,-13],[-29,-2],[-55,-37],[-13,2],[-41,-46],[-45,-37],[-19,-43],[-73,-43],[-71,-28],[-27,-5],[-21,3],[-58,-15],[-47,3],[-29,23],[-34,-8],[-42,-47],[-25,-42],[-28,-24],[-72,-28],[-43,-5],[-91,-30],[-49,5],[-26,-6],[-50,-35],[-18,-3],[-17,-12],[-9,-16],[-8,-55],[8,-42],[-9,-37],[-43,-51],[-29,-57],[17,-38],[-8,-40],[4,-21],[44,-59],[47,-148],[56,-78],[-10,-73],[15,-53],[-14,-116],[32,-57],[7,-96],[12,-41],[5,-10],[31,-19],[39,-63],[23,-18],[14,-78],[15,-24],[60,1],[28,-17],[33,-51],[47,-10],[46,-47],[-4,-17],[-24,-14],[-18,-2],[-10,-18],[20,-31],[12,-1],[17,24],[27,-20],[-3,-30],[-15,-15],[8,-10],[40,-7],[10,6],[22,40],[9,5],[19,-8],[55,-88],[41,-9],[7,-6],[-2,-35],[10,-26],[10,-10],[29,-10],[8,-17],[16,-71],[1,-34],[-35,-218],[-8,-27],[-56,-113],[-27,-23],[-40,-89],[2,-65],[21,-79],[-3,-17],[15,-40],[8,-62],[-6,-78],[-18,-32]],[[88001,68756],[-213,44],[-85,26],[-69,74],[-28,20],[-26,5],[-84,-13],[-194,3],[-39,8],[-34,28],[-30,15],[-53,47],[-44,31],[-36,42],[-20,12],[-94,29],[-105,13],[-24,-8],[-26,-21],[-80,-113],[-45,-52],[-184,-77],[-111,-68],[-77,-63],[-125,21],[-31,-1],[-194,-38],[-115,-10],[-140,32],[-93,12],[-47,-11],[-112,-41],[-87,-40],[-45,-24],[-25,-21],[-103,-124],[-59,-37],[-20,-26],[-51,-18],[-66,-14],[-204,-87],[-78,-3],[-53,-18],[-42,-2],[-53,-89],[-41,-17],[-47,-32],[-38,-13],[-100,-112],[-129,-112],[-81,-37],[-46,-7],[-19,-12],[-16,-20],[-6,-27],[-73,-48],[-60,18],[-69,43],[-98,39],[-115,26],[-62,2],[-22,10],[-10,-7],[1,-68],[-41,-40],[-17,-34],[-72,46],[-25,8],[-63,-8],[-14,-23],[-4,-26],[-24,-25],[-55,-89],[7,-41],[-3,-24],[-32,-38],[-21,-49],[-30,-35],[-16,-43],[-62,-52],[-19,-9],[-101,-30],[-64,-10],[-21,-12],[-68,-77],[-45,-94],[-40,-51],[-12,-49],[0,-99],[-32,-79],[0,-34],[51,-69],[10,-66],[7,-127],[-14,-151],[-23,-71],[-27,-39],[-10,-4],[-143,94],[-51,44],[-51,59],[-43,104],[-19,173],[-37,49],[-88,64],[0,230],[-21,122],[-42,45],[-43,70],[-84,152],[-58,155],[-39,59],[-35,14],[-22,18],[-32,10],[-42,1],[-116,-29],[-56,-15],[-72,-33],[-115,-25],[-81,-30],[-93,5],[-146,18],[-64,-9],[-59,-41],[-72,-126],[-74,-95],[-22,-19],[-64,-8],[-21,16],[-98,18],[-29,-19],[-24,-2],[-50,25],[-39,-8],[-110,10],[-88,-16],[-117,21],[-109,-11],[-44,-31],[-20,-37],[-40,-39],[-6,-26],[-23,-36],[-74,-62],[-72,-8],[-49,-23],[-234,-72],[-212,-77],[-24,-64],[-30,-25],[-93,3],[-36,-8]],[[79120,66866],[-5,46],[-68,154],[13,80],[-9,84],[40,114],[100,134],[102,78],[21,102],[48,58],[23,62],[91,6],[36,15],[21,27],[4,26],[33,44],[-28,51],[-120,307],[-129,217],[-97,136],[-50,44],[-81,59],[-71,72],[-51,87],[-26,64],[-25,87],[18,63],[65,75],[14,28],[-4,25],[-14,7],[-58,-2],[-137,10],[-68,19],[-54,25],[-83,65],[-41,51],[-76,136],[-21,72],[1,64],[11,27],[92,103],[156,128],[57,40],[102,116],[60,51],[19,23],[5,28],[15,26],[109,79],[30,36],[47,20],[32,28],[22,34],[30,20],[30,36],[6,13],[-3,14],[-36,56],[-2,17],[14,27],[20,20],[-53,59],[-81,63],[-145,77],[-25,19],[-186,43],[-72,6],[-170,-9],[-35,-8],[-34,-16],[-68,-51],[-61,-17],[-89,10],[-42,19],[-41,42],[-36,25],[-37,49],[-42,28],[-69,22],[-81,47],[-22,19],[-15,39],[-15,4],[-31,-10],[-58,11],[-43,-4],[-35,-42],[-27,-14],[-29,12],[-6,12],[-37,32],[-41,3],[-31,50],[-15,61],[-62,146],[-20,31],[-67,70],[-59,25],[-176,28],[-96,32],[-207,111],[-31,14],[-62,17],[-205,12],[-275,3],[-20,-5],[0,12],[-97,66],[-72,26],[-107,9],[-100,20],[-291,87],[-209,-3],[-95,-28],[-155,-68],[-93,-16],[-13,7],[-7,100],[-21,61],[-73,144],[-103,138],[-48,47],[-108,82],[-39,53],[-11,30],[-22,21],[-65,5],[-116,74],[-128,47],[-99,1],[-95,-30],[-105,-7],[-32,5],[-37,15],[-59,35],[-34,8],[-132,0],[-104,-23],[-60,-29],[-133,-19],[-65,-28],[-74,-58],[-107,-24],[-137,-12],[-95,13],[-40,-4],[-49,30],[-24,-21],[-61,-32],[-98,-30],[-171,-18],[-131,-42],[-61,-12],[-39,-3],[-68,14],[-64,-2],[-37,7],[-29,13],[-16,26],[-8,35],[15,98],[-3,68],[-18,33],[-20,21],[-92,40],[-14,27],[-89,48],[-81,59],[-33,3],[-32,-11],[-35,-3],[-55,33],[-20,-23],[-12,-29],[-25,-5],[-63,115],[-87,98],[-105,-1],[-98,18],[-63,33],[-52,84],[-32,14],[-61,8],[-23,27],[-30,22],[-29,-5],[-45,-46],[-93,-51],[-119,-53],[-64,-14]],[[70483,72995],[164,191],[3,78],[21,74],[16,33],[-1,27],[44,59],[19,60],[25,15],[15,39],[105,81],[36,47],[25,11],[80,64],[28,13],[74,94],[51,23],[32,27],[41,74],[21,77],[17,40],[88,634],[-16,85],[-22,44],[-27,44],[-134,122],[-2,57],[14,41],[51,61],[47,83],[64,-91],[22,-7],[47,38],[27,-7],[23,-29],[30,-2],[14,-15],[82,-37],[40,-11],[73,-8],[37,12],[46,-16],[46,-3],[16,7],[22,-15],[68,-14],[32,-22],[31,-2],[311,63],[23,20],[93,39],[161,31],[159,-45],[50,-4],[76,2],[132,23],[180,10],[0,-28],[10,-12],[35,-31],[21,-10],[40,-39],[75,-33],[96,-24],[54,-23],[47,-9],[10,6],[12,34],[3,32],[74,121],[-88,-7],[-36,18],[-6,15],[52,107],[52,72],[56,122],[29,92],[69,159],[-65,43],[-4,16],[-29,20],[-33,42],[-90,50],[41,173],[19,45],[11,145],[61,70],[7,26],[14,13],[126,34],[-85,47],[34,25],[60,60],[45,26],[-23,80],[-61,97],[-7,64],[-10,19],[39,17],[216,51],[115,76],[70,128],[31,24],[91,37],[270,77],[128,77],[58,51],[175,193],[68,65],[323,265],[397,383],[68,73],[101,154],[55,72],[144,165],[69,172],[77,167],[151,206],[134,197],[128,101],[71,44],[109,134],[57,147],[1,179],[-46,207],[-93,359],[25,-29],[29,-18],[49,-12],[129,-9],[401,8],[629,-9],[32,10],[56,46],[66,68],[69,50],[24,54],[10,55],[25,17],[15,47],[12,17],[52,49],[23,57],[32,53],[25,71],[20,109],[44,34],[32,63],[47,25],[24,8],[35,-2],[7,7],[29,6],[22,16],[26,7],[55,4],[39,-20],[109,16],[25,97],[22,183],[20,45],[24,112],[25,37],[16,41],[6,53],[27,97],[1,60]],[[79184,82211],[170,-94],[44,-46],[167,-313],[79,-134],[37,-55],[85,-91],[173,-124],[547,-259],[291,-157],[98,-81],[390,-355],[279,-233],[286,-350],[283,-325],[27,-28],[62,-34],[37,-39],[22,-137],[-5,-138],[14,-156],[-3,-144],[-10,-67],[-40,-100],[-8,-39],[-35,-82],[-7,-60],[15,-56],[0,-27],[27,-87],[27,-20],[45,-86],[72,-246],[23,-127],[11,-126],[-4,-96],[-18,-95],[-1,-132],[5,-62],[28,-127],[72,-217],[83,-215],[67,-146],[85,-136],[188,-209],[126,-88],[115,-70],[185,-88],[540,-174],[372,-105],[130,-43],[70,-12],[134,-9],[272,18],[241,6],[105,0],[269,-13],[199,-28],[677,-125],[197,-45],[126,-39],[94,-37],[115,-54],[245,-138],[345,-205],[156,-123],[279,-250],[94,-92],[124,-107],[41,-52],[295,-583],[142,-296],[39,-92],[75,-214],[5,-48],[47,-129],[77,-106],[52,-43],[34,-19],[67,-26],[65,-14],[50,-41],[41,-59],[20,-17],[120,-58],[16,-37],[8,-62],[-5,-31],[-37,-96],[2,-27],[17,-68],[61,-115],[17,-53],[19,-225],[-12,-69],[-74,-66],[-83,-57],[-36,-55],[-41,-219],[-2,-131],[-14,-35],[-67,-119],[-7,-26],[-7,-122],[-26,-192],[-8,-152],[-32,-67],[-32,-34],[4,-20],[13,-9],[65,-9],[-12,-16],[-33,-21],[-35,-75],[-16,-9],[-9,-28],[-38,-10],[-49,-40],[-16,-71],[2,-81],[-17,-37],[-7,-38],[3,-23],[-22,-18],[-37,-85],[0,-20],[23,-45],[4,-29],[-5,-18],[-17,-38],[-37,-51],[-53,-14],[-40,-86],[6,-95],[34,-37],[7,-18],[-12,-27],[5,-41],[-4,-45],[23,-85],[-9,-7],[-12,-111],[-31,-59],[-10,-124],[-135,-141],[-80,-65],[-122,-113],[-27,-16],[-35,3],[-29,9],[-35,-6],[-23,-20],[-41,-53],[-69,14]],[[141804,77115],[-119,138],[-137,145],[-45,40],[-210,110],[-219,95],[-148,81],[-115,73],[-215,166],[-189,168],[-120,155],[-146,219],[-29,62],[-26,60],[-56,235],[-32,59],[-35,48],[-139,122],[-87,127],[-29,27],[-16,59],[-29,192],[-36,478],[-16,92],[-21,64],[-32,56],[-65,81],[-25,27],[-164,128],[-688,392],[-131,69],[-164,110],[-300,252],[-265,268],[-126,145]],[[137283,82146],[686,288],[581,228],[265,95],[118,35],[76,13],[100,10],[84,-3],[107,-12],[189,-39],[271,-75],[168,-72],[63,-21],[75,-15],[224,-2],[264,8],[184,-14],[120,-22],[88,-26],[87,-36],[180,-108],[16,-2],[422,58],[150,2],[93,-9],[165,-85],[70,-59],[52,-57],[40,-85],[61,-258],[16,-43],[45,-71],[24,-25],[80,-42],[73,-18],[68,2],[200,85],[116,66],[67,50],[18,21],[62,116],[48,55],[171,113],[40,40],[45,73],[131,70],[102,73],[22,83],[10,109],[18,35],[59,59],[12,30],[-14,71],[57,132],[19,102],[21,59],[36,50],[53,60],[96,209],[39,53],[40,42],[40,65],[40,94],[29,39],[22,76],[14,26],[119,145],[73,142],[34,38],[21,14],[57,11],[55,-11],[29,-15],[141,-105],[74,-28],[65,-55],[134,-60],[34,-25],[240,-118],[581,-466],[34,-14],[54,1],[177,22],[74,12],[54,19],[587,314],[4,12],[21,3],[81,47],[118,87],[52,54],[65,39],[83,27],[83,65],[67,0],[31,8],[87,70],[49,9],[68,0]],[[53545,31567],[-58,-172],[-34,-180],[-2,-49],[12,-16],[14,-65],[10,-133],[2,-209],[-7,-112],[-38,-97],[-89,-154],[-259,-314],[-24,-47],[-19,-62],[-24,-198],[-24,-106],[-80,-211],[-49,-91],[-133,-184],[-100,-87],[-27,-32],[-96,-179],[48,-284],[-6,-57],[-26,-86],[-83,-108],[-159,-159],[-316,-243],[-77,-86],[-113,-155],[-61,-115],[-80,-182],[-81,-239],[-49,-214],[-23,-207],[-20,-404],[-60,-203],[-26,-66],[1,-41],[60,-207]],[[41059,27946],[7,7],[3,25],[-10,478],[-36,92],[-246,517],[1,15],[570,699],[67,308],[544,521],[272,271],[7,13],[-251,-14],[-81,-13],[-145,-2],[-264,25],[-162,8],[-423,6],[23,66],[20,35],[102,111],[7,43],[-10,10],[3,11],[61,57],[67,148],[24,76],[-1370,1218],[-7,3],[-19,-19],[-268,-121],[-77,-28],[-27,-1],[18,33],[11,44],[19,9],[4,20],[15,3],[-10,47],[4,7],[12,-3],[4,5],[-2,53],[9,32],[-9,23],[6,55],[27,17],[22,47],[2,15],[-103,18],[-167,10],[-42,-73],[-18,-5],[-33,15],[-17,16],[-206,126],[-211,173],[-260,-100],[-19,3],[-6,8],[-21,185],[-112,67],[-77,67],[-164,83],[-236,23],[-81,-13],[-5,16],[-33,9],[-92,52],[-80,87],[-55,132],[-97,155],[-3,26],[6,30],[31,18],[85,17],[14,16],[19,10],[70,-31],[37,-9],[89,39],[45,5],[52,20],[13,1],[37,-18],[12,7],[0,18],[22,23],[17,57],[0,28],[17,54],[2,31],[-538,473],[1,123],[11,71],[0,134],[-29,148],[-4,89],[7,75],[-4,24],[-16,30],[-3,48],[16,62],[-7,127],[3,60],[-39,81],[-17,64],[-31,55],[-32,104],[-35,52],[-63,55],[-225,111],[-33,23],[-27,34],[-24,15],[-24,76],[3,23],[-22,34],[-1,62],[-15,17],[-1,12],[17,41],[-82,13],[-238,109],[-203,-1],[-60,7],[-29,12],[-29,44],[-78,309],[-109,142],[-137,78],[-311,125],[-46,36],[-57,92],[-46,3],[-191,56],[-31,17],[-45,42],[-13,93],[-39,79],[9,151],[24,25],[5,21],[17,25],[-1,59],[-13,26],[12,24],[-24,32],[-5,19],[5,25],[-5,6],[-20,-6],[-23,30],[12,18],[12,44],[19,24],[17,10],[86,-20],[19,2],[16,22],[2,32],[11,23],[19,12],[40,10],[17,14],[6,74],[-5,34],[-33,51],[2,9],[40,29],[18,64],[-21,-4],[-29,13],[-23,38],[33,150],[0,14],[-24,63],[0,40],[47,72],[70,52],[33,63],[32,96],[73,293],[-55,-28],[-27,-3],[-19,-21],[-9,-1],[-16,38],[-32,40],[-99,44],[-31,8],[-52,86],[-13,44],[6,54],[-6,34],[11,49],[-40,127],[-71,109],[-14,84],[-17,22],[-2,52],[-12,33],[-34,16],[-31,42]],[[40464,53547],[20,24],[45,29],[80,8],[100,23],[32,24],[20,29],[53,47],[107,21],[82,2],[176,45],[42,17],[32,-10],[13,-21],[79,-9],[23,-16],[87,-37],[141,-20],[183,-14],[102,-21],[248,-77],[63,-25],[125,-67],[190,-79],[144,-34],[105,1],[54,7],[148,53],[37,5],[260,-23],[286,8],[56,7],[308,71],[55,32],[56,23],[19,66],[27,17],[68,17],[61,-3],[43,17],[61,-19],[130,-80],[73,21],[52,-13],[79,18],[86,-150],[31,-10],[233,142],[109,58],[124,35],[60,4],[120,-6],[103,-39],[147,-106],[104,-51],[115,-31],[111,-11],[184,8],[344,-61],[55,4],[137,41],[98,9],[232,-46],[217,-56],[100,-15],[61,-37],[129,-40],[166,-18],[133,1],[263,-10],[192,26],[42,17],[7,-6],[159,69],[100,54],[56,11],[113,5]],[[48760,53402],[-10,-197],[3,-75],[50,-178],[12,-107],[3,-91],[8,-16],[0,-35],[18,-37],[-4,-78],[20,-116],[11,-12],[37,-16],[37,-62],[316,-250],[56,-24],[41,-32],[32,-31],[29,-77],[15,-24],[19,-15],[66,-8],[79,7],[41,-2],[121,-46],[68,-46],[78,-68],[51,-74],[33,-64],[-8,-54],[-25,-44],[8,-69],[19,-74],[28,-56],[25,-83],[14,-74],[-3,-32],[-7,-14],[-42,-36],[-8,-51],[-18,-12],[-20,-29],[-27,-3],[-7,-16],[12,-12],[38,-12],[32,-27],[37,-18],[66,-54],[112,-18],[13,-23],[-4,-19],[-46,-27],[-14,-17],[-3,-57],[-26,-45],[6,-22],[-11,-25],[-27,-14],[-28,-33],[-22,-8],[-14,-22],[-24,-7],[-2,-5],[34,-18],[6,-13],[-7,-14],[2,-17],[-38,-21],[-12,-32],[0,-21],[-21,-12],[-16,-25],[-32,-10],[1,-27],[-18,-28],[20,-6],[7,-9],[-16,-20],[-25,-1],[0,-7],[21,-14],[19,-25],[2,-29],[7,-17],[35,-23],[9,-14],[-7,-25],[-19,-19],[-28,-9],[-13,-10],[-22,5],[-42,-12],[-17,10],[-8,-16],[-26,-20],[0,-37],[20,-14],[5,-13],[-22,-18],[-1,-40],[6,-13],[-31,-8],[-5,-16],[-25,-23],[-2,-11],[13,-12],[36,12],[10,-3],[30,-25],[6,-14],[-10,-23],[5,-11],[29,-7],[17,-22],[65,10],[25,-6],[14,-46],[22,-19],[51,-69],[0,-25],[15,-44],[-18,-53],[37,-84],[-4,-77],[15,-44],[-5,-31],[-21,-10],[-3,-27],[-13,-32],[0,-21],[57,-50],[33,-42],[62,-27],[18,-38],[-6,-68],[-17,-31],[5,-19],[-8,-33],[9,-26],[-1,-13],[-39,-10],[-30,-30],[-7,-27],[-24,-15],[3,-41],[8,-19],[101,-53],[17,-20],[18,-46],[22,-13],[9,-13],[-25,-62],[7,-59],[-30,-29],[-15,-58],[-40,-18],[-36,-51],[12,-18],[17,-9],[15,-7],[25,1],[7,-6],[12,-102],[-10,-33],[1,-29],[-19,-44],[2,-18],[73,-94],[3,-30],[17,-35],[-5,-40],[-9,-19],[13,-57],[-34,-58],[4,-44],[-6,-15],[-38,-7],[-6,-10],[10,-36],[-11,-27],[-32,-18],[-50,7],[-39,-8],[-22,-14],[-51,-74],[-27,-24],[-6,-22],[-14,-19],[-83,-61],[-29,-4],[-24,-28],[-24,-16],[-157,-74],[-79,-90],[-31,-9],[-19,-27],[-3,-14],[-71,-50],[-125,-111],[-30,-35],[-47,-217],[-20,-60],[-2,16],[-147,-243],[98,-330],[457,25],[19,14],[77,109],[18,13],[315,127],[45,-3],[138,-106],[19,-8],[370,16],[29,16],[82,96],[97,88],[29,-29],[87,-65],[96,-55],[43,-35],[28,-66],[64,-60],[9,-31],[60,-83],[-10,-57],[23,-49],[108,-105]],[[51404,45720],[50,-73],[55,-59],[8,-18],[35,-42],[18,-35],[5,-38],[8,-11],[43,-45],[18,-12],[-12,-48],[12,-41],[-11,-19],[5,-45],[-10,-26],[2,-46],[-15,-62],[4,-36],[23,-59],[-4,-68],[15,-44],[5,-49],[-4,-13],[5,-22],[-9,-15],[17,-4],[-12,-15],[22,-16],[1,-8],[-10,-38],[3,-23],[-12,-12],[-1,-21],[11,-26],[28,-10],[11,-70],[14,-38],[23,-30],[-11,-66],[6,-17],[30,-29],[5,-13],[-8,-8],[-14,-1],[12,-40],[-16,-14],[2,-9],[26,-19],[-5,-9],[9,-21],[-26,-35],[1,-16],[13,-30],[-2,-13],[-21,-18],[1,-14],[-9,-21],[-33,-46],[-1,-40],[-10,-24],[5,-61],[22,-40],[-50,-129],[-2,-61],[9,-46],[-25,-48],[9,-36],[-18,-21],[-6,-20],[-16,-118],[3,-111],[13,-33],[-3,-14],[7,-33],[-1,-18],[-10,-13],[15,-29],[-5,-32],[-23,-29],[-6,-45],[-22,-58],[1,-48],[-23,-52],[-3,-29],[-19,-20],[-16,-36],[5,-45],[-32,-81],[12,-124],[-61,-96],[4,-72],[-43,-124],[0,-29],[-11,-28],[-4,-81],[-30,-39],[-6,-24],[-16,-22],[-65,-73],[-33,-80],[-34,-122],[-63,-102],[-11,-10],[-6,-27],[-16,-28],[8,-33],[-16,-60],[-29,-53],[-17,-72],[-1,-55],[9,-34],[-3,-69],[-56,-161],[-11,-59],[-42,-52],[-26,-58],[-10,-9],[-14,-31],[-35,-50],[-6,-24],[-23,-38],[-17,-6],[-13,-26],[-67,-81],[-19,-53],[8,-24],[-14,-38],[-27,-38],[-5,-57],[24,-49],[16,-64],[-2,-28],[10,-8],[0,-8],[31,-25],[6,-21],[27,-5],[7,-6],[10,-18],[14,-70],[14,-8],[-4,-27],[-15,-25],[9,-41],[-10,-39],[-54,-94],[-6,-29],[-21,-11],[-13,-67],[-22,-66],[-23,-17],[-3,-31],[-16,-19],[4,-29],[-3,-32],[-16,-15],[-14,-70],[-20,-57],[2,-10],[19,-8],[7,-12],[1,-47],[11,-33],[1,-53],[35,-62],[-1,-46],[32,-48],[-14,-21],[22,-39],[4,-21],[-18,-53],[7,-33],[-8,-33],[1,-13],[27,-36],[-12,-65],[10,-65],[45,-29],[11,-67],[-19,-40],[33,-70],[-11,-53],[4,-50],[11,-39],[146,-264],[10,-28],[110,-650],[194,-341],[59,-91],[1,-115],[6,-23],[83,-153],[353,-343],[17,-24],[411,-1145],[11,-19],[60,-40],[18,-19],[226,-428],[-17,-396],[277,-526],[698,-654],[61,-909],[-2,-32],[-51,-117],[-12,-90],[9,-102],[41,-194],[12,-117]],[[85422,99403],[-31,-35],[-63,-32],[-31,-43],[-22,-87],[-25,-35],[-33,-9],[-100,-9],[-95,-40],[-14,-10],[-2,-61],[13,-66],[23,-33]],[[85042,98943],[-82,-49],[-45,-41],[-67,-81],[-15,-11],[-25,-6],[-75,-1],[-25,-6],[-40,-18],[-55,-37],[-43,-9],[-343,19],[-45,-5],[-65,-13],[-44,-30],[-43,1],[-58,-13],[-65,-27],[-46,-9],[-34,2],[-153,53],[-135,-6],[-23,11],[-12,18],[-119,76],[-41,9],[-80,-22],[-51,-22],[-25,-3],[-49,18],[-37,25],[-87,0],[-48,10],[-141,-31],[-32,-36],[-27,-2],[-19,-13],[-24,4],[-56,40],[-45,0],[-151,-60],[12,-46],[-20,-20],[-18,-8],[-20,-1],[-33,17],[-27,3],[-34,-14],[-76,-71],[-54,-89],[-12,-9],[-23,-9],[-103,-7],[-23,-8],[-31,-20],[-78,-3],[-50,-17],[-59,-2],[-75,-34],[-30,-27],[-109,-28],[-242,104],[-29,28],[-19,29],[-13,40],[-45,254],[-51,168],[-70,137],[-36,56],[-81,60],[-114,58],[-74,16],[-99,32],[-175,29],[-36,28],[-86,91],[-21,19],[-24,9],[-126,12],[-118,27],[-206,102],[-128,41],[-222,45],[-387,64],[-47,12],[-79,29],[-118,97],[-36,56],[-11,37],[3,39],[8,21],[42,55],[24,51],[87,81],[79,122],[113,271],[18,94],[-28,252],[-6,515],[34,125],[68,153],[103,203],[-2,13],[-30,33],[-111,108],[-80,92],[-71,69],[-24,16],[35,114],[9,70],[40,162],[19,52],[1,67],[-10,102],[-119,22],[-41,14],[-18,10],[-54,68],[-11,4],[35,123],[25,42],[-8,135],[-12,52],[-36,86],[11,37],[-1,86],[66,89],[48,89],[-1,25],[-10,15],[-106,84],[-110,54],[-69,24],[-15,10],[-71,81],[-16,45],[-18,22],[-30,28],[-21,10],[-106,103],[-44,63],[-31,63],[-34,22],[-46,15],[0,74],[23,79],[82,142],[51,66],[83,134],[45,94],[14,40],[-2,87],[78,256],[-34,47],[-61,50],[-81,176],[-26,82],[-46,305],[-14,165],[-1,85],[18,168],[22,98],[11,190],[43,195],[62,161],[64,125],[113,195],[43,127],[6,56],[-12,83],[-34,87],[-88,85],[-80,112],[-13,97],[7,210],[-27,98],[13,24],[8,56],[-16,22],[-15,70],[-90,102],[-38,18],[-6,14],[-3,41],[-34,26],[-16,48],[-37,26],[-7,13],[-24,12],[-15,27],[-18,17],[-6,32],[-20,51],[21,50],[19,20],[-3,30],[-7,13],[-24,8],[-18,-9],[-12,11],[-31,3],[-11,10],[-19,75],[-17,13],[-16,30],[-6,53],[-47,55],[10,67],[33,87],[-51,1],[-1917,317],[-255,36],[-1542,248],[-79,16],[-6,11],[-17,4],[-10,-11],[-15,0],[-8,51],[-6,16],[-9,6],[14,15],[-13,2],[-7,-13],[-17,0],[-15,7],[-8,13],[-7,45],[-14,21],[-8,46],[-19,19],[-7,16],[14,29],[-6,14],[3,20],[-17,18],[-3,17],[-13,12],[-25,-28],[-14,-4],[-23,1],[-34,13],[-80,-5],[-17,11],[0,42],[-52,45],[1,18],[-10,26],[31,25],[10,41],[9,9],[19,-12],[27,-5],[18,12],[-14,26],[0,16],[-15,9],[-27,33],[8,12],[8,-3],[29,26],[-6,49],[-14,12],[-8,19],[2,29],[-6,20],[-2,42],[19,42],[0,16],[-17,6],[-43,-13],[-50,0],[-15,20],[-1,14],[-21,40],[24,24],[-5,18],[-13,13],[13,51],[-12,15],[-53,31],[6,47],[30,23],[-10,15],[-47,2],[-65,36]],[[73739,120126],[0,26],[15,26],[-6,75],[5,19],[25,38],[42,46],[40,30],[100,39],[69,49],[48,23],[95,98],[56,165],[134,181],[30,22],[89,41],[95,70],[25,9],[97,-10],[49,4],[86,40],[60,18],[14,14],[3,24],[-12,68],[-26,31],[6,52],[130,92],[27,13],[120,18],[126,72],[31,24],[28,32],[42,83],[77,54],[30,41],[58,55],[48,29],[51,46],[49,32],[81,38],[44,10],[82,2],[40,22],[52,43],[94,57],[155,62],[58,14],[72,2],[40,20],[70,58],[51,33],[201,-147],[81,-3],[34,-14],[96,-57],[87,-72],[62,-35],[52,13],[46,23],[44,35],[28,42],[4,25],[-16,58],[9,33],[75,13],[38,-4],[47,-25],[236,-160],[78,-42],[91,6],[83,43],[143,35],[102,35],[35,3],[108,-10],[61,4],[42,-30],[40,-46],[53,-22],[44,9],[28,12],[111,9],[61,45],[62,13],[30,-7],[151,-80],[71,-17],[47,0],[32,7],[33,23],[29,37],[55,88],[54,34],[43,19],[76,-9],[41,-22],[45,-53],[32,-18],[82,-20],[94,-53],[34,-68],[53,-51],[79,-120],[34,-67],[68,-82],[-1,-27],[-9,-30],[6,-40],[42,-48],[21,-10],[53,-1],[30,5],[73,37],[56,19],[37,-7],[12,-16],[0,-24],[-28,-31],[-34,-17],[-34,-26],[-10,-22],[3,-31],[22,-25],[136,13],[87,-9],[46,9],[71,35],[59,15],[38,6],[24,-10],[68,-59],[30,-19],[65,-27],[15,-13],[15,-23],[36,-123],[77,-104],[26,-60],[44,-42],[34,-18],[48,-11],[51,-3],[12,5],[51,57],[26,11],[31,-1],[41,-25],[51,-10],[28,1],[59,24],[9,-8],[7,-37],[-7,-24],[-25,-39],[-22,-100],[2,-18],[17,-31],[44,-26],[65,-17],[85,8],[140,25],[43,-4],[85,-81],[98,-131],[45,-27],[71,-23],[55,-10],[111,0],[69,-14],[73,-5],[75,-27],[97,-56],[94,-88],[31,-54],[13,-74],[19,-59],[30,-66],[142,-212],[13,-217],[13,-78],[38,-65],[31,-37],[78,-12],[61,3],[109,30],[67,62],[76,55],[44,44],[117,57],[187,-12],[197,-38],[39,-29],[170,-100],[92,-68],[69,-39],[113,-28],[44,-34],[120,-62],[172,-134],[128,-73],[64,-25],[57,-36],[35,-38],[18,-32],[128,-144],[70,-40],[107,-78],[143,-69],[281,-100],[68,-65],[31,-7],[50,25],[52,16],[221,-3],[49,-22],[97,-79],[23,-7],[37,2],[49,15],[29,3],[22,-4],[28,-38],[27,-3],[66,-31],[90,-102],[48,-40],[58,-17],[30,-18],[42,-11],[164,-115],[66,-259],[9,-26],[21,-18],[91,2],[108,-17],[244,33],[148,-3],[102,-16],[60,-24],[63,-38],[29,-25],[40,-16],[48,0],[83,-17],[130,-8],[106,-24],[78,0],[50,8],[40,22],[18,48],[6,46],[49,99],[40,35],[40,21],[114,23],[86,38],[67,72],[109,52],[27,33],[36,26],[112,105],[64,41],[15,82],[18,34],[130,44],[62,4],[50,17],[29,25],[13,45],[15,20],[116,-2],[104,-35],[57,-43],[33,-11],[53,3],[117,-16],[122,-36],[30,-16],[0,4],[60,-14],[28,6],[108,67],[23,27],[25,79],[64,2],[1,55],[49,73],[24,24],[33,19],[173,51]],[[90955,118616],[69,-5],[31,-20],[34,-92],[28,-12],[138,-32],[34,-16],[72,-48],[79,-32],[20,-14],[86,-95],[56,-41],[157,-59],[53,-46],[113,-167],[39,-47],[34,-59],[17,-74],[24,-45],[79,-68],[71,-39],[44,-54],[18,-31],[5,-22],[-23,-73],[13,-29],[47,-40],[99,1],[67,-19],[27,-23],[108,-127],[96,-164],[65,-84],[126,-141],[39,-55],[13,-44],[-16,-209],[3,-38],[139,-388],[17,-59],[21,-165],[-20,-286],[-11,-56],[-92,-278],[-3,-60],[14,-138],[36,-86],[39,-55],[103,-82],[168,-119],[93,-94],[35,-64],[-6,-72],[-112,-269],[-19,-60],[-8,-66],[3,-69],[54,-150],[77,-110],[105,-93],[124,-95],[89,-97],[20,-64],[16,-121],[16,-55],[47,-54],[174,-96],[57,-40],[30,-43],[10,-45]],[[8391,5446],[-23,-26],[-18,-51],[-32,-55],[12,-18],[37,-8],[15,-15],[15,-37],[-10,-95],[-40,-57],[-3,-13],[-7,-162],[-70,11],[-37,-4],[-43,-15],[-25,-15],[-73,-6],[-95,-31],[-25,-87],[-42,-50],[-37,-25],[-19,-31],[-5,-33],[7,-43],[-10,-29],[-58,-50],[-25,-50],[-66,-53],[-32,-65],[-47,-47],[-17,-33],[-24,-26],[-27,-18],[-10,-22],[2,-20],[19,-22],[3,-26],[-20,-75],[-27,-54],[-1,-13],[34,-53],[-17,-58],[1,-20],[-20,-43],[-15,-55],[13,-98],[10,-16],[21,-17],[26,-64],[-17,-92],[-416,173],[-226,44],[-38,0],[-260,362],[-58,68],[-59,58],[-115,93],[-136,82],[-156,59],[-239,53],[-300,35],[-206,3],[-199,-21],[-153,-32],[-206,-62],[-111,-44],[-20,-95],[-13,-32],[-48,-52],[-59,-18],[-93,-65],[-115,-53],[-22,-66],[-17,-24],[-65,-24],[-51,-43],[-64,2],[-64,-36],[-46,1],[-31,-20],[-19,-23],[-7,-28],[8,-82],[-11,-26],[-110,-115],[-149,-251],[-62,-37],[-103,-96],[-134,-12],[-193,-5],[-45,-7],[-65,-28],[-30,-2],[-139,6],[-175,-20],[-276,-11],[-13,15],[-29,8],[-25,-9],[-13,-42],[-43,-34],[-70,-40],[-49,-21],[-64,7],[-107,26],[-100,13],[-108,5],[-175,-14],[-103,9],[-101,24],[-84,-30],[-104,-22],[-66,0],[-393,37],[-226,0],[573,2209],[-33,66],[-30,43],[-15,40],[-26,29],[-10,46],[-9,9],[0,18],[-10,21],[-9,6],[-10,75],[-18,45],[-34,31],[-51,33],[-242,946],[96,675],[14,6],[2,18],[19,26],[29,3],[28,-8],[18,10],[9,26],[35,0],[7,11],[1,21],[13,16],[37,14],[-9,34],[23,31],[17,4],[46,-11],[35,48],[1,41],[14,29],[-3,29],[9,23],[-1,40],[16,35],[-1,14],[-22,28],[15,23],[38,34],[13,91],[-12,28],[-34,22],[-18,25],[-56,42],[-15,118],[45,38],[19,27],[78,21],[9,20],[-12,25],[-40,25],[-5,35],[-27,19],[-117,53],[-22,2],[-33,32],[-43,26],[-44,4],[-43,19],[-20,22],[-52,18],[-11,31],[-4,50],[-51,23],[-44,48],[-80,36],[-32,32],[-34,10],[-13,11],[-50,2],[-20,95],[-3,53],[-12,18],[-28,29],[-33,8],[-27,19],[-16,28],[-56,55],[3,32],[-29,14],[-49,57],[-29,11],[-55,1],[-19,10],[-8,16],[-20,17],[38,58],[-9,23],[-19,19],[-2,18],[-21,21],[51,46],[30,0],[45,-14],[34,13],[11,30],[21,18],[1,44],[35,32],[23,61],[22,13],[6,11],[-3,46],[-36,53],[-10,51],[-53,47],[-11,21],[2,12],[36,30],[8,17],[-15,31],[13,84],[21,7],[-1,12],[16,14],[9,0],[6,44],[82,60],[108,162],[-7,16],[-12,2],[14,7],[-18,9],[-3,20],[-41,62],[-2,17],[-41,11],[0,49],[-80,49],[-20,24],[1,24],[8,15],[-1,44],[-18,21],[-5,23],[-16,11],[-1,47],[-46,51],[5,26],[-3,38],[8,27],[-26,40],[-12,105],[3,23],[16,31],[-7,18],[-28,18],[-2,22],[5,22],[32,21],[-9,32],[11,28],[0,54],[15,23],[47,41],[31,46],[19,64],[-8,44],[8,21],[2,53],[-36,22],[-10,14],[-3,15],[-25,39],[0,32],[-5,7],[142,178],[255,1655],[-95,257],[-151,819],[48,413]],[[120569,147007],[-243,15],[-140,-14],[-292,-4],[-321,-47],[-91,-57],[-83,-79],[-32,-51],[-96,-288],[-25,-33],[-109,-76],[-217,-87],[-123,-57],[-128,-47],[-226,-55],[-217,-3],[-221,-41],[-187,-17],[-330,-24],[-443,-2],[-868,1504],[-118,169],[-527,930],[-1650,1149],[-16,1],[-25,-12],[-40,1],[-11,-8],[-14,3],[-35,25],[-75,11],[-43,20],[-121,2],[-45,43],[-39,12],[-101,12],[-35,53],[-147,130],[-65,21],[167,-222],[45,-85],[6,-111],[-6,-91],[11,-72],[62,-91],[67,-77],[113,-219],[13,-49],[17,-150],[-69,-24],[-48,-7],[-8,-22],[-35,2],[-6,-22],[-41,-6],[-5,-17],[-30,-24],[-140,-76],[-1298,-595],[-166,-91],[-15,-211],[21,-110],[-43,-370],[-19,-12],[-83,-8],[-51,-12],[-9,6],[-26,2],[-13,-31],[-21,-17],[-100,0],[-43,19],[-39,24],[-37,69],[-51,37],[-91,3],[-65,-9],[-110,17],[-24,16],[-32,4],[-15,-6],[-15,18],[-20,-8],[-43,2],[-13,-10],[-2,-59],[-30,0],[-87,-20],[-88,10],[-78,22],[-58,4],[-82,-18],[-39,23],[-30,7],[-19,22],[-14,6],[-22,-8],[-30,7],[-24,-13],[-15,-16],[-29,50],[-61,34],[-36,10],[-26,22],[-52,-15],[-31,-16],[-27,12],[-4,26],[-29,-2],[-26,-9],[-23,4],[-21,-13],[-33,-5],[-12,24],[-32,23],[-16,-1],[-16,7],[3,27],[-65,37],[-7,-8],[-12,5],[-6,9],[4,13],[-22,16],[-34,-16],[-13,-14],[-43,37],[-11,-4],[-10,3],[-8,21],[-14,10],[-28,-8],[-21,2],[-13,-13],[-8,-1],[-15,2],[-8,8],[-12,2],[-8,-7],[-21,6],[-80,-49],[-31,-4],[-50,1],[-68,39],[-20,57],[-28,34],[-14,-1],[-73,35],[-61,74],[-77,37],[14,17],[-6,9],[-29,-1],[-62,25],[-19,-1],[-7,9],[8,33],[-18,39],[4,47],[-11,46],[-3,66],[9,29],[17,5],[-10,21],[22,47],[-13,14],[1,10],[12,12],[-9,7],[1,13],[29,34],[13,7],[-15,19],[17,23],[-5,30],[-49,59],[8,30],[-61,42],[-15,0],[-8,11],[20,20],[-3,9],[-24,9],[30,72],[0,14],[-12,6],[-3,37],[19,61],[-10,36],[-27,4],[-7,7],[8,9],[-1,28],[-22,4],[-16,-6],[-8,-9],[-24,13],[-13,-8],[-3,-28],[-11,-9],[-1,-14],[-60,-23],[-16,4],[-13,10],[-5,13],[-30,13],[-23,-8],[-25,2],[-12,-29],[-30,-20],[9,-23],[-13,-18],[-10,15],[-44,-5],[-37,-34],[-11,2],[-6,48],[-11,10],[-9,30],[-45,60],[-9,2],[-57,-81],[-68,-118],[-79,-13],[-42,-17],[-32,0],[-29,10],[-43,40],[-21,10],[-22,-23],[-39,6],[-3,-40],[-15,-34],[-34,-33]],[[107619,148651],[-78,586],[79,247],[93,47],[0,280],[-94,308],[5,0],[151,265],[-149,250],[0,108],[262,209],[178,163],[39,132],[2,31],[-32,301],[-26,150],[-27,72],[-256,346],[2,50],[-19,110],[-6,32],[-20,41],[-25,35],[-23,14],[-10,16],[-2,25],[-32,40],[-20,10],[-6,29],[-25,0],[-23,10],[-6,34],[-45,38],[-39,19],[-28,65],[-18,7],[-5,33],[-20,46],[18,6],[-2,12],[-23,52],[-16,62],[-10,16],[-22,18],[13,10],[-8,12],[-20,8],[-11,35],[-31,12],[-3,27],[-16,12],[-19,25],[-11,0],[-27,41],[-21,3],[-20,16],[-23,23],[-3,18],[-38,27],[-45,47],[-34,58],[-15,8],[-4,16],[-34,37],[-24,41],[-5,32],[14,45],[8,69],[11,26],[4,59],[10,18],[-11,22],[5,53],[-5,39],[-12,30],[6,10],[-15,42],[5,16],[-4,25],[9,51],[8,9],[1,14],[-15,47],[12,45],[-13,21],[-19,124],[-17,58],[-17,15],[709,36],[261,-33],[570,-92],[104,19],[69,-6],[51,3],[135,-14],[319,-15],[159,-1],[110,6],[18,-11],[145,-34],[510,-59],[19,-14],[91,-18],[30,4],[21,13],[31,7],[103,20],[152,43],[116,34],[143,52],[500,63],[115,2],[35,7],[15,14],[25,-2],[28,22],[209,61],[168,105],[13,18],[-20,47],[1,48],[-15,50],[0,21],[56,3],[126,49],[24,-2],[23,16],[31,10],[10,-2],[8,12],[32,13],[35,3],[40,43],[26,44],[24,20],[72,84],[24,16],[9,26],[16,12],[2,14],[13,10],[3,14],[18,21],[6,33],[38,46],[34,61],[21,6],[19,31],[24,17],[34,42],[82,49],[9,27],[24,13],[-2,22],[34,14],[15,13],[3,18],[31,29],[8,21],[39,16],[140,-19],[51,-17],[25,-17],[33,6],[20,-12],[10,-20],[14,-7],[0,-10],[13,-1],[-2,-16],[12,-7],[0,-11],[9,1],[11,-16],[23,7],[6,9],[-17,63],[7,32],[-9,9],[3,27],[-35,19],[-10,27],[3,9],[16,6],[4,26],[-7,4],[-4,16],[1,9],[18,3],[1,36],[-19,6],[-14,41],[56,28],[24,19],[5,15],[9,3],[16,-9],[30,8],[6,7],[14,2],[7,12],[8,-1],[17,18],[29,4],[9,9],[23,0],[7,9],[29,13],[19,-3],[5,9],[18,2],[8,9],[16,-1],[7,8],[14,1],[1,18],[14,2],[3,10],[22,-8],[0,15],[45,2],[3,16],[37,4],[18,17],[29,-1],[3,16],[22,3],[1,16],[114,79],[185,63],[102,-37],[181,-28],[71,-4],[-13,47],[-31,24],[-6,48],[15,52],[17,22],[10,54],[11,21],[18,21],[16,5],[9,17],[17,8],[22,30],[8,23],[11,5],[8,18],[14,9],[6,19],[23,17],[20,26],[38,17],[38,42],[92,59],[81,43],[67,28],[234,142],[104,-11],[46,-14],[46,-24],[19,-2],[22,13],[40,-22],[17,7],[19,-13],[53,-4],[18,-9],[69,20],[29,1],[25,-15],[61,9],[36,19],[13,0],[9,14],[21,4],[65,40],[82,-5],[32,-11],[44,9],[54,-7],[17,2],[36,17],[37,58],[28,88],[30,199],[-4,65],[20,68],[4,40],[-12,37],[-2,47],[21,82],[16,21],[49,32],[44,162],[16,28],[88,71],[24,25],[30,53],[48,45],[33,23],[97,23],[56,-1],[174,47],[145,56],[0,5],[358,49],[1127,170],[1482,457],[1397,447],[1312,246],[791,36],[9,-12],[24,-14],[7,15],[52,26],[115,0],[62,27],[37,-7],[31,3],[51,-24],[42,-1],[45,-16],[115,-27],[-43,-46],[-35,-68],[-15,-47],[-48,-73],[-35,-40],[-20,-74],[-13,-14],[8,-37],[-19,-31],[-15,-11],[-12,-22],[-4,-26],[-62,-96],[-63,-54],[-64,-127],[-84,-108],[-86,-131],[-51,-108],[-43,-126],[-45,-105],[-57,-93],[-61,-90],[-22,0],[-17,-35],[-92,-130],[-19,-55],[-45,-73],[-155,-191],[-57,-54],[-16,-23],[11,-25],[-17,-28],[-21,-9],[0,-17],[-19,-34],[-7,-1],[-28,-32],[-45,-156],[10,-101],[-22,-21],[19,-39],[-17,-36],[3,-16],[11,-11],[6,-31],[-10,-16],[2,-12],[14,-13],[-18,-44],[1,-41],[-6,-17],[10,-62],[-11,-43],[1,-19],[13,-16],[-6,-17],[2,-37],[13,-55],[-1,-19],[19,-24],[8,-38],[15,-28],[15,-9],[7,-14],[-17,-8],[-5,-45],[-10,-4],[-14,-26],[14,-18],[-7,-8],[12,-45],[-11,-13],[10,-14],[-9,-7],[4,-30],[-22,-38],[3,-6],[42,-11],[8,-16],[-9,-6],[-22,7],[-16,-4],[-14,-24],[-5,-10],[5,-19],[-16,-26],[10,-14],[-2,-11],[-20,-27],[-1,-50],[-6,-13],[54,-11],[15,-12],[36,-2],[52,-33],[5,-19],[42,5],[68,-29],[5,8],[19,-8],[28,-23],[53,0],[20,12],[17,1],[7,-12],[23,-6],[15,4],[23,18],[26,-10],[53,-56],[42,7],[0,-24],[8,-14],[15,10],[18,-3],[11,-31],[15,-12],[10,-26],[25,-3],[15,11],[16,4],[9,-34],[33,7],[9,-29],[41,-4],[-3,-16],[9,-20],[15,-1],[26,-30],[69,8],[17,-14],[-2,-18],[50,-23],[18,25],[18,1],[7,-18],[38,10],[15,24],[26,0],[22,10],[20,36],[54,-5],[9,-12],[18,1],[14,9],[37,-3],[-8,18],[3,14],[47,-5],[12,11],[30,-1],[35,14],[20,11],[7,15],[22,7],[58,54],[17,0],[6,18],[13,10],[6,24],[17,5],[69,66],[25,-16],[36,11],[28,20],[12,-11],[38,9],[27,-8],[59,24],[43,6],[10,24],[22,12],[14,26],[22,10],[6,17],[20,-1],[4,-8],[8,1],[31,51],[17,3],[21,-11],[8,3],[11,36],[8,4],[36,-9],[25,22],[32,5],[38,27],[32,5],[10,25],[14,3],[7,23],[20,11],[12,25],[30,17],[23,39],[43,22],[16,23],[47,39],[20,4],[14,15],[33,19],[54,21],[17,55],[-2,23],[7,21],[0,148],[9,54],[22,32],[17,44],[10,57],[50,147],[-5,32],[-133,359],[-86,260],[-34,206],[-3,61],[25,71],[31,56],[-3,61],[32,106],[34,63],[11,68],[1,56],[-15,40],[-9,51],[-6,108],[-34,190],[-22,66],[-64,285],[71,145],[-15,126],[6,170],[9,52],[64,79],[66,50],[34,60],[-23,42],[-4,61],[53,125],[11,75],[30,30],[51,30],[36,36],[52,23],[85,24],[128,128],[86,62],[73,16],[213,0],[135,10],[147,22],[32,72],[9,78],[-23,143],[-37,57],[-8,107],[-52,42],[-19,75],[-32,56],[-13,74],[-53,87],[-30,83],[-17,75],[-13,102],[-2,135],[-66,131],[-58,216],[-40,88],[-7,48],[11,71],[-23,226],[15,105],[-5,143],[11,75],[26,82],[79,97],[17,68],[15,127],[19,63],[54,124],[40,137],[50,103],[59,50],[107,71],[71,95],[75,66],[42,70],[15,71],[86,64],[36,58],[28,66],[-11,74],[-21,79],[-23,56],[-50,54],[-14,48],[-7,67],[-72,87],[6,48],[28,31],[28,48],[38,28],[13,60],[73,77],[74,10],[58,94],[47,12],[51,-24],[41,10],[6,48],[67,122],[55,44],[11,69],[-68,112],[19,87],[-26,58],[7,42],[17,14],[2,30],[-17,11],[-15,26],[11,63],[-37,92],[18,45],[59,247],[26,24],[9,24],[0,22],[-22,0],[-6,10],[23,42],[-21,36],[15,30],[-26,24],[-42,14],[12,12],[22,8],[-9,68],[35,21],[-5,24],[-27,16],[-13,20]],[[127184,166529],[5411,-407],[59,0],[148,-21],[98,0],[503,-47],[117,98]],[[140382,155627],[95,-119],[19,5],[0,-221],[10,-208],[211,-160],[112,-146],[28,-184],[220,-132],[40,-151],[70,-38],[30,-76],[-60,-85],[20,-113],[30,-64],[-90,-115],[-41,-453],[6,1],[-188,-192],[-84,-75],[-57,-91],[-14,-209],[40,-222],[35,-323],[-89,-242],[-17,-163],[9,-130],[-19,-131],[-123,-100],[-81,-14],[-102,-50],[-107,-110],[-7,-96],[-40,-119],[-58,-53],[-155,-67],[-144,-114],[-128,-120],[-75,-118],[-34,-344],[-49,-68],[-31,-115],[-216,-150],[-200,17],[-110,-13],[-43,5],[-144,-18],[-103,13],[-293,14],[-234,20],[-127,83],[-104,-38],[-267,139],[-166,32],[-94,51],[-28,114],[-70,158],[-196,87],[-41,81],[-132,6],[-92,-49],[-168,81],[-96,117],[-152,108],[-244,155],[-55,-5],[-47,-147],[-141,-32],[-85,91],[-29,-44],[-81,-57],[-187,93],[-81,73],[-111,83],[-134,9],[-152,-5],[-130,2],[-25,-11],[-22,13],[-38,5],[-61,-14],[-32,4],[-37,45],[-53,11],[-28,-12]],[[50107,152687],[-82,15],[-100,60],[-48,19],[-131,84],[-750,172],[-98,12],[-7,-119],[-37,-107],[-84,-33],[-98,-20],[-26,3],[-83,55],[-35,30],[-42,45],[-19,47],[-63,74],[-73,45],[-93,3],[-219,44],[-86,33],[-36,4],[-39,-152],[-32,-95],[-87,-345],[-45,4],[-3,8],[-19,3],[-32,19],[-19,42],[4,62],[-71,-21],[-50,26],[-24,20],[-14,23],[11,31],[-13,9],[-17,-13],[-25,-3],[-20,16],[-12,18],[-2,19],[14,34],[-14,4],[-14,-4],[-33,-34],[-3,-16],[9,-41],[-18,-16],[-53,7],[-123,-6],[-7,-15],[-8,-84],[-30,-7],[-16,5],[2,12],[11,14],[-17,8],[-21,-4],[-6,-25],[11,-33],[-11,-7],[-21,-1],[-26,17],[19,43],[5,35],[14,8],[0,14],[-18,4],[-21,-7],[-9,-16],[-16,-7],[-20,8],[-14,23],[-75,-16],[-17,40],[-3,36],[-46,9],[0,15],[-15,8],[-32,2],[-43,46],[-66,37],[-8,-19],[9,-16],[-26,-9],[-15,3],[-84,63],[-27,-8],[0,-15],[27,-63],[-9,-10],[-14,1],[-18,-18],[-34,10],[-54,37],[-7,18],[-26,20],[-1,8],[-30,15],[-81,101],[-19,70],[-20,21],[-24,0],[-14,10],[-21,40],[-1,31],[17,21],[2,15],[-14,58],[10,8],[0,12],[27,18],[-16,44],[-11,0],[-23,-28],[-30,23],[-48,18],[7,10],[-13,6],[-20,1],[-30,-8],[-17,17],[-1,46],[10,27],[-51,40],[3,16],[14,14],[3,31],[-34,9],[-14,20],[-37,8],[-15,9],[-9,-2],[-15,24],[0,19],[-14,4],[0,10],[-11,4],[-15,25],[-7,17],[9,11],[-2,14],[-55,70],[-52,33],[-59,67],[-46,16],[-20,17],[-25,10],[-15,18],[-16,8]],[[45527,154004],[11,43],[64,54],[9,48],[-22,28],[-51,31],[0,21],[35,21],[-1,7],[-58,54],[5,71],[30,48],[19,17],[5,55],[23,17],[88,-9],[23,-18],[13,2],[78,66],[57,28],[34,46],[30,24],[13,25],[46,47],[8,7],[12,-2],[18,-15],[15,1],[13,8],[8,17],[7,42],[7,8],[87,55],[27,7],[9,8],[13,71],[-11,32],[10,31],[-5,36],[22,42],[-17,29],[-1,89],[2,8],[35,18],[7,15],[-2,43],[-25,60],[-1,30],[15,53],[-17,13],[-6,19],[3,11],[26,21],[11,24],[26,22],[20,35],[17,15],[4,21],[-3,11],[-16,11],[-52,10],[-21,56],[10,22],[-1,38],[-18,30],[12,56],[-5,17],[-19,13],[-10,24],[21,27],[-4,40],[45,39],[-8,49],[29,54],[-6,12],[-38,13],[-24,17],[-18,89],[-19,28],[-9,30],[-4,50],[5,15],[37,14],[12,15],[-16,21],[-1,17],[21,33],[4,21],[-23,88],[4,27],[13,24],[-2,34],[26,15],[-24,25],[-12,32],[18,56],[-15,20],[16,16],[33,9],[12,37],[36,-1],[31,15],[18,47],[32,10],[13,23],[42,22],[2,10],[-16,28],[-4,32],[-36,34],[-15,27],[-16,3],[-16,-10],[-20,-2],[-8,5],[-18,29],[-37,17],[28,29],[2,10],[4,47],[-27,35],[22,52],[27,31],[46,-6],[15,5],[11,34],[23,23],[4,25],[-5,25],[-17,26],[-3,36],[-10,21],[18,44],[-1,9],[-14,25],[-35,8],[21,38],[-2,6],[-27,8],[1,33],[-51,64],[6,20],[-16,53],[3,27],[-15,43],[7,43],[10,2],[22,-12],[18,2],[12,22],[43,31],[-7,26],[-41,61],[-5,30],[3,23],[16,25],[0,14],[-10,18],[30,26],[11,28],[-11,8],[-66,9],[-40,23],[-30,1],[-27,-16],[-14,-1],[-25,-21],[-79,-8],[-44,-31],[-21,-5],[-44,3],[-16,15],[-24,3],[-43,20],[-65,-23],[-123,29],[-15,11],[-62,-16],[-22,2],[-23,10],[-25,-12],[-43,-41],[-89,4],[-20,-19],[-24,-2],[-13,-28],[-51,-16],[-11,-26],[-18,-8],[-31,-9],[-39,18],[-32,-1],[-18,-12],[-44,-2],[-38,-22],[-34,2],[-39,26],[-60,26],[-72,15],[-35,0],[-79,-53],[-27,-50],[-49,-58],[-17,-40],[-49,-60],[-89,-58],[-12,0],[-24,14],[-14,-18],[-12,-37],[-45,-13],[-48,4],[-27,-19],[-31,-4],[-34,-25],[-25,-29],[-31,-7],[-5,-16],[12,-15],[4,-30],[-7,-35],[20,-40],[-12,-52],[-12,-13],[-88,-56],[-42,-7],[-53,-25],[-40,4],[-34,-49],[-36,-11],[-36,7],[-37,-3],[-22,10],[-25,16],[-6,12],[2,18],[-8,12],[-10,3],[-59,-4],[-27,-22],[-43,-17],[-33,19],[-22,45],[-30,21],[-23,6],[-85,77],[-90,65],[-90,40],[-71,3],[-35,-9],[3,17],[22,22],[5,13],[-8,23],[11,101],[-23,25],[-11,31],[26,55],[31,7],[14,10],[-1,116],[71,0],[-11,-30],[-10,-76],[7,-23],[-8,-34],[3,-32],[21,-26],[-12,-69],[-18,-8],[-6,-22],[89,-45],[21,-5],[90,36],[43,53],[35,-4],[8,15],[70,11],[56,30],[90,8],[35,61],[8,36],[42,73],[12,61],[46,36],[4,9],[-7,47],[28,121],[35,32],[29,40],[41,97],[8,69],[-2,102],[35,29],[65,137],[40,54],[20,54],[31,44],[17,62],[2,50],[59,135],[-2,59],[34,33],[15,24],[6,22],[20,34],[2,44],[80,154],[0,64],[10,23],[0,32],[7,21],[21,27],[-10,42],[33,32],[56,93],[69,34],[19,28],[44,39],[14,45],[14,13],[22,7],[16,44],[23,36],[42,48],[16,10],[31,5],[27,43],[4,22],[-5,12],[6,14],[16,13],[26,2],[15,14],[51,68],[18,39],[-6,11],[11,36],[-3,29],[20,36],[-4,34],[6,26],[12,16],[17,81],[-11,40],[11,20],[22,9],[45,7],[15,19],[-20,26],[17,49],[-14,32],[18,32],[12,38],[61,62],[1,15],[14,9],[5,-8],[15,5],[45,60],[26,10],[21,1],[31,26],[87,35],[46,4],[14,-38],[37,23],[29,7],[15,13],[18,81],[35,27],[19,-1],[12,7],[8,15],[-8,15],[-16,11],[0,15],[14,19],[22,7],[7,11],[7,54],[-7,19],[7,12],[27,11],[13,52],[36,74],[-12,82],[21,31],[47,50],[18,11],[19,6],[41,-13],[105,51],[66,7],[84,-12],[25,3],[5,11],[-6,37],[8,32],[44,73],[20,56],[63,77],[108,73],[11,26],[16,16],[52,21],[14,30],[1,29],[11,13],[-3,18],[8,53],[-2,13],[-21,29],[3,12],[16,17],[2,16],[-69,178],[-2,62],[-30,77],[0,16],[39,38],[-6,33],[13,12],[34,5],[17,9],[7,19],[-6,41],[44,47],[-1,24],[11,12],[-9,31],[15,14],[29,53],[15,15],[37,13],[13,20],[25,9],[5,7],[2,63],[10,31],[0,38],[12,18],[8,6],[41,6],[25,30],[37,17],[20,31],[42,27],[30,-2],[67,11],[103,63],[47,41],[32,56],[17,107],[23,23],[10,-1],[2,60],[-13,31],[-1,29],[25,18],[6,18],[-12,45],[17,42],[12,8],[3,35],[35,32],[51,18],[52,61],[26,43],[46,23],[28,25],[-10,28],[14,11],[47,-1],[17,18],[1,24],[19,5],[41,-10],[75,14],[11,-16],[36,21],[30,1],[7,6],[40,6],[8,55],[-20,55],[60,15],[44,31],[22,-5],[61,3],[49,-18],[44,15],[78,-7],[136,89],[139,-11],[27,-16],[30,-24],[31,-61],[46,-41],[37,-8],[58,-36],[50,-21],[33,-24],[42,-62],[12,-9],[12,-61],[32,-35],[29,39],[12,4],[10,14],[24,2],[27,-10],[23,27],[50,32],[45,-14],[21,24],[58,24],[63,12],[7,19],[36,34],[58,8],[16,14],[87,120],[75,43],[55,20],[22,18],[13,40],[38,43],[81,33],[51,50],[34,17],[42,51],[34,9],[25,22],[22,1],[19,-13],[52,-17],[12,7],[5,17],[-5,22],[46,76],[14,-9],[16,2],[11,11],[5,19],[16,11],[78,15],[59,33],[4,64],[9,29],[23,17],[-1,16],[-36,43],[1,18],[21,42],[40,27],[37,12],[6,18],[-12,16],[10,28],[-14,16],[-33,1],[-8,26],[-25,22],[-65,30],[-19,18],[5,14],[23,7],[35,23],[11,43],[23,1],[46,-13],[5,16],[-3,45],[53,22],[6,30],[35,32],[27,15],[40,9],[27,33],[30,21],[24,6],[39,-2],[32,22],[22,3],[105,-1],[26,-8],[23,-17],[15,-1],[27,9],[46,-1],[26,-7],[39,-38],[49,-13],[39,-51],[55,15],[26,23],[14,26],[45,3],[29,-42],[15,-111],[22,-61],[52,-17],[21,12],[12,19],[1,51],[10,51],[9,19],[16,9],[47,-33],[57,-52],[24,-4],[40,-20],[26,-4],[18,4]],[[51714,165634],[0,-110],[-23,-47],[13,-10],[-25,-4427],[-76,-124],[-182,-201],[-31,-59],[21,-200],[-78,-206],[15,-54],[-12,-53],[-24,-14],[-28,-30],[1,-22],[-11,-18],[-2,-33],[-16,-17],[-7,-38],[4,-15],[33,-29],[30,-15],[-6,-20],[-23,-25],[1,-12],[37,3],[11,-9],[0,-15],[-15,-24],[2,-12],[9,-5],[-22,-22],[-6,-18],[5,-9],[-19,-68],[-68,-164],[-9,-99],[78,-156],[16,-46],[8,-81],[78,-79],[21,-8],[27,-38],[14,-4],[24,-34],[21,-9],[-13,-20],[-7,-41],[-11,-18],[11,-18],[-2,-38],[-15,-15],[-66,-756],[-15,-358],[-51,-643],[-38,-349],[-1,-117],[33,-84],[23,-35],[83,-24],[57,-57],[39,-9],[84,0],[62,-78],[32,-20],[24,-1],[21,-8],[19,-23],[-27,-43],[-53,-45],[-47,-17],[-71,-61],[-26,-35],[-12,-116],[7,-46],[23,-42],[34,-43],[38,-24],[-78,-204],[-138,-191],[-135,-149],[-289,-264],[-25,-44],[32,-50],[-2,-10],[14,-29],[35,-36],[59,-16],[56,-98],[-7,-117],[-59,-82],[-62,-136],[-439,-38],[-58,-129],[-224,-562],[-42,-170],[-27,-195],[-62,-187],[-77,-380]],[[101725,117498],[69,38],[69,74],[53,81],[61,127],[75,121],[24,26],[281,191],[166,102],[168,140],[17,27],[39,13],[20,37],[5,30],[41,38],[37,11],[30,30],[18,8],[44,-5],[124,65],[13,1],[51,-24],[116,-3],[27,17],[20,40],[55,39],[35,-7],[39,9],[21,21],[11,3],[105,-34],[46,25],[51,11],[14,-4],[18,-45],[13,-7],[57,-12],[23,17],[76,-5],[27,24],[44,15],[16,29],[33,37],[152,151],[73,90],[132,214],[17,11],[7,16],[-9,32],[10,29],[-16,47],[11,28],[9,133],[26,573],[-4,46],[-436,502],[-23,16],[-24,5],[-49,-8],[-67,0],[-36,-21],[-75,-76],[-38,-51],[-40,-75],[-1,19],[-13,12],[-56,34],[-30,66],[-11,51],[-21,33],[-14,58],[-50,54],[-9,22],[-68,73],[-42,14],[-61,31],[-2,84],[21,47],[57,67],[29,92],[-8,23],[-19,23],[-23,12],[-52,8],[-110,-1],[-62,14],[-49,50],[1,36],[71,145],[5,26],[-4,58],[10,25],[181,195],[40,81],[16,73],[317,418],[46,43],[70,44],[142,185],[42,121],[16,27],[71,90],[68,98],[87,102],[24,13],[32,38],[42,5],[107,-10],[25,4],[18,-15],[53,0],[38,-17],[17,3],[31,-22],[10,-25],[5,2],[10,9],[3,41],[8,21],[46,74],[71,69],[62,28],[38,7],[164,205],[156,181],[731,522],[127,80],[75,55],[74,41],[-15,60],[1,27],[32,38],[25,19],[8,26],[36,20],[28,35],[19,34],[1,17],[11,14],[6,41],[-7,32],[10,13],[-7,31],[17,29],[-9,30],[6,37],[14,27],[-18,63],[-16,26],[-170,90],[-241,168],[-31,13],[-26,33],[-78,33],[-24,55],[-46,38],[68,4],[31,17],[19,1],[16,11],[121,28],[92,8],[95,38],[24,-5],[211,-116],[101,-67],[35,-7],[38,-15],[91,4],[76,-22],[80,7],[28,-4],[21,-12],[20,62],[4,35],[16,18],[90,48],[51,20],[226,123],[160,-153],[159,37],[72,4],[23,-25],[49,-11],[62,13],[35,0],[13,7],[24,33],[10,3],[194,-15],[91,31],[118,1],[43,9],[66,-4],[23,10],[35,-3],[89,33],[48,7],[19,7],[84,59],[31,36],[26,12],[30,40],[40,21],[16,20],[113,36],[11,9],[38,-7],[26,23],[39,9],[54,79],[13,42],[41,60],[-2,18],[13,16],[0,19],[17,9],[17,25],[26,-3],[33,30],[30,11],[23,36],[25,20],[39,55],[9,23],[11,6],[13,19],[-4,60],[14,76],[42,55],[40,38],[14,26],[56,41],[24,34],[5,61],[19,-9],[15,1],[7,8],[70,11],[60,65],[27,1],[25,28],[27,0],[21,35],[33,30],[38,18],[13,0],[49,33],[85,15],[51,16],[16,10],[24,35]],[[110149,127043],[2,-31],[20,-40],[258,-112],[153,-31],[327,-10],[58,8],[72,27],[44,31],[48,4],[57,13],[133,9],[93,30],[16,-3],[8,-8],[4,-24],[45,-40],[3,-37],[10,-27],[-4,-22],[4,-14],[-13,-43],[-17,-25],[0,-12],[47,-30],[9,-13],[-12,-31],[4,-9],[42,-32],[21,-39],[29,-25],[4,-14],[-12,-33],[9,-83],[-9,-42],[28,-23],[2,-28],[31,-38],[13,-42],[-9,-32],[-28,-36],[11,-29],[-5,-25],[17,-21],[-8,-16],[0,-29],[24,-32],[2,-19],[18,-6],[-1,-18],[6,-11],[45,-4],[41,-23],[0,-19],[24,-31],[5,-23],[-16,-63],[8,-51],[7,-15],[38,-29],[16,-71],[50,-32],[10,-16],[5,-35],[-13,-26],[14,-37],[3,-45],[-10,-28],[9,-51],[18,-32],[82,-37],[11,-17],[18,-66],[2,-34],[-14,-74],[8,-49],[37,-115],[-25,-94],[17,-55],[29,-22],[26,-50],[33,-19],[20,-5],[46,11],[151,-2],[43,-16],[41,-26],[31,-25],[15,-27],[43,-41],[72,-45],[94,-133],[30,-52],[42,-100],[72,-113],[45,-166],[32,-80],[22,-85],[52,-114],[-8,-70],[5,-20],[18,-27],[75,-59],[12,-16],[-42,-119],[-6,-42],[6,-77],[38,-61],[0,-19],[-14,-31],[15,-2],[22,-25],[43,0],[16,-9],[13,-26],[21,-12],[20,-29],[58,-49],[39,-85],[27,-38],[-8,-47],[-43,-74],[-41,-115],[-15,-140],[-30,-78],[-84,-456],[-18,-14],[-31,-49],[-17,-12],[-58,-34],[-57,-18],[-28,-17],[-35,-34],[-32,-17],[-46,-15],[-128,-94],[-62,-33],[1,-28],[38,-93],[112,-154],[127,-71],[31,-29],[-411,-86],[-26,56],[-16,11],[-34,2],[-116,-43],[-64,-7],[-24,-13],[-53,-1],[-33,-24],[-13,-24],[-4,-29],[12,-86],[-10,-31],[-59,-15],[-59,6],[-29,-6],[-47,-28],[-13,-2],[-44,16],[-51,0],[-24,-42],[-67,-62],[-30,-42],[-46,-201],[-25,-62],[-31,-50],[-25,-22],[-78,-28],[-203,-26],[-24,-20],[-15,-33],[-19,-16],[-107,-227],[-10,7],[-44,5],[-25,22],[-23,-3],[-16,10],[-16,-9],[-21,13],[-21,-10],[-30,10],[-34,16],[-52,61],[-35,18],[-47,6],[-7,-8],[-70,-31],[-23,16],[-27,-15],[-11,5],[-4,31],[-19,12],[-30,3],[-8,10],[5,40],[-33,-3],[-11,10],[-9,25],[-42,11],[-48,56],[-5,66],[-36,41],[-2,32],[-23,10],[-10,33],[-1,19],[17,23],[-1,11],[-15,15],[-9,47],[-12,12],[-19,2],[-43,30],[-23,-3],[-23,5],[-23,-9],[-11,33],[-28,13],[-75,-8],[-36,3],[-17,-26],[-7,17],[-70,25],[-60,-16],[-52,0],[-21,-9],[-16,2],[-49,15],[-88,11],[-18,20],[-33,14],[-39,4],[-4,-10],[-6,-141],[64,-142],[34,-27],[66,-32],[19,-34],[57,-73],[64,-67],[6,-13],[10,-134],[-47,-80],[-2,-27],[10,-68],[-51,-76],[-2,-54],[14,-61],[-2,-25],[-18,-58],[0,-30],[25,-100],[48,-55],[2,-38],[19,-83],[-12,-100],[2,-42],[-13,-30],[-35,-50],[-108,-134],[-25,-57],[-24,-159],[-31,-115],[-27,-63],[-9,-201],[193,-182],[59,-113],[55,-65],[10,-48],[49,-65],[38,-80],[-9,-20],[11,-28],[0,-64],[-21,-24],[-8,-27],[-21,-7],[4,-16],[-8,-30],[-19,-38],[2,-27],[15,-20],[1,-39],[8,-34],[28,1],[83,-42],[64,1],[64,13],[23,12],[41,-6],[78,-29],[19,-15],[23,-8],[83,-9],[520,-167],[173,-62],[233,-103],[63,-20],[-80,-86],[23,-22],[12,-27],[3,-89],[104,-135],[14,33],[34,6],[46,-7],[26,-14],[38,1],[79,-14],[39,1],[13,-4],[43,-50],[73,-54],[18,-5],[62,24],[5,8],[14,-4],[22,9],[77,-15],[13,-15],[60,-16],[35,-35],[65,-76],[27,-91],[14,-12],[38,-16],[39,2],[24,-14],[29,-2],[45,-15],[35,-58],[33,-78],[24,-20],[15,-7],[98,1],[74,36],[19,2],[34,-1],[52,-13],[34,-29],[32,-18],[31,-55],[27,-2],[12,-22],[16,-2],[32,-25],[60,-14],[365,-972],[-115,-127],[-35,-60],[-10,-130],[13,-70],[-34,-39],[-29,-59],[-16,-52],[-45,-226],[-39,-290],[-211,-127],[-199,-24],[-196,-43],[-135,-97],[-62,-58],[-84,-54],[-85,-37],[-140,-41],[-93,-52],[-169,-161],[-99,-71]],[[163411,145204],[-1076,-2077],[-91,-124],[-158,-351],[-337,-649],[-1688,-1924],[-482,-471],[-100,-163]],[[159479,139445],[-40,-122],[-6,-204],[-37,-175],[-155,-1534],[-15,-18],[-70,-327],[-184,-1793],[-70,-305],[-89,-783],[3,-290],[-33,-264],[-112,50],[-227,26],[-511,133],[-302,105],[-415,80],[-2239,639],[-258,-23],[-537,-5],[-250,-19],[-311,-48],[-186,-41],[-294,-110],[-347,-206],[-453,-133],[-293,-164],[-338,-261],[-153,-67],[-250,-218],[-310,-221],[-173,-194],[-529,-480],[-641,-533],[-169,-154],[-123,-200],[-9,-208],[135,-162],[5,-217],[-710,-871]],[[147165,86977],[-125,81],[-45,3],[-34,-8],[-37,17],[-15,18],[-60,19],[-67,6],[-36,-6],[-5,18],[-13,10],[-14,-3],[-23,21],[-21,11],[-28,31],[0,19],[12,28],[-56,65],[-53,28],[-58,8],[-108,32],[-67,-18],[-27,-24],[-64,-21],[-46,0],[-28,-17],[-70,-17],[-390,78],[-225,1],[-206,25],[-77,34],[-95,67],[-278,248],[-34,20],[-137,113],[-171,162],[-75,74],[-114,132],[-108,161],[-49,48],[-172,122],[-102,58],[-315,279],[-82,56],[-66,34],[-170,45],[-101,8],[-189,-15],[-99,-15],[-532,-141],[-65,-3],[-151,12],[-164,2],[-281,-11],[-124,9],[-206,121],[-96,81],[-105,208],[-86,189],[-96,132],[-84,87],[-93,61]],[[140739,89760],[102,112],[92,89],[153,131],[77,45],[221,110],[114,11],[6,14],[38,30],[27,36],[31,23],[85,23],[94,9],[51,15],[86,-1],[85,35],[76,7],[169,0],[52,-9],[91,-30],[57,-33],[54,-20],[39,-25],[28,-9],[35,-34],[33,-13],[48,-35],[63,-14],[65,-27],[34,-26],[104,-14],[92,-24],[16,4],[28,-23],[22,-8],[20,5],[35,-3],[67,24],[44,52],[35,23],[54,82],[4,66],[22,54],[17,12],[32,8],[-71,143],[-57,168],[-11,58],[-22,48],[-171,161],[-65,69],[-217,272],[-13,43],[-2,53],[7,24],[15,38],[124,171],[200,233],[39,55],[53,94],[75,202],[62,126],[34,89],[17,13],[19,36],[17,63],[13,86],[15,28],[0,32],[22,69],[2,56],[23,8],[41,67],[99,96],[45,62],[125,57],[7,32],[14,10],[47,13],[31,22],[18,-1],[106,72],[29,29],[18,31],[8,31],[10,89],[53,103],[79,69],[34,56],[24,12],[47,45],[49,71],[31,58],[4,43],[33,45],[40,40],[4,18],[19,22],[3,37],[18,20],[2,12],[-7,19],[5,29],[25,70],[23,40],[2,31],[12,9],[16,37],[38,27],[12,-5],[52,23],[34,1],[32,7],[33,22],[51,56],[42,69],[6,48],[336,564],[251,499],[16,89],[23,62],[12,54],[42,86],[35,157],[33,50],[6,18],[38,23],[44,61],[-1,48],[-15,17],[-8,23],[-10,6],[-1,93],[52,121],[118,120],[56,94],[13,35],[21,26],[9,73],[19,19],[14,36],[-1,84],[20,28],[8,67],[0,65],[24,66],[55,90],[22,18],[95,126],[8,23],[44,25],[26,6],[44,-1],[16,23],[5,27],[34,54],[10,37],[53,76],[4,36],[11,21],[-4,255],[-69,455],[-3,127],[7,98],[59,378],[12,161],[-42,160]],[[157471,99148],[230,-3],[17,-1927]],[[169448,81880],[-1407,241]],[[167868,82513],[-98,123],[-23,91],[0,31],[43,45],[13,32],[-41,364],[-15,44],[-44,74],[-19,46],[16,0],[0,9]],[[163287,96691],[47,-6],[7,-10],[15,7],[14,-2],[10,-24],[25,-3],[21,-23],[-1,-22],[24,-19],[9,-25],[32,0],[24,-16],[12,2],[7,-14],[21,3],[6,-21],[25,10],[4,-13],[-5,-11],[39,3],[2,-25],[8,1],[13,18],[4,-18],[33,-11],[7,-17],[39,-37],[52,9],[9,15],[18,5],[11,14],[40,-6],[10,-2],[-7,-19],[9,-11],[42,-3],[2,-12],[7,-5],[24,12],[19,-35],[15,-11],[5,19],[26,5],[30,-7],[12,10],[21,2],[9,10],[36,-11],[24,-20],[1,26],[16,-11],[11,2],[15,20],[60,0],[8,4],[23,-9],[22,5],[13,6],[1,10],[-17,5],[8,10],[23,9],[34,-12],[1,16],[-7,9],[23,10],[0,6],[-11,19],[14,15],[7,0],[14,34],[39,15],[8,6],[0,16],[17,3],[12,18],[23,9],[15,20],[18,5],[1,26],[-9,17],[5,8],[27,10],[-12,-25],[13,-22],[9,5],[16,-4],[8,6],[2,6],[-8,4],[-17,2],[13,23],[-3,10],[-18,9],[-7,13],[5,11],[22,-18],[18,10],[32,0],[-16,20],[19,-1],[5,16],[19,21],[-2,13],[-17,8],[-5,19],[8,9],[12,0],[10,-23],[11,-5],[8,7],[-10,23],[2,10],[33,-10],[6,18],[-24,0],[-10,21],[-35,-4],[2,9],[24,6],[19,16],[10,-6],[4,-23],[7,2],[7,13],[18,12],[-18,6],[17,28],[9,-3],[8,-20],[8,6],[18,-13],[8,18],[24,-2],[-2,16],[27,-7],[5,3],[-5,15],[-13,1],[31,31],[11,-4],[-13,-20],[4,-6],[18,-7],[6,3],[4,4],[-5,24],[15,-5],[8,-16],[13,-4],[16,19],[12,-32],[46,51],[5,-33],[22,-17],[11,2],[6,3],[-3,8],[-23,29],[22,0],[14,8],[6,23],[25,13],[3,-25],[16,2],[14,28],[11,-6],[-5,-25],[10,-14],[8,1],[30,28],[8,-37],[15,2],[0,8],[12,-11],[17,5],[18,-9],[-5,-22],[10,0],[10,20],[47,7],[-8,17],[16,-2],[8,-8],[-5,-26],[17,-15],[5,6],[-8,13],[15,12],[-3,9],[-24,17],[-2,14],[22,1],[0,-10],[12,-1],[17,-20],[10,10],[3,29],[-9,10],[5,9],[16,-5],[11,11],[14,-4],[-1,-9],[-19,-10],[-3,-20],[7,-5],[37,11],[2,37],[14,-6],[5,-25],[14,-1],[3,6],[-13,22],[23,7],[0,26],[41,-11],[-8,18],[22,-2],[-6,22],[15,22],[31,5],[-10,33],[-26,-1],[-8,34],[46,0],[-23,-12],[5,-12],[12,0],[16,6],[8,20],[21,-6],[19,15],[35,-15],[-1,24],[-11,10],[32,26],[-28,16],[5,22],[53,-7],[-11,16],[-34,3],[-4,13],[5,11],[11,1],[9,-16],[18,2],[-1,36],[-11,16],[3,9],[17,6],[22,-24],[11,11],[-12,18],[13,3],[3,-5],[9,-1],[8,8],[31,-9],[6,9],[9,-1],[16,-33],[5,4],[-1,20],[8,6],[24,-14],[12,33],[17,-11],[22,5],[-3,16],[-22,-2],[-4,25],[37,-4],[-9,16],[-3,27],[13,8],[10,-5],[8,-19],[9,0],[7,19],[16,13],[9,-3],[10,-19],[-18,1],[-2,-12],[18,-17],[15,20],[14,-9],[6,-18],[31,-7],[1,16],[-19,12],[-2,14],[39,-7],[4,-20],[8,-4],[6,3],[-3,15],[5,8],[36,-12],[24,35],[10,-6],[2,-16],[11,-10],[-6,-7],[3,-19],[24,6],[-1,10],[39,-24],[32,15],[9,-21],[-10,-15],[11,-4],[41,30],[1,21],[11,8],[9,-13],[-4,-8],[9,-10],[19,10],[12,21],[12,-2],[8,-15],[16,-7],[7,8],[-10,36],[28,0],[-3,27],[-21,10],[9,50],[-20,48],[20,-13],[4,25],[-9,4],[-8,24],[6,8],[16,-12],[6,4],[12,-4],[-5,-16],[17,-3],[25,-20],[14,8],[-20,22],[-1,12],[13,18],[-1,7],[-13,3],[-20,-5],[-20,17],[14,10],[6,29],[26,6],[1,9],[-20,19],[34,-3],[-3,18],[16,4],[-4,37],[-13,17],[12,4],[15,-11],[-4,27],[6,8],[16,-17],[14,-2],[6,25],[32,3],[-6,9],[3,10],[24,-2],[7,-13],[11,5],[17,-6],[8,10],[-13,27],[8,5],[33,-16],[1,22],[18,-2],[7,8],[11,-1],[-6,-27],[7,-5],[23,0],[1,14],[-8,11],[9,7],[6,-6],[9,4],[15,-10],[22,-1],[9,-24],[-17,-28],[3,-8],[7,-2],[7,10],[12,-9],[2,-46],[12,3],[4,23],[20,-11],[5,-17],[-20,-12],[-36,-2],[11,-13],[26,-1],[9,-12],[-3,-13],[-18,2],[-3,-8],[16,-5],[0,-14],[-7,-6],[3,-10],[15,-5],[12,5],[-2,26],[11,7],[5,-23],[41,-9],[46,2],[16,16],[17,2],[39,-14],[47,0],[21,16],[11,0],[24,-14],[66,-1],[29,29],[13,-18],[28,-6],[17,12],[33,1],[-3,16],[19,-7],[20,9],[17,-11],[28,6],[29,-14],[1,36],[-22,12],[-2,11],[14,-3],[12,20],[25,-13],[16,7],[3,26],[9,6],[30,-20],[23,5],[6,16],[8,5],[8,-10],[-5,-11],[20,-14],[11,17],[-11,18],[3,14],[16,4],[12,-28],[27,10],[-8,-13],[28,-1],[6,-8],[10,8],[62,-2],[21,-12],[20,15],[19,-6],[18,10],[66,-19],[70,-3],[13,-20],[13,-1],[9,16],[15,3],[11,-6],[16,9],[45,-8],[19,-15],[13,12],[37,-19],[9,5],[-5,22],[19,-2],[27,-14],[0,11],[10,1],[20,-4],[40,6],[18,-15],[25,10],[113,3],[1,-35],[14,7],[10,-3],[2,-39],[9,4],[7,-13],[-5,-14],[-32,-8],[15,-36],[19,4],[35,-4],[10,10],[9,-3],[1,-35],[6,-9],[24,23],[1,18],[18,-9],[8,-18],[-15,-34],[6,-13],[41,14],[38,-23],[13,6],[13,-6],[3,-12],[19,-14],[22,0],[13,-17],[21,-11],[26,17],[9,-1],[6,-19],[16,-14],[21,17],[17,-1],[28,-21],[17,8],[16,-3],[6,-29],[24,12],[15,1],[7,-14],[24,6],[15,-6],[14,-22],[24,-7],[11,-14],[23,-1],[14,-12],[13,-35],[12,-10],[-12,-12],[3,-7],[23,-4],[20,-26],[-24,-4],[2,-14],[23,-2],[11,-9],[3,-11],[15,-1],[9,-11],[-2,-15],[7,-11],[14,2],[4,-17],[25,7],[15,-3],[25,17],[25,-35],[33,-1],[8,-11],[64,-3],[11,-11],[9,0],[17,12],[-8,23],[6,6],[20,-13],[24,3],[2,27],[18,-10],[37,-3],[45,24],[20,1],[35,30],[18,31],[53,0],[11,5],[18,37],[24,1],[21,35],[14,-4],[2,-25],[14,-7],[12,4],[14,17],[38,-4],[16,5],[27,-17],[8,-7],[0,-16],[6,-3],[37,-11],[4,14],[10,-1],[8,-31],[10,-1],[8,1],[6,11],[-10,34],[9,6],[25,0],[17,-18],[4,-29],[-6,-36],[9,-25],[-12,-20],[4,-10],[-16,-19],[1,-9],[7,-5],[33,14],[8,-22],[22,-24],[16,-1],[16,12],[18,1],[19,-15],[41,7],[21,-33],[13,-10],[28,5],[1,-21],[27,-11],[28,31],[25,-7],[22,7],[38,-3],[35,-10],[14,-14],[31,-4],[8,-14],[0,-41],[5,-5],[27,1],[-1,8],[-11,5],[1,13],[15,3],[15,-3],[1,-24],[43,4],[44,-12],[24,1],[6,-5],[19,4],[13,-13],[13,2],[14,20],[53,33],[29,3],[22,28],[0,9],[27,-3],[14,-23],[-16,-38],[38,-10],[10,-29],[12,7],[-2,-28],[57,-3],[11,-5],[2,13],[15,2],[1,-38],[18,5],[-4,-17],[17,-12],[3,-9],[-22,-3],[-2,-6],[19,-29],[12,0],[-2,-16]],[[70483,72995],[-188,141],[-64,37],[-119,51],[-136,88],[-42,16],[-99,1],[-28,20],[-48,77],[-65,20],[-52,48],[-28,9],[-39,6],[-35,-8],[-48,-41],[-47,-52],[-53,-41],[-30,-6],[-37,6],[-24,23],[-21,63],[-15,71],[-43,31],[-55,30],[-21,-1],[-29,-17],[-56,-7],[-52,-3],[-68,13],[-74,57],[-22,29],[-8,4],[-38,-11],[-58,15],[-61,35],[-78,58],[-25,5],[-93,-8],[-21,13],[-33,53],[-75,88],[-93,77],[-101,68],[-42,0],[-37,9],[-54,35],[-63,16],[-52,27],[-118,77],[-29,9],[-60,6],[-95,-12],[-71,-16],[-39,0],[-21,2],[-95,63],[-151,-14],[-92,27],[-143,13],[-71,-6],[-217,2],[-125,28],[-254,95],[-295,74],[-271,40],[-206,21],[-132,4],[-37,-5],[-103,-48],[0,-19],[-323,43],[-317,-53],[-392,-53],[-222,110],[-57,13],[-152,-1],[-261,13]],[[68057,90167],[212,-80],[29,-16],[83,-74],[67,-18],[27,-18],[22,0],[40,-12],[129,-98],[48,-1],[20,-8],[17,-20],[29,-15],[62,4],[15,-38],[34,-40],[94,-56],[73,-13],[45,9],[98,65],[91,-7],[58,-23],[41,6],[30,-41],[13,1],[38,23],[91,8],[13,6],[7,25],[13,11],[30,-3],[24,8],[60,5],[23,11],[54,8],[32,35],[39,13],[10,1],[30,-14],[59,-5],[57,-19],[104,41],[49,-13],[23,0],[17,16],[18,6],[65,0],[27,22],[57,-8],[4,-17],[13,-10],[96,14],[117,-51],[36,-4],[52,-30],[46,5],[82,-49],[57,13],[15,-24],[56,-16],[85,-50],[17,-25],[21,-18],[40,-10],[51,-21],[113,-83],[56,-21],[37,1],[51,18],[98,-15],[70,55],[27,10],[28,2],[27,-14],[44,4],[20,-33],[101,-40],[30,-5],[28,5],[71,36],[49,-6],[17,8],[20,-2],[14,-18],[23,-14],[81,-25],[43,16],[56,3],[13,-2],[29,-23],[47,-10],[50,22],[57,-16],[50,-43],[48,15],[39,-3],[6,30],[19,7],[88,-54],[13,-1],[18,15],[24,3],[16,-9],[10,-32],[18,-11],[5,-10],[-6,-16],[4,-8],[9,-5],[32,8],[13,-8],[3,-43],[14,-27],[11,-5],[53,-2],[71,14],[90,-63],[37,-17],[32,-4],[51,-24],[69,-6],[25,-21],[10,-2],[54,18],[58,6],[72,57],[9,-1],[43,-40],[93,-18],[55,8],[40,-8],[15,8],[59,8],[36,32],[55,11],[13,20],[2,27],[43,12],[44,43],[84,43],[34,31],[36,4],[16,29],[73,46],[62,-6],[34,20],[63,-8],[64,19],[9,11],[10,39],[32,23],[5,11],[-7,59],[6,22],[21,24],[16,81],[46,27],[35,-1],[36,23],[11,10],[16,44],[10,9],[42,-6],[13,-11],[12,0],[92,24],[56,54],[6,17],[26,29],[27,3],[38,26],[36,-1],[29,34],[55,30],[5,9],[-10,32],[23,18],[39,-10],[81,6],[36,-16],[100,2],[56,15],[23,18],[43,17],[18,1],[28,-15],[6,-17],[24,-18],[20,0],[32,8],[69,57],[126,-1],[29,20],[41,2],[36,29],[33,4],[29,15],[40,4],[40,19]],[[76136,90230],[14,-88],[30,-107],[25,-64],[51,-71],[132,-111],[80,-52],[74,-95],[79,-138],[122,-127],[57,-72],[40,-99],[8,-32],[17,-199],[23,-26],[79,-37],[39,-39],[20,-37],[24,-78],[36,-213],[69,-184],[59,-77],[67,-117],[44,-50],[17,-32],[17,-52],[60,-317],[39,-85],[11,-11],[30,-11],[90,-8],[85,-29],[51,-22],[59,-41],[32,-33],[168,-225],[188,-279],[81,-137],[52,-115],[109,-201],[26,-117],[52,-40],[25,-42],[19,-70],[14,-109],[13,-33],[105,-102],[104,-163],[149,-149],[36,-86],[40,-159],[21,-28],[83,-45],[33,-8],[9,-16],[5,-16],[-23,-88],[-38,-70],[-6,-88],[8,-18],[-6,-22],[-17,-17],[-6,-47],[-62,-48],[-1,-31],[-7,-9],[7,-17],[-2,-21],[-7,-11],[4,-80],[-15,-45],[8,-22],[-7,-12],[-44,-23],[-29,-47],[-14,-12],[-8,-71],[-8,-16],[-22,-18],[-25,-8],[-23,-25],[-29,-52],[-5,-23],[3,-51],[20,-17],[7,-13],[1,-24],[13,-25],[6,-53],[10,-11],[38,-5],[11,-7],[-5,-42],[9,-18],[28,-21],[11,-18],[3,-40],[8,-7],[39,-1],[9,-7],[8,-42],[7,-6],[41,4],[64,-45],[32,-36],[46,-24],[35,-8],[11,-25],[26,-27],[-3,-40],[13,-25],[-2,-11],[-21,-23],[6,-68],[22,-30],[-8,-47],[7,-68],[-9,-13],[-27,-17],[-3,-11],[29,-9],[-1,-26],[-10,-14],[10,-40],[-18,-27],[21,-23],[15,-38],[-2,-18],[-46,-47],[0,-37],[-12,-14],[-35,-18],[-14,-55],[-46,-82],[-7,-21],[5,-29],[-6,-15],[-18,-17],[-19,-33],[-3,-23],[0,-73],[24,-85],[-2,-15],[-21,-38],[1,-19],[11,-32],[23,-36],[2,-17],[-26,-114],[1,-123],[37,-68],[29,-37],[35,-19]],[[48960,53377],[-77,16],[-123,9]],[[43412,59311],[-38,73],[-37,166],[-41,329],[-11,234],[-19,209],[5,74],[9,33],[35,64],[204,191],[11,22],[15,70],[7,15],[17,14],[19,72],[22,25],[81,62],[40,47],[29,49],[58,147],[-26,101],[-80,80],[-71,184],[-38,60],[-59,73],[-19,54],[-7,74],[-3,52],[10,95],[16,67],[116,341],[36,60],[57,75],[66,65],[21,117],[39,54],[75,87],[12,30],[-1,79],[24,52],[7,36],[-21,51],[2,28],[-28,141],[1,77],[11,182],[31,112],[22,40],[31,39],[139,135],[29,16],[7,27],[-5,37],[-18,53],[-2,37],[-22,97],[-32,91],[-17,34],[-23,28],[15,128],[-6,18],[-45,48],[0,58],[-29,88],[-5,33],[9,17],[30,26],[-48,85],[-8,34],[18,37],[-7,33],[-16,32],[-80,-5],[-50,49],[-82,27],[-33,20],[-96,30],[-28,19],[-15,26],[2,99],[-10,21],[-35,6],[-27,1],[-24,-6],[-46,5],[-117,52],[-31,26],[-29,39],[11,9],[3,13],[-25,21],[-35,17],[-10,30],[34,56],[-10,21],[-121,34],[-18,28],[-27,25],[-17,0],[-32,12],[-74,54],[-9,24],[-1,57],[-33,17],[-19,32],[-5,37],[-62,184],[0,19],[32,6],[82,58],[24,0],[84,34],[19,15],[16,71],[45,94],[768,595],[52,64],[41,23],[64,25],[202,38],[98,-1],[94,-44],[49,3],[118,48],[36,47],[25,20],[87,38],[46,1],[51,-19],[65,-38],[35,31],[10,29],[19,12],[73,6],[121,93],[28,12],[37,3],[46,25],[28,36],[27,14],[68,9],[25,16],[5,16],[-3,68],[17,11],[49,6],[95,40],[4,39],[15,21],[22,13],[14,23],[-16,78],[7,71],[17,38],[78,126],[12,63],[-1,85],[-15,149],[9,52],[-9,32],[-17,28],[-1,24],[13,85],[26,83],[1,30],[-93,99],[2,27],[28,17],[4,13],[-6,75],[-10,3],[-28,38],[9,82],[-25,28],[-33,21],[13,61],[-3,26],[-26,29],[-38,26],[-5,20],[-1,14],[13,3],[9,10],[-14,42],[10,17],[0,42],[12,13],[7,43],[23,40],[-2,30],[-14,35],[10,35],[-10,22],[-27,18],[-17,37],[-23,14],[-49,49],[-64,85],[-12,29],[-54,51],[-15,3],[7,46],[-22,74],[6,43],[-21,54],[-29,23],[-11,20],[-20,51],[8,32],[-15,46],[-14,123],[-35,67],[-11,59],[-39,40],[-22,54],[-21,25],[-10,41],[1,25],[-17,22],[-2,19],[7,22],[-27,146],[-19,37],[-13,5],[-1,29],[17,84],[-6,50],[-48,78],[-3,26],[7,53],[74,247],[64,113]],[[55608,67159],[95,-109],[124,-117],[173,-139],[46,-13],[77,-52],[73,-54],[37,-40],[41,-27],[83,-34],[140,-83],[97,-37],[51,-28],[22,-22],[132,-84],[106,-35],[48,-9],[6,-9],[7,-340],[27,-142],[36,-92],[26,-113],[-7,-78],[-38,-83],[-13,-72],[14,-186],[-6,-130],[-14,-48],[-50,-96],[-99,-138],[-6,-29],[-22,-19],[-11,-64],[5,-115],[-9,-62],[-140,-20],[-49,-17],[-54,-35],[1,-24],[-8,-29],[-57,-113],[-12,-45],[65,-167],[85,-9],[13,-9],[3,-40],[13,-22],[57,22],[15,-6],[-12,-99],[-12,-17],[-79,-64],[-38,-16],[-33,-42],[-99,-67],[-76,-28],[-81,-17],[-42,-1],[-187,-26],[-333,-35],[-38,-13],[-127,-66],[-212,-85],[-20,-35],[-40,-32],[-73,-25],[-42,-24],[-15,-34],[-33,-17],[-65,54],[-42,-8],[-126,16],[-92,-29],[-26,-14],[-38,0],[-64,13],[-235,-20],[-46,11],[-58,2],[-26,10],[-244,-8],[-85,-12],[-76,-29],[-58,-12],[-146,-21],[-38,-19],[-95,-62],[-48,-6],[-35,6],[-80,28],[-121,66],[-64,25],[-69,12],[-24,10],[-11,18],[-11,-129],[6,-72],[-16,-58],[20,-11],[52,-6],[39,-14],[10,-60],[-28,-136],[-78,-201],[-36,-60],[-24,-117],[-36,-89],[-18,-71],[-1,-84],[30,-122],[45,-319],[-5,-35],[-20,-17],[-1,-19],[12,-18],[27,-17],[14,-24],[4,-21],[-14,-61],[-14,-23],[-45,-31],[-23,-27],[-28,-10],[-16,-18],[-7,-27],[-65,-33],[-11,-16],[-23,-7],[-17,-22],[0,-11],[-29,-21],[-28,-41],[-11,-51],[-44,-27],[-29,-37],[-6,-22],[-20,-11],[-23,-37],[-58,-20],[-82,-75],[-54,-26],[-102,-132],[-66,-68],[3,-51],[22,-70],[6,-51],[-22,-27],[-33,-16],[0,4],[-58,-79],[-7,-18],[0,-45],[-42,-83],[-4,-64],[54,-100],[0,-47],[28,-23],[16,-47],[39,-40],[-2,-27],[-23,-52],[38,-47],[8,-21],[0,-37],[34,-67],[-5,-46],[35,-106],[33,-35],[12,-38],[34,-30],[34,-70],[31,-27],[6,-16],[-25,-57],[-29,-20],[2,-20],[15,-3],[33,6],[11,-12],[2,-13],[22,-9],[44,-102],[1,-44],[15,-17],[8,-29],[13,-11],[4,-22],[34,-22],[14,-34],[21,-29],[56,-21],[13,-13],[27,-39],[5,-36],[24,3],[17,-27],[28,14],[17,-2],[-2,-13],[-11,-10],[2,-13],[21,-21],[8,-44],[37,-60],[13,-2],[10,-13],[18,-46],[2,-32],[86,-35],[6,-8],[1,-25],[36,-38],[22,-54],[1,-17],[-15,-49],[-5,-68],[-14,-18],[-7,-38],[13,-34],[-11,-19],[8,-30],[-101,-149],[3,-11],[17,-18],[-12,-25],[-2,-26],[-25,-31],[1,-7],[-71,-111],[-23,-2],[-42,10],[-16,-3],[-43,-17],[-21,-17],[-24,-7],[-18,-14],[-42,-75],[-13,-7],[-45,-2],[-20,-38],[-86,-43],[-61,-73],[-49,-46],[-14,-29],[-32,-20],[-15,-2],[-4,-11],[-137,-87],[33,-80],[-27,-158],[-28,-72],[-41,-42],[-59,-97],[-56,-141],[-57,-78],[-48,-49],[-54,-39],[-42,-22],[-106,-78],[-82,-87],[-160,-80],[-245,-165],[-129,-63],[-61,-24],[-97,-26],[-97,-104],[-125,-153],[-61,-27],[-60,-16],[-190,-166],[-25,-55],[-16,-19],[-4,-40],[10,-40],[-4,-33],[-90,-76],[-148,-84],[-161,-128],[-251,-123],[-260,-150],[-170,-118],[-98,-91],[-16,-25],[-114,-102],[-5,-13],[6,-47],[32,-103],[128,-293],[6,-61],[-17,-78],[-31,-66],[-48,-79],[-202,-229]],[[107619,148651],[1,-243],[-39,-16],[-103,-11],[-34,-56],[-80,-220],[-59,-75],[-127,-69],[-147,-31],[-146,6],[-300,94],[-194,53],[-219,6],[-194,138],[-266,-37],[-87,-44],[-100,-88],[-60,-126],[-20,-157],[-66,-56],[-87,19],[-133,0],[-147,50],[-100,-107],[-93,-19],[-134,16],[-86,-44],[-113,-94],[-220,-126],[-274,-50],[-126,-12],[-93,-63],[-214,25],[-53,-69],[-113,-44],[-267,-66],[-366,-19],[-354,6],[-153,57],[-613,106],[-293,75],[-247,107],[-100,-7],[-40,-25],[-80,-144],[-53,-44],[-127,0],[-106,25],[-294,19],[-233,37],[-246,100],[-174,19],[-140,-54],[-33,0]],[[88978,158292],[35,-2],[31,19],[17,19],[9,58],[43,96],[12,54],[-11,44],[-41,53],[-44,186],[-1,25],[51,195],[73,121],[34,72],[26,31],[73,31],[17,29],[2,43],[-21,43],[-59,68],[-1,42],[18,94],[35,50],[8,69],[56,103],[88,93],[150,129],[13,29],[-3,31],[-78,60],[-77,95],[3,108],[63,124],[-13,38],[-45,67],[-82,95],[-38,146],[-33,65],[-26,74],[-45,81],[-28,2],[-46,-7],[-68,-41],[-51,5],[-28,24],[-5,29],[-26,16],[-101,7],[-61,29],[22,39],[64,80],[7390,4604],[53,11],[422,24],[1241,62],[661,91],[7955,515],[1163,303],[4576,1110],[390,104],[4255,2466],[34,8],[1182,-836],[286,-260],[359,-196],[3291,-2352],[5037,-378]],[[110149,127043],[-3,18],[-27,19],[3,22],[-68,47],[-3,11],[-34,37],[-47,16],[-87,148],[-213,392],[-68,88],[-339,392],[-340,409],[-408,471]],[[110150,131228],[15,-32],[52,-57],[41,-25],[18,0],[88,33],[52,31],[40,13],[22,35],[11,-1],[17,-21],[3,-17],[-5,-52],[36,-55],[13,-5],[19,-1],[49,22],[62,2],[70,19],[48,18],[41,33],[98,-10],[17,3],[49,40],[8,74],[25,11],[18,-1],[5,-10],[13,-64],[27,-45],[36,-6],[89,10],[20,-3],[16,-12],[58,-58],[14,-85],[-47,-63],[-16,-82],[-66,-89],[-69,-175],[-26,-20],[-91,-34],[-11,-12],[-3,-16],[19,-35],[0,-18],[-16,-64],[2,-28],[9,-11],[71,-41],[58,-61],[36,-17],[23,-3],[46,21],[94,83],[44,15],[53,8],[61,-20],[40,57],[23,14],[84,10],[137,-39],[54,2],[7,4],[5,-10],[-5,-19],[-22,-28],[-23,-16],[-66,-19],[-8,-41],[3,-19],[26,-30],[41,-19],[44,29],[48,7],[80,-26],[67,-10],[72,21],[46,38],[17,6],[19,-8],[14,-83],[-7,-9],[-40,-13],[-22,-16],[-5,-15],[8,-15],[87,-57],[15,1],[15,13],[39,87],[65,52],[24,-2],[24,-18],[-10,-101],[-66,-39],[-7,-27],[9,-31],[0,-67],[7,-35],[36,-65],[-25,-23],[-88,4],[-49,12],[-20,1],[-14,-10],[-11,-20],[-10,-51],[-26,-30],[-2,-15],[43,-35],[67,18],[32,15],[56,6],[61,-19],[50,-25],[15,-20],[13,-45],[57,-33],[60,-22],[84,-7],[25,4],[15,13],[13,42],[21,25],[29,12],[47,44],[27,1],[74,-32],[27,-52],[55,-58],[102,-54],[21,-29],[17,-11],[27,3],[105,39],[33,22],[5,10],[-43,95],[-6,43],[14,48],[42,71],[20,47],[25,14],[24,0],[50,-21],[29,-1],[30,12],[58,9],[47,-7],[55,2],[37,32],[64,37],[37,35],[137,55],[28,-3],[74,-42],[7,-13],[-3,-18],[-34,-47],[-27,-24],[-55,-12],[-32,-22],[-51,-51],[-38,-65],[-23,-56],[-49,-44],[-8,-22],[-14,-104],[-15,-31],[-23,-20],[-6,-13],[4,-15],[22,-18],[63,-12],[82,27],[95,70],[36,10],[68,1],[20,10],[45,47],[51,32],[38,53],[106,84],[39,17],[12,41],[18,13],[128,21],[32,-44],[-2,-16],[-39,-61],[-59,-123],[-5,-14],[6,-10],[39,-30],[34,2],[85,34],[27,18],[28,0],[69,-47],[11,-23],[-15,-53],[-14,-35],[-36,-39],[-35,-66],[-63,-73],[-9,-18],[6,-73],[-11,-42],[-22,-8],[-50,-32],[-18,-45],[-1,-33],[-10,-21],[-42,-6],[-23,-12],[-34,-26],[-19,-26],[-27,-130],[-34,-60],[-14,-8],[-36,-1],[-97,-22],[-26,3],[-24,15],[-30,7],[-38,4],[-24,-10],[-2,-41],[21,-26],[2,-82],[10,-29],[18,-14],[80,11],[41,-7],[23,-14],[21,-26],[36,-65],[189,14],[113,54],[15,4],[23,-11],[51,-70],[21,-55],[-4,-20],[-14,-22],[-134,-122],[-11,-20],[-3,-18],[11,-26],[15,-23],[22,-9],[76,17],[87,-26],[31,0],[35,10],[64,43],[50,12],[53,51],[59,24],[48,27],[59,8],[39,-11],[47,-29],[53,-20],[69,-57],[16,-4],[13,5],[56,54],[14,18],[15,37],[57,30],[18,19],[71,96],[23,0],[119,-86],[73,1],[90,-22],[68,-50],[58,-22],[26,-17],[-5,-39],[16,-38],[6,-38],[0,-60],[-20,-32],[-14,-47],[-11,-86],[-13,-39],[-8,-58],[-21,-59],[-12,-10],[-25,-4],[-60,7],[-27,-8],[-67,-4],[-18,-8],[-25,-32],[-51,-96],[-6,-62],[13,-53],[13,-17],[69,-28],[44,-10],[26,-19],[20,-6],[20,8],[21,23],[42,28],[79,4],[47,42],[47,67],[22,11],[15,24],[14,9],[47,-7],[87,-44],[15,-55]],[[116286,127390],[-25,-16],[-81,-25],[-11,-32],[30,-48],[55,-33],[35,-45],[22,-12],[34,-39],[22,-14],[27,-42],[10,-35],[-3,-29],[5,-33],[-7,-80],[15,-34],[0,-54],[35,-41],[4,-21],[36,-32],[11,-31],[0,-28],[-11,-24],[-41,-34],[-41,-16],[-40,-36],[-54,-13],[-87,4],[-21,-21],[-31,-55],[-36,-19],[-23,-22],[-2,-30],[25,-29],[39,-9],[56,5],[48,12],[31,0],[80,-50],[8,2]],[[130462,64937],[-66,-7],[-457,-4],[-49,-77],[-10,-6],[-17,7],[-49,57],[-6,24],[-24,35],[-2,15],[-44,57],[-24,49],[-23,8],[-1,11],[-24,21],[-29,-4],[-144,97],[5,8],[0,43],[-2,14],[-15,13],[-2,18],[15,46],[-7,20],[-21,23],[25,42],[-6,43],[5,69],[9,22],[24,19],[-7,29],[13,8],[2,23],[18,18],[4,19],[10,-1],[10,9],[-19,31],[13,0],[-1,16],[-18,16],[-1,25],[31,8],[14,12],[3,12],[25,20],[2,12],[20,25],[8,40],[9,10],[21,6],[-11,39],[0,10],[13,16],[-3,23],[-29,-3],[-33,13],[-28,28],[-53,9],[-48,-5],[-38,16],[-25,-1],[-51,31],[-118,49],[-156,22],[-48,25],[-64,-2],[-131,27],[-68,19]],[[109107,74260],[-7,7],[-13,-9],[-99,13],[-49,-16],[-77,-44],[-144,-143],[-161,-121],[-239,-290],[-219,-349],[-130,-231],[-32,-168],[-22,-301],[-21,-704],[2,-40],[16,-55],[44,-68],[17,-45],[8,-69],[-48,-322],[10,-139],[-20,-126],[5,-113],[-29,-109],[-15,-89],[0,-149],[32,-165],[68,-280],[11,-70],[-265,-644],[-5,-135],[5,-223],[32,-264],[26,-140],[-10,-80],[-124,-427],[-6,-251],[-19,-329],[-14,-38],[-37,-43],[-220,-335],[-291,-462],[-42,-326],[-49,-126],[-79,-89],[-208,-206],[-98,-124],[-91,-171],[-120,-130],[-305,-211],[-19,-23],[-107,-73],[-201,-88],[-221,-110],[-99,-65],[-64,-59],[-85,-100]],[[105279,64793],[-135,50],[-195,49],[-72,9],[-99,1],[-60,22],[-37,-18],[-63,-49],[-42,-16],[-49,-37],[-23,-5],[-31,9],[-30,-1],[-112,-15],[-64,17],[-29,-23],[-44,-5],[-29,9],[-50,2],[-40,21],[-48,10],[-60,6],[-53,-3],[-62,17],[-44,23],[-62,56],[-105,37],[-31,32],[-23,9],[-38,36],[-18,8],[-127,-1],[-24,11],[-66,15],[-44,4],[-79,44],[-20,2],[-39,22],[-51,-16],[-63,-59],[-38,-22],[-74,-34],[-71,-11],[-31,18],[-41,62],[-54,20],[-60,45],[-14,14],[-20,40],[-100,70],[-119,56],[-63,24],[-82,1],[-88,-16],[-47,3],[-39,18],[-65,52],[-55,62],[-5,37],[-15,21],[-38,28],[-40,58],[-14,37],[-202,-143],[-147,-93],[-25,-44],[-22,-172],[-5,-23],[-9,-13],[-293,-9],[-39,-5],[-98,-70],[-62,-59],[-25,-55],[-105,-62],[-31,-29],[-89,-137],[-43,-26],[-52,-10],[-221,-211],[-142,92],[-51,59],[-22,43],[-19,109],[-45,94],[-69,110],[-69,204],[-36,-12],[-86,-95],[-77,-7],[-60,-36],[-24,-7],[-162,6],[-125,-35],[-242,-89],[-216,35],[-61,-14],[-74,-37],[-69,-16],[-73,-27],[-47,0],[-104,58],[-243,176],[-44,25],[-88,15],[-100,3],[-288,-49],[-393,-122],[-140,8],[-64,20],[-238,-10],[-426,-2],[-186,13],[-107,30],[-121,56],[-152,102],[-50,21],[-332,92],[-99,-7],[-125,-46],[-212,-121],[-73,-32],[-46,-12],[-108,0],[-226,20],[-96,-11],[-201,-51],[-308,-128],[-207,-69],[-139,-56],[-123,-66],[-103,-97]],[[93466,64625],[-99,97],[-117,64],[-97,99],[-24,46],[-65,92],[-27,68],[-25,135],[5,31],[41,91],[8,33],[5,106],[13,56],[16,40],[38,52],[59,43],[101,34],[69,33],[23,21],[32,47],[19,49],[9,81],[-25,97],[-2,49],[73,183],[11,47],[-11,193],[58,37],[46,20],[73,11],[16,22],[43,-2],[67,52],[30,52],[12,96],[-24,135],[16,102],[16,55],[119,31],[22,-3],[32,8],[41,15],[17,19],[25,12],[117,93],[61,13],[11,15],[245,118],[141,80],[186,62],[83,43],[25,7],[112,94],[90,57],[129,74],[100,42],[23,15],[78,106],[37,76],[60,34],[189,38],[88,-4],[113,35],[128,81],[39,12],[40,6],[52,-2],[37,-10],[114,-88],[115,-101],[146,-146],[28,13],[100,5],[29,14],[32,67],[28,39],[21,14],[27,8],[153,10],[56,58],[43,16],[30,-20],[22,-3],[66,10],[33,13],[27,14],[71,56],[11,16],[11,41],[14,13],[320,-156],[27,-6],[16,9],[165,191],[2,15],[-66,80],[-9,61],[-64,12],[-21,11],[-56,58],[-27,40],[9,26],[26,16],[48,1],[39,13],[43,4],[76,53],[44,115],[23,24],[16,57],[41,43],[8,18],[107,67],[28,29],[63,22],[58,-6],[5,4],[75,-1],[37,-12],[21,15],[13,0],[17,9],[174,33],[38,26],[23,-12],[72,-16],[55,1],[44,-12],[59,-5],[73,-41],[18,36],[18,63],[17,95],[-14,120],[-35,90],[-16,73],[-99,299],[-67,97],[-8,37],[-51,77],[-9,90],[-13,45],[3,22],[10,18],[-50,6],[-55,-16],[-29,2],[-10,-23],[-43,11],[-19,10],[-7,15],[1,11],[19,26],[1,11],[-11,20],[-14,2],[-20,18],[-96,32],[-51,53],[-18,9],[-127,41],[-175,130],[-37,57],[-20,57],[8,135],[-16,91],[-71,157],[-32,146],[-11,98],[-14,43],[-86,192],[-5,93],[4,68],[14,82],[24,69],[5,42],[-22,123],[-1,103],[-19,79],[-37,104],[-100,161],[-33,32],[-54,36],[-27,31],[-115,216],[-41,46],[-62,39],[-107,30],[-36,17],[-59,44],[-41,52],[-99,186],[-62,94],[-110,259],[-103,167],[-223,396],[-67,99],[-41,101],[-21,95],[-40,115],[-69,161],[-47,76],[-492,619],[-71,110],[-72,141],[-64,196],[-12,120],[-4,284],[-15,96],[-45,153],[-126,196],[-32,39],[-66,52],[-64,65],[-46,23],[-63,49],[-45,71],[-24,22],[-51,31],[-106,32],[-26,14],[-77,51],[-31,15],[-63,53],[-151,207],[-7,35],[-48,28],[-14,39],[-55,43],[13,18],[-5,62],[-4,14],[-21,13],[-17,27],[-3,42],[5,20],[-17,16],[-6,32],[13,16],[-18,16],[4,27],[-15,16],[9,25],[-15,45],[2,39],[-19,28],[-19,-5],[-13,17],[0,8],[14,11],[6,39],[9,3],[-6,19],[3,36],[-16,19],[3,31],[-15,31],[10,24],[-15,11],[-30,49],[0,16],[19,20],[-4,7],[-23,6],[-27,35],[-25,5],[-4,7],[3,34],[16,36],[-3,18],[-20,39],[-16,6],[-3,19],[6,16],[-26,33],[1,22],[10,23],[-11,52],[-16,16],[-21,45],[-15,96],[-7,17],[-92,112],[-11,32],[-24,442],[2,186],[-12,81],[-18,30],[-11,34],[-11,85],[5,71],[123,389],[24,209],[5,188],[9,53],[26,66],[66,86],[73,191],[39,248],[88,219],[-7,527],[-22,287],[21,124],[74,185],[40,52],[44,112],[9,45],[15,25],[22,23],[63,42],[92,37],[151,77]],[[94849,83165],[61,-125],[65,-261],[38,-91],[176,-241],[79,-54],[122,-67],[47,-38],[123,-46],[49,-31],[23,-66],[-16,-82],[9,-33],[123,-179],[61,-123],[52,-129],[54,-82],[195,-197],[29,-20],[58,-25],[162,-21],[39,-19],[237,-193],[63,-71],[23,-55],[5,-31],[20,-31],[84,-97],[3,-38],[-36,-63],[1,-59],[36,-70],[31,-31],[56,-74],[85,-45],[52,-57],[167,-132],[87,-89],[68,-54],[108,-61],[123,-100],[197,-123],[106,-77],[42,-43],[30,-50],[33,-99],[17,-23],[39,-37],[122,-84],[80,-90],[72,-61],[33,-62],[18,-65],[35,-51],[85,-91],[21,-50],[62,-60],[92,-199],[25,-37],[189,-130],[76,-74],[53,-79],[64,-79],[17,-45],[3,-39],[12,-46],[52,-40],[122,-67],[108,-44],[191,-36],[164,-92],[451,-171],[53,-30],[127,-54],[95,-17],[97,-9],[278,1],[31,9],[55,-10],[3,19],[88,6],[149,33],[114,9],[55,11],[63,32],[92,103],[23,15],[77,8],[106,68],[19,23],[101,69],[62,97],[13,27],[34,180],[18,61],[1,112],[-23,54],[-18,21],[-49,31],[-52,4],[-62,-11],[-45,-20],[-25,-21],[-120,-141],[-59,-84],[-80,-53],[-63,-32],[-27,0],[-32,10],[-28,30],[-16,29],[-52,218],[-24,213],[0,113],[41,0],[-33,104],[29,161],[-18,97],[-66,127],[-116,171],[-38,90],[-8,66],[25,155],[34,70],[62,66],[406,209],[153,117],[34,38],[16,32],[21,98],[-2,89],[-17,81],[-68,76],[-111,97],[-25,42],[-14,35],[-42,238],[11,109],[15,50],[111,168],[32,137],[19,44],[21,32],[77,76],[175,138],[109,115],[75,95],[56,93],[82,94],[209,276],[92,63],[72,30],[61,23],[151,36],[84,36],[46,74],[-16,37],[-5,93],[18,31],[6,78],[28,52],[5,103],[56,75],[37,12],[22,26],[11,22],[6,49],[76,55],[71,36],[65,19],[74,-2],[72,-13],[118,-55],[96,-87],[146,-153],[61,-53],[120,-74],[102,-114],[84,-41],[45,-78],[22,-120],[2,-58],[47,-237],[96,-194],[24,-128],[46,-71],[215,-245],[82,-82],[98,-85],[53,-28],[37,-10],[72,4],[94,-14],[104,0],[144,-61],[15,-14],[71,-37],[31,-28],[25,-8],[127,-105],[71,-79],[57,-35],[43,-18],[29,-10],[93,-10],[51,13],[64,32],[57,0],[94,-14],[14,-15],[78,-37],[115,-11],[379,51],[162,79],[114,21],[138,7],[74,-2],[117,-17],[124,-6],[73,2],[7,9],[48,1],[437,1],[587,45],[191,6]],[[68504,33430],[-57,-8],[-23,-16],[-27,-54],[-27,-101],[-25,-63],[-20,-109],[-13,-20],[-158,-50],[-20,-21],[-59,-98],[-91,-63],[-46,-48],[-47,-26],[-46,-85],[-65,-66],[-37,-96],[-55,-46],[-20,-39],[-12,-75],[8,-66],[-6,-76],[-43,-184],[-14,-36],[-36,-38],[-22,-14],[-24,-32],[-44,-22],[-28,-28],[-3,-11],[-34,-27],[-112,-35],[-71,-61],[-39,-18],[-11,-23],[-40,-25],[-24,-5],[-16,-20],[-37,0],[-10,-8],[-16,-2],[-12,-21],[-26,-11],[-53,-41],[-30,-3],[-31,-33],[-22,-9],[-23,7],[-57,-6],[-21,-29],[-27,-11],[-27,5],[-14,-4],[-25,-17],[-38,-43],[-23,-11],[-51,0],[-38,-15],[-5,-12],[-19,-6],[-16,-20],[-14,-3],[-30,13],[-23,3],[-51,-11],[-78,0],[-17,-7],[-41,7],[-73,-22],[-39,7],[-39,-40],[-54,-17],[-21,-31],[-37,-19],[-24,-50],[-164,-137],[-400,-308],[-38,-47],[-25,-10],[-38,-33],[-302,-315],[-67,-56],[-63,-42],[-65,-81],[-60,-36],[-96,-80],[-75,-91],[-37,-64],[-187,-79],[-80,3],[-30,-24],[-5,-13],[-17,-10],[-9,-2],[-39,11],[-20,-9],[-46,-79],[-50,-33],[-56,-57],[-24,-37],[-18,-16],[-82,-15],[-132,9],[-22,-3],[-298,5],[-36,-17],[-92,-81],[-3,-18],[-80,-80],[-14,-26],[-3,-26],[14,-48],[31,-43],[23,-95],[9,-77],[-17,-59],[-3,-47],[25,-143],[22,-59],[22,-37],[26,-27],[45,-115],[1,-21],[-9,-44],[-64,-120],[-56,-175],[-14,-17],[-15,-6],[-220,94],[-80,-50],[-22,-1],[-114,220],[-134,85],[-64,17],[-85,-4],[-175,-21],[-34,-12],[-101,-15],[-17,2],[-38,30],[-126,165],[-14,12],[-494,213],[-955,1521],[-1583,1068],[-1560,281],[-693,740],[-119,105],[-151,58],[-116,18],[-91,-9],[-185,-39],[-54,-2],[-244,17]],[[55733,32628],[-261,574],[-52,42],[-77,44],[-55,66],[-413,555],[-223,-120],[-27,-8],[-555,92],[-84,150],[-3,18],[3,12],[296,340],[86,656],[9,16],[259,195],[6,32],[-5,73],[19,57],[74,93],[176,162],[81,54],[137,62],[220,197],[96,71],[104,58],[75,19],[424,462],[1,251],[62,18],[27,19],[26,113],[77,-35],[113,-30],[252,-30],[191,11],[0,16],[32,0],[50,-14],[38,-20],[65,-52],[38,-15],[116,4],[53,11],[140,70],[133,78],[31,33],[136,61],[130,74],[53,42],[27,13],[116,159],[60,55],[54,110]],[[58064,37542],[197,-132],[22,-43],[34,-43],[62,-56],[25,-11],[197,-40],[32,-13],[161,-8],[100,9],[79,-62],[142,-31],[33,1],[106,34],[30,1],[132,-18],[54,-17],[66,-1],[146,-19],[96,-36],[110,-55],[282,-85],[129,-46],[45,-51],[12,-32],[7,-44],[109,-159],[19,-37],[75,-79],[55,-24],[64,-43],[18,-6],[192,-34],[106,-41],[193,-102],[122,-81],[454,212],[52,40],[77,77],[174,225],[39,40],[21,12],[8,24],[93,61],[111,53],[29,26],[83,31],[39,46],[41,29],[92,46],[44,9],[42,3],[115,-21],[40,0],[55,25],[33,6],[96,-47],[31,-2],[32,-19],[28,-2],[63,18],[66,-1],[25,6],[32,15],[39,35],[19,9],[54,-3],[124,8],[137,18],[40,-19],[37,15],[31,20],[75,-7],[49,28],[34,12],[59,-26],[69,-22],[62,-5],[41,-31],[35,-15],[67,5],[110,-20],[57,21],[103,62],[39,-8],[51,-51],[25,-17],[18,-5],[32,10],[26,-1],[93,15],[20,-2],[38,-25],[59,0],[5,15],[25,22],[31,-9],[55,15],[55,-32],[37,-4],[40,-14],[10,10],[2,15],[25,1],[8,-2],[0,-18],[36,1],[75,-30],[24,4],[58,23],[59,-24],[47,31],[112,50],[79,20],[76,5],[128,-11],[83,0],[20,14],[15,37],[31,24],[23,-30],[6,-20],[10,-85],[-5,-56],[19,-59],[8,-116],[44,-93],[10,-52],[-5,-56],[-9,-16],[-43,-34],[17,-100],[-41,-53],[-19,11],[-9,2],[-6,-6],[-13,-106],[186,95],[54,0],[50,-6],[102,-70],[253,95],[42,24],[17,16],[15,31],[13,66],[5,114],[-13,91],[-1,186],[25,11],[35,0],[331,-62],[443,-319],[626,187]],[[68280,36784],[-14,-179],[-74,-518],[-16,-210],[-18,-88],[-17,-185],[-32,-214],[-18,-221],[14,-186],[43,-210],[19,-70],[62,-154],[9,-80],[42,-140],[1,-23],[61,-181],[4,-41],[47,-163],[66,-320],[34,-104],[11,-67]],[[55733,32628],[-7,-11],[-95,-28],[-116,-44],[-49,-5],[-113,-30],[-55,-23],[-103,-64],[-54,-44],[-118,-143],[4,-6],[-162,-211],[-48,-75],[-58,-126],[-55,-79],[-228,-196],[-78,-57],[-42,-20],[-47,-11],[-52,-4],[-62,9],[-58,15],[-55,24],[-190,99],[-119,41],[-48,1],[-67,-10],[-83,-38],[-30,-25]],[[51404,45720],[322,133],[527,-37],[345,323],[1246,8],[-54,-118],[-33,-57],[3,-2],[841,-265],[191,-55],[183,-44],[327,-63],[7,-59],[1,-577],[259,-39],[1230,-552],[514,-186],[0,71],[28,81],[-10,35],[-2,72],[-29,81],[-46,59],[-11,28],[1,25],[49,67],[50,49],[30,55],[28,170],[6,68],[58,227],[58,77],[28,27],[101,155],[16,-15],[8,-36],[18,-24],[4,-36],[5,-6],[59,-22],[110,-78],[25,-29],[24,-15],[12,-21],[53,-27],[22,-29],[16,-6],[26,-23],[55,-71],[31,-24],[76,-45],[50,-17],[47,-33],[22,-5],[30,6],[23,-5],[69,-42],[17,-23],[58,-46],[34,-50],[17,-3],[28,4],[15,-6],[19,-40],[1,-46],[38,-10],[30,-33],[25,-15],[54,-86],[47,-53],[26,-24],[83,-49],[48,-53],[197,-175],[15,-7],[130,-183],[-12,-37],[-1,-37],[-20,-18],[-17,-30],[9,-44],[-15,-44],[-2,-68],[2,-20],[13,-20],[2,-63],[-10,-35],[0,-66],[9,-54],[16,-34],[26,-110],[69,-212],[91,-411],[39,-213],[23,-207],[24,-461],[-8,-124],[2,-131],[-34,-256],[-31,-89],[-61,-117],[-34,-27],[10,-37],[-17,-35],[-17,-117],[-3,-9],[-13,-7],[8,-18],[-54,-38],[-39,-55],[-7,-22],[-35,-16],[-46,-33],[-19,-43],[-44,-53],[-29,-60],[-24,-20],[-17,-37],[-57,-44],[-16,0],[-14,-25],[-15,6],[-7,-4],[5,-21],[-12,-10],[-24,-51],[-4,-63],[-25,-55],[-12,-78],[-22,-52],[0,-27],[-31,-91],[-77,-207],[-41,-66],[-44,-104],[-46,-304],[-23,-75],[-49,-82],[-94,-113],[-102,-199],[-111,-168],[-8,-31],[7,-35],[60,-190],[-8,-154],[-11,-63],[-63,-284],[-49,-125],[-79,-161],[-33,-30]],[[166627,79586],[-8,-16],[-34,-24],[-9,-15],[6,-32],[-11,-40],[-1,-71],[-47,-75],[6,-120],[-11,-64],[-18,-31],[-7,-83],[8,-156],[-25,-51],[-10,-40],[53,-75],[-24,-34],[-5,-36],[14,-121],[-7,-40],[3,-49],[26,-79],[6,-40],[-4,-35],[19,-39],[-1,-15],[-37,-59],[-17,-138],[-13,-16],[-4,-18],[8,-34],[-23,-29],[-11,-33],[-15,-22],[9,-36],[-12,-38],[-20,-13],[-4,-13],[-2,-61],[-12,-44],[-31,-40],[-15,-55],[-25,-41],[-6,-57],[8,-47],[-11,-65],[3,-26],[-27,-61],[-24,-30],[-15,-43],[5,-86],[-48,-99],[17,-83],[2,-71],[-19,-46],[-6,-32],[-63,-60],[-47,-106],[-48,-69],[-18,-56],[-71,-83],[-38,-139],[-67,-64],[-42,-65],[-43,-31],[-14,-54],[-28,-58],[-26,-35],[-22,-20],[-41,-21],[-46,-9],[-39,-43],[-42,-25],[-45,-109],[-34,-32],[-42,-23],[-84,-19],[-39,-26],[-33,-34],[-9,-52],[49,-118],[5,-29],[-7,-65],[3,-28],[-16,-40],[-9,-65],[-24,-77],[-11,-26],[-72,-92],[-32,-77],[-20,-118],[4,-81],[20,-35],[6,-107],[-7,-30],[-10,-11],[-9,-50],[5,-34],[-13,-34],[-12,-14],[-78,-47],[-22,-90],[-29,-14],[-16,-17],[-28,-4],[-27,-33],[-32,9],[-37,-10],[-22,9],[-30,-14],[-20,4],[-38,-30],[-25,0],[-20,-7],[-13,-16],[22,-94],[-25,-2],[-73,10],[-37,-22],[-18,-17],[-37,3],[-31,-15],[-34,-22],[7,-19],[-12,-5],[-21,7],[-18,-21],[-46,-5],[-21,-46],[-19,13],[-27,-2],[12,-40],[-7,-14],[6,-52],[-8,-28],[-31,-3],[-29,-41],[-37,-12],[-6,-8],[2,-23],[-12,-13],[-3,-17],[-20,13],[-3,12],[-49,13],[-26,-10],[-13,-17],[15,-89],[-7,-35],[-25,-47],[20,-28],[20,8],[16,-9],[11,-13],[-3,-19],[-25,-7],[-28,-29],[-24,-3],[-38,-15],[-65,-32],[-40,-5],[-24,-29],[0,-11],[11,-21],[-3,-9],[-18,-11],[-6,-12],[-55,-11],[-13,-13],[7,-42],[61,25],[27,-11],[-13,-18],[22,-50],[-5,-9],[-21,-2],[13,-10],[1,-26],[7,-16],[19,-10],[6,-18],[12,-11],[25,1],[60,-49],[14,-1],[27,-15],[8,-12],[2,-16],[-11,0],[17,-23],[-20,-24],[-35,-1],[-11,-11],[-30,-11],[-1,-11],[-21,-17],[-4,-12],[47,-41],[7,-16],[38,-5],[-2,-18],[17,-9],[1,-9],[23,-21],[1,-19],[-20,-27],[-60,-28],[4,-14],[-7,-4],[-174,-43],[-87,-28],[-47,-26],[-31,-3],[-27,-10],[-16,-16],[-25,-10],[-25,-32],[-26,-15],[-65,-15],[-55,-25],[-9,0],[-5,43],[16,26],[-10,19],[-19,3],[-6,-7],[8,-22],[-22,-7],[-2,-8],[-7,-3],[-21,14],[-13,-21],[-8,1],[-15,11],[-2,23],[12,28],[-4,10],[-11,3],[-34,1],[-21,-9],[-8,-7],[-9,-24],[-16,-6],[-35,3],[-6,-6],[-86,-21],[-10,-16],[9,-19],[-8,-21],[-18,1],[-15,-12],[12,-120],[-23,-122],[6,-21],[-3,-16],[-50,-10],[-37,5],[-16,30],[-10,6],[0,19],[-32,48],[-9,41],[7,18],[-3,9],[-26,-12],[-5,-18],[-21,-26],[-35,11],[-10,-13],[-15,-89],[-38,-40],[-15,-29],[-9,-6],[-22,13],[-48,-27],[1,-30],[26,-29],[6,-63],[-12,-22],[-11,-3],[-11,9],[-9,-3],[-11,-48],[-25,-24],[-11,0],[-20,-19],[-21,-3],[-13,11],[-7,-2],[-8,-19],[-17,-7],[-3,-11],[6,-11],[-20,-25],[-13,1],[-5,30],[-10,6],[-53,-7],[-22,-12],[-12,-16],[11,-20],[-3,-7],[-13,-3],[-47,-32],[-18,-58],[-25,-19],[-32,40],[-37,22],[-21,-11],[-29,-44],[-112,-19],[-3,-20],[8,-37],[-5,-12],[-97,19],[-20,1],[-32,-12],[-7,6],[4,18],[-49,-11],[-11,-17],[-40,16],[-44,0],[-17,-21],[-40,-28],[-4,-24],[-55,-30],[-24,-2],[-92,17],[-17,0],[-35,-15],[-11,-14],[26,-4],[0,-16],[-56,-17],[-46,-45],[-16,2],[-25,26],[-25,-28],[-19,-5],[-4,8],[-29,2],[-7,11],[-18,-5],[-15,-16],[-12,1],[-44,23],[-16,0],[-37,-23],[-30,-6],[-33,7],[-25,-14],[-12,9],[-70,-12],[4,-11],[20,5],[14,-8],[-1,-29],[-15,-4],[-26,5],[-58,37],[-37,-3],[-12,-10],[-7,-47],[-13,-26],[-12,0],[-21,15],[-12,2],[-21,-14],[-21,-25],[-31,-4],[-6,-12],[5,-37],[-18,-3],[-4,-22],[3,-20],[11,-9],[19,3],[5,-9],[-29,-28],[-42,-24]],[[160578,71028],[-74,67],[-10,26],[-55,38],[-6,28],[-32,20],[-39,-11],[-35,22],[-1,9],[-24,4],[-79,-59],[-83,-39],[-24,-21],[-32,-47],[-11,-80],[-21,1],[-46,30],[-29,-6],[-164,5],[-110,38],[-151,35],[-215,19],[-144,24],[-113,77],[-146,136],[-124,95],[-111,58],[-184,58],[-29,14],[-17,20],[-53,18],[-74,57],[-96,25],[-18,12],[-32,39],[-31,27],[-39,9],[-8,11],[-32,8],[-50,24],[-19,14],[-11,18],[-39,22],[-37,50],[-10,24],[7,40],[-30,73],[-14,6],[-15,23],[-12,33],[-15,19],[-50,16],[-16,14],[-14,27],[-18,5],[-36,38],[-22,58],[11,29],[7,51],[-27,15],[-22,-8],[-21,13],[-1,13],[-64,92],[-24,6],[-71,36],[-5,16],[-33,30],[-27,13],[-27,34],[-19,2],[-10,16],[-24,11],[-55,6],[-34,18],[-20,-5],[-18,8],[-23,-4],[-18,10],[-39,-2],[-47,27],[-41,-1],[-14,12],[-18,-3],[-23,9],[-39,3],[-26,27],[-58,6],[-6,12],[-50,33],[-2,26],[-72,7],[-103,57],[-73,16],[-73,32],[-20,33],[-63,52],[-3,27],[-26,12],[-67,62],[-38,5],[-48,26],[-61,0],[-48,13],[-32,-4],[47,34],[8,22],[19,22],[7,54],[16,17],[18,4]],[[156185,73341],[14,5],[5,15],[46,21],[28,33],[59,14],[50,49],[60,39],[35,46],[-16,47],[-14,16],[-5,37],[14,7],[12,16],[12,-1],[16,12],[17,-2],[19,11],[5,25],[33,7],[26,52],[56,7],[20,18],[1,12],[28,14],[45,36],[8,14],[-5,38],[48,25],[16,16],[-6,9],[-10,59],[-2,24],[9,13],[48,22],[29,22],[77,76],[45,20],[85,16],[34,-3],[57,-19],[-7,41],[-12,21],[11,150],[-25,65],[10,43],[-6,32],[29,60],[17,58],[50,33],[23,25],[3,12],[45,258],[55,267],[61,362],[95,175],[290,645],[2,59],[52,84],[-10,41],[3,10],[22,20],[8,22],[2,22],[-17,82],[53,26],[-14,12],[-1,11],[44,7],[35,34],[42,6],[86,24],[32,-1],[30,-11],[11,-13],[-55,-12],[35,-27],[16,-43],[18,-5],[15,35],[-1,82],[21,20],[19,10],[9,-38],[18,1],[46,22],[36,41],[0,38],[34,131],[9,61],[40,16],[12,10],[30,-5],[41,24],[25,32],[32,5],[56,22],[15,25],[-6,33],[17,47],[86,25],[73,30],[83,47],[119,81],[181,6],[60,-13],[27,4],[30,-14],[23,-31],[15,-8],[68,-19],[8,-7],[93,-12],[64,-46],[21,-2],[5,20],[-29,67],[-1,24]],[[41629,146223],[-12,245],[21,60],[223,190],[0,39],[-13,22],[-13,65],[18,284],[-2,75],[30,121],[90,241],[26,41],[8,41],[29,66],[19,93],[46,65],[105,193],[8,-3],[1,18],[24,44],[43,60],[18,36],[36,111],[3,29],[48,123],[54,72],[121,126],[5,29],[-31,77],[-62,214],[0,29],[-15,80],[10,41],[49,87],[44,169],[18,36],[83,124],[110,115],[41,17],[69,17],[64,72],[11,44],[0,72],[-49,49],[-68,87],[-38,88],[6,0],[-28,39],[56,231],[15,158],[104,179],[22,25],[30,10],[103,-12],[94,44],[47,31],[52,18],[20,17],[138,56],[181,28],[121,12],[37,20],[59,52],[52,32],[39,33],[-6,15],[-41,33],[-83,91],[-14,37],[76,116],[173,113],[48,52],[-11,41],[-33,72],[-14,111],[14,56],[23,57],[51,61],[10,-4],[20,17],[27,11],[117,30],[31,17],[29,24],[61,114],[38,55],[53,26],[24,2],[74,-17],[74,-48],[4,21],[-41,94],[-17,133],[-24,62],[-19,26],[-10,28],[-17,20],[-28,19],[-23,28],[5,30],[25,22],[81,35],[7,34],[-7,97],[-24,31],[-75,71],[-10,26],[1,66],[34,44],[59,28],[61,17],[53,28],[26,22],[52,77],[38,124],[37,43],[70,60],[48,115],[43,44],[51,25],[153,31],[32,12],[15,31],[6,66],[17,56],[25,43],[42,20],[17,16],[42,19],[88,58]],[[50107,152687],[-107,-458],[161,-222],[70,-33],[152,-108],[47,139],[118,68],[93,24],[149,-92],[109,-159],[27,-21],[52,-22],[175,8],[12,70],[-33,55],[-1,27],[164,10],[319,-204],[47,1],[298,205],[193,114],[104,-53],[60,-48],[106,-9],[106,27],[470,22],[-9,59],[7,167],[-7,35],[-15,35],[4,76],[12,54],[62,123],[50,78],[22,68],[47,64],[44,29],[18,21],[14,44],[-7,31],[-36,64],[-38,37],[-40,22],[-16,145],[81,93],[75,38],[137,37],[25,25],[33,46],[62,24],[297,19],[148,19],[175,4],[26,-23],[38,-89],[78,-110],[33,6],[33,-25],[39,-106],[31,-38],[44,-33],[26,-12],[57,-11],[33,-25],[31,-10],[17,6],[95,86],[25,11],[21,0],[86,-38],[21,-5],[44,8],[86,-18],[119,-38],[71,-44],[17,-51],[66,-111],[58,-50],[77,-50],[69,-76],[22,-31],[11,-61],[22,-27],[201,-147],[4,-34],[-7,-53],[147,-91],[66,-10],[87,8],[86,29],[61,49],[26,6],[35,-17],[25,-48],[56,-189],[5,-61],[31,-67],[6,-93],[38,-76],[42,-39],[40,-27],[1,-27],[-13,-88],[9,-24],[159,-69],[57,-52],[61,-84],[40,-31],[20,-38],[13,-10],[32,-8],[40,9],[40,2],[64,-13],[37,23],[30,5],[25,12],[36,38],[35,48],[65,10],[25,19],[7,23],[15,-3],[40,-19],[-1,-27],[7,-16],[49,4],[63,-18],[20,-22],[29,-18],[60,-53],[35,-10],[26,-17],[81,-11],[7,-14],[56,-45],[22,-2],[0,-30],[28,-28],[33,-23],[9,29],[26,17],[15,29],[13,11],[13,-2],[10,-18],[38,17],[13,-1],[22,-16],[57,8],[31,-12],[19,4],[39,-4],[25,-38],[16,-7],[66,-17],[21,5],[5,-18],[-6,-51],[11,-7],[8,11],[22,-10],[11,1],[15,15],[52,29],[7,19],[-5,33],[19,16],[-5,14],[13,1],[14,-6],[35,27],[57,58],[27,17],[15,16],[3,15],[29,7],[35,39],[22,11],[24,1],[0,-8],[-28,-21],[-4,-10],[16,-23],[0,-18],[-18,-65],[11,-9],[54,20],[44,10],[18,-3],[-3,-44],[-18,-59],[10,-16],[54,-39],[7,-29],[25,-24],[3,-14],[-19,-14],[2,-14],[-6,-13],[-16,-12],[-13,-3],[-25,2],[-14,8],[-12,-2],[-13,-25],[7,-8],[29,-6],[18,-23],[32,-10],[41,-35],[74,13],[26,-8],[11,6],[14,27],[17,7],[7,19],[-3,18],[-15,23],[36,15],[8,11],[12,0],[14,-17],[31,-1],[17,-9],[6,-15],[-4,-20],[-36,-25],[0,-16],[13,-32],[32,-35],[32,0],[39,-24],[48,22],[38,-7],[20,-23],[11,-1],[18,12],[87,-11],[32,-67],[1,-30],[10,-7],[34,-7],[-3,-12],[10,-29],[-13,-8],[3,-11],[10,-13],[12,9],[18,-19],[-1,-12],[-18,-11],[2,-23],[52,-59],[21,-36],[-24,-27],[1,-17],[14,0],[12,8],[10,-3],[0,-15],[33,-46],[8,-34],[6,-9],[12,-2],[28,4],[5,-8],[-16,-27],[23,-13],[41,-45],[4,-12],[-6,-6],[-14,-1],[-11,-16],[3,-27],[-8,-18],[35,-68],[3,-22],[27,-22],[1,-27],[17,-26],[42,-33],[16,-41],[26,-211],[30,-81],[-5,-15],[-14,-6],[0,-27],[-10,-19],[36,-12],[11,-12],[4,-9],[-10,-22],[17,-28],[66,2],[20,27],[16,-4],[21,16],[8,-4],[2,-20],[34,-16],[49,-19],[30,5],[7,-11],[-18,-28],[7,-10],[27,-21],[27,18],[9,-12],[-9,-16],[4,-28],[25,2],[11,-5],[5,-10],[13,2],[15,22],[71,15],[29,31],[31,6],[25,18],[34,2],[15,7],[8,32],[16,-2],[3,-9],[14,1],[5,9],[14,-2],[7,-7],[16,0],[3,-22],[52,5],[40,-31],[86,-13],[342,54],[243,8],[27,-8],[62,-74],[42,-37],[27,-1],[12,11],[68,21],[35,5],[50,-34],[49,-20],[10,-18],[16,-7],[41,9],[14,-6],[29,-44],[5,-19],[-20,-75],[-2,-79],[-34,-33],[24,-37],[19,-8],[10,-15],[-10,-28],[44,-52],[20,11],[13,0],[10,-15],[36,-30],[25,4],[22,-41],[-12,-33],[2,-14],[18,-20],[16,15],[12,-1],[8,-13],[36,-22],[28,-7],[12,-13],[-10,-13],[2,-25],[-7,-11],[0,-50],[20,0],[12,12],[16,-25],[2,-14],[-33,-21],[-6,-32],[6,-13],[18,4],[20,-5],[7,17],[22,4],[41,-104],[8,-26],[-11,-65],[-45,-62],[4,-22],[-11,-10],[-12,-55],[-19,-19],[0,-19],[16,-7],[32,-35],[2,-24],[10,-8],[30,-5]],[[82201,21140],[-3670,708],[-3089,1382],[-308,-1],[-235,126],[-7,-2],[-665,238],[-468,226],[-30,17],[-124,102],[-116,108],[-79,89],[-85,111],[-65,56],[-273,266],[-53,87],[-32,89],[-32,22],[-1,38],[-7,17],[-32,20],[-25,31],[-51,22],[-38,43],[-28,67],[-28,136],[-2,37],[-39,45],[-10,24],[-2,117],[5,27],[17,23],[6,20],[-10,11],[-33,2],[-33,14],[-37,40],[12,34],[39,15],[10,10],[1,38],[-84,96],[-16,30],[-6,32],[-38,39],[-19,46],[-23,18],[-29,44],[-4,47],[13,33],[-4,31],[-63,54],[-46,114],[-43,12],[-85,-3],[-117,86],[-35,77],[-94,134],[-56,102],[-94,112],[-140,184],[-136,196],[-129,204],[-9,44],[14,80],[-14,47],[-32,35],[-33,68],[-55,177],[25,37],[10,29],[-32,98],[13,93],[38,122],[27,135],[18,44],[57,68],[99,91],[130,136],[-14,20],[-120,28],[-15,7],[-9,19],[44,215],[75,177],[16,88],[5,108],[31,69],[121,124],[0,19],[-14,20],[-33,15],[-37,7],[-58,36],[-98,72],[-13,21],[-18,74],[16,32],[46,43],[81,54],[61,29],[149,50],[92,50],[49,35],[110,102],[129,56],[71,10],[38,32],[-36,41],[-277,172],[-280,56],[-76,-2],[-37,11],[-44,1],[-56,11],[-115,45],[-42,24],[-29,34],[-34,89],[-2,21],[-21,30],[-41,39],[-18,-7],[-118,7],[-83,-9],[-66,15],[-17,12],[-42,106],[-111,119],[-80,153],[9,0],[-13,26],[-62,69],[-11,35],[3,31],[28,87],[-3,60],[5,28],[12,19],[45,39],[61,37],[33,34],[58,88],[17,71],[38,251],[48,46],[23,40],[60,163],[-2,67],[-8,23],[5,64],[32,113],[-95,-25],[-35,0],[-53,31],[-75,6],[-43,23],[-26,48],[-22,65],[-29,38],[-14,31],[-13,54],[-19,34],[-13,67],[-33,89],[-88,72],[-79,29],[-137,37],[-116,6],[-187,-19],[-288,-39],[-327,-84],[-94,19],[-79,27],[-96,58],[-137,102],[-202,117],[-122,55],[-124,31]],[[68280,36784],[1,39],[254,856],[4,53]],[[81342,93625],[-68,1],[-80,-28],[-14,-9],[-25,-44],[-109,-96],[-147,-46],[-107,8],[-20,7],[-2,14],[32,40],[4,43],[-20,40],[-11,11],[-21,5],[-29,-28],[-14,-37],[-10,-55],[-8,-8],[-64,-21],[-37,-37],[-57,-21],[-22,-21],[-73,-8],[-51,32],[-36,4],[-29,-16],[-132,-52],[-55,-42],[-39,-20],[-57,-1],[-58,-22],[-27,0],[-46,16],[-22,-2],[-89,-103],[0,-25],[25,-40],[16,-39],[1,-12],[-16,-26],[-34,-2],[-11,6],[-74,96],[-27,27],[-33,22],[-22,10],[-68,1],[-54,14],[-18,-52],[-41,-53],[-19,-11],[-174,20],[-20,-2],[-21,-10],[-14,-22],[-1,-20],[30,-88],[22,-97],[0,-24],[-10,-10],[-21,-11],[-51,-11],[-76,-50],[-21,-6],[-97,-3],[-52,-35],[-44,-69],[-7,-94],[-33,-44],[-40,-6],[-26,11],[-27,23],[-21,33],[-73,0],[-29,-8],[-8,-11],[-5,-48],[-21,-49],[-6,-37],[-23,-21],[-29,-16],[-9,-22],[-4,-63],[-25,-40],[-24,-16],[-12,10],[-6,47],[-7,14],[-27,13],[-44,8],[-28,17],[-34,2],[-55,-42],[-12,-16],[-20,-52],[-19,-27],[-117,-33],[-43,-31],[-5,-27],[41,-78],[0,-18],[-27,-17],[-53,2],[-64,-23],[-46,-25],[-32,-34],[-14,-46],[-21,-13],[-35,-87],[-20,-24],[-32,-68],[-21,-63],[6,-38],[24,-38],[1,-14],[-44,-54],[-13,-29],[0,-18],[15,-33],[-9,-7],[-11,1],[-16,12],[-16,32],[-15,4],[-57,-14],[-36,-33],[-27,-38],[-2,-21],[22,-46],[15,-17],[34,-21],[6,-19],[-7,-29],[-12,-19],[-13,-7],[-62,0],[-42,-55],[-15,-69],[-8,-11],[-55,-30],[-86,-15],[-86,-34],[-33,-41],[-28,-68],[-13,-9],[-31,2],[-30,-10],[-19,-32],[-24,-70],[-45,-67],[-36,-32],[-61,-36],[-15,-30],[-12,-10],[-50,-8],[-51,-38],[-38,-46],[-56,-93],[-14,-5],[-27,16],[-27,4],[-61,-70],[-58,-42],[-76,3],[-44,23],[-91,2],[-52,-19],[-19,-18],[-22,-10],[-33,6]],[[85042,98943],[158,-223],[46,-74],[29,-199],[3,-56],[-6,-32],[-10,-12],[-20,-10],[-143,-33],[-42,-37],[-21,-42],[7,-35],[33,-15],[32,-27],[86,-38],[44,-29],[23,-43],[-1,-46],[-39,-133],[-14,-90],[20,-114],[-1,-62],[-27,-27],[-29,-5],[-62,-43],[-177,-99],[-58,7],[-101,59],[-19,3],[-21,-4],[-29,-14],[-28,-43],[-8,-43],[57,-67],[11,-33],[-1,-25],[-28,-44],[-37,-17],[-15,-14],[6,-80],[-9,-9],[-34,5],[-16,8],[-20,20],[-32,51],[-33,17],[-50,15],[-122,-8],[-8,-6],[-8,-48],[-18,-13],[-13,-26],[4,-14],[22,-21],[-1,-72],[-11,-31],[-24,-13],[-70,26],[-80,3],[-23,-9],[-5,-26],[25,-54],[-14,-35],[-13,-70],[-41,-50],[-5,-70],[-18,-49],[-34,-42],[-51,-21],[-52,-5],[-33,-20],[7,-52],[-9,-41],[-86,-130],[9,-34],[24,-38],[14,-63],[-43,-91],[-46,-37],[-51,-8],[-65,5],[-92,-9],[-19,5],[-10,11],[-18,66],[-8,10],[-24,2],[-39,-32],[-105,0],[-69,-57],[-36,-39],[-20,-5],[-63,10],[-98,38],[-59,13],[-81,-39],[-38,-26],[-23,-26],[-74,-60],[-35,1],[-20,37],[-13,14],[-19,9],[-22,2],[-22,-7],[-39,-62],[-42,-51],[-38,-41],[-19,-10],[-18,2],[-79,59],[-60,16],[-25,17],[-12,24],[-4,28],[9,66],[-11,31],[-31,23],[-22,1],[-16,-8],[1,-245],[-67,-30],[-33,-28],[-17,-24],[-2,-31],[19,-30],[53,-41],[13,-21],[-1,-40],[-12,-16],[-20,-11],[-52,-3],[-49,7],[-22,10],[-22,28],[-28,77],[-12,15],[-15,5],[-46,-9],[-34,-19],[-32,0],[-31,-58],[-27,-24],[34,-44],[12,-25],[4,-37],[-8,-85],[-10,-20],[-41,-19],[-26,-35],[3,-12],[21,-19],[62,-34],[9,-12],[3,-20],[-8,-22],[-41,-39],[-16,-6],[-50,11],[-18,-2],[-13,-20],[5,-33],[-7,-42],[14,-40],[57,-73],[4,-13],[-6,-14],[-17,-11],[-42,-3],[-38,-34],[-15,10],[5,33],[-27,23],[-108,-12],[-46,-16],[-32,5],[-47,-46],[-47,4],[-13,-7],[-12,-22],[-11,-6],[-80,-3],[-2,-7],[37,-29],[-5,-19],[4,-12],[55,-35],[39,-44],[10,-105],[-6,-16],[-11,-9],[-48,-19],[-14,-13],[7,-26],[-9,-18],[-27,-17],[-26,0],[-28,-11],[-21,-36],[-4,-20],[-19,-17],[-10,-52],[-28,-19],[-8,-14],[-4,-31],[18,-41],[8,-79],[12,-16],[68,-50],[12,-16],[2,-48],[17,-54],[-5,-61],[-11,-42],[17,-35],[57,-49],[30,-50],[7,-23],[-3,-75]],[[139571,56765],[-1174,-1426],[-22,-52],[17,-7932],[142,33],[157,17],[331,13],[79,-12],[64,1],[128,-32],[266,-93],[45,-45],[117,-95],[63,-67],[49,-86],[29,-84],[43,-199],[17,-137],[8,-133],[-5,-239],[-35,-197],[-81,-219],[-57,-124],[-50,-82],[-93,-123],[-65,-101],[-112,-109],[-198,-115],[-209,-87],[-259,-67],[-371,-14],[-41,-29658]],[[138354,15301],[-4669,0]],[[156185,73341],[-23,100],[23,125],[-67,106],[-4,48],[-49,69],[-18,46],[-4,49],[8,69],[14,38],[1,52],[-18,36],[-2,130],[-16,94],[-43,44],[-92,80],[-191,113],[-319,162],[-128,49],[-72,18],[-129,77],[-27,23],[-35,16],[-26,27],[-52,11],[-36,26],[-53,23],[-68,42],[-84,42],[-81,59],[-12,14],[-26,13],[-58,65],[-36,27],[-34,50],[-34,32],[-6,34],[10,24],[-7,33],[-58,16],[-21,25],[-12,3],[-12,22],[-95,36],[-58,6],[-16,-12],[-95,-18],[-20,-26],[-140,43],[-160,115],[-89,97],[-4,30]],[[154183,81115],[55,64],[29,21],[-9,16],[5,29],[11,12],[23,-12],[8,29],[43,13],[19,35],[-5,9],[9,40],[21,0],[14,52],[15,4],[-3,10],[26,20],[4,13],[16,13],[35,9],[9,17],[8,-6],[9,4],[27,41],[34,85],[32,28],[45,26],[12,20],[6,28],[3,147],[-6,46],[-10,26],[-23,28],[-110,80],[-29,58],[-11,69],[-19,50],[1,50],[15,82],[-75,126],[0,23],[21,42],[-5,14],[-22,13],[-13,32],[0,21],[63,77],[1,24],[20,70],[-4,27],[10,20],[-2,88],[119,294],[4,52],[-19,57],[-75,99],[-94,95],[-29,20],[-35,41],[-42,109],[-104,336],[-14,88],[-83,89],[-42,23],[-15,15],[-4,18]],[[155723,83834],[51,-33],[-1,-15],[34,-56],[29,-28],[37,-21],[17,-22],[12,-2],[55,30],[28,6],[37,-11],[30,4],[8,-13],[22,-9],[55,12],[14,-8],[31,-4],[50,12],[34,-27],[48,-11],[77,-49],[33,10],[23,-38],[40,-9],[12,-13],[27,11],[60,5],[8,78],[-1,214],[94,-1],[75,23],[97,16],[55,15],[31,17],[35,4],[159,-3],[111,5],[83,-2],[140,-68],[74,1],[45,-8],[4,-1197],[6,-37],[41,23],[64,-3],[39,21],[34,6],[37,1],[44,-10],[30,10],[41,-14],[26,4],[24,-9],[11,1],[10,20],[9,0],[11,-4],[18,-25],[-3,-20],[9,-27],[27,-13],[52,-3],[40,11],[2,56],[16,17],[35,22],[62,12],[62,-35],[40,-48],[30,-65],[35,-24],[55,-27],[17,-41],[32,8],[21,20],[9,-6],[63,-66],[41,-33],[8,-39],[24,-40],[20,0],[46,15],[19,-19],[21,-9],[30,-3],[14,-11],[7,-41],[10,-16],[30,9],[24,-2],[43,-27],[20,5],[22,16],[10,-3],[78,-79],[24,-1],[61,17],[54,-54],[29,-14],[23,5],[29,-8],[72,1],[19,5],[8,13],[18,1],[11,-12],[-8,-22],[0,-28],[10,-21],[24,-21],[27,18],[54,-6],[52,14],[12,-7],[10,-32],[21,-3],[24,8],[13,12],[57,13],[60,47],[5,17],[41,-22],[33,-4],[20,8],[17,29],[0,41],[10,1],[10,-8],[32,-6],[8,-26],[42,-11],[46,39],[18,30],[20,13],[29,-4],[18,-9],[3,-30],[25,-13],[103,19],[25,-14],[-1,-20],[11,0],[30,10],[42,27],[52,-5],[28,-31],[5,-13],[-2,-14],[25,4],[45,-10],[36,20],[14,-20],[47,24],[19,-51],[-27,-27],[17,-33],[16,0],[26,23],[34,2],[22,32],[20,8],[10,0],[20,-21],[15,-2],[9,27],[11,-2],[16,-25],[26,-4],[29,9],[14,-31],[3,-30],[23,-19],[3,-47],[31,-21],[53,-11],[39,-30],[16,-24],[53,-50],[4,-48],[30,-51],[20,-4],[17,8],[26,-7],[9,-7],[17,-55],[14,-10],[31,-9],[27,-23],[62,-14]],[[35696,20816],[-102,-13],[-102,31],[-65,49],[-67,8],[-61,19],[-206,38],[-165,62],[-51,28],[-104,34],[-45,34],[-60,28],[-92,-7],[-124,-41],[-53,-7],[-75,3],[-160,24],[-88,6],[-76,2],[-129,-9],[-108,-16],[-92,-43],[-30,-30],[-19,-31],[-46,-143],[-21,-40],[-34,-38],[-33,-18],[-97,-23],[-98,-46],[-66,-56],[-141,-95],[-229,-114],[-156,-91],[153,220],[94,231],[-4,27],[-74,99],[-136,-32],[-83,0],[-188,-23],[-84,-6],[-333,11],[-64,-11],[-30,-12],[-60,-50],[-32,-46],[-80,-147],[-79,-231],[-36,-30],[-54,-32],[-72,-13],[-152,-2],[-229,8],[-92,20],[-105,38],[-287,46],[-178,44],[-94,61],[-219,199],[-25,15],[-33,11],[-49,2],[-136,-35],[-155,-29],[-221,-2],[-29,5],[-79,27],[-122,56],[-75,42],[-59,50],[-36,67],[-67,198],[-46,78],[-48,39],[-292,94],[-136,37],[-148,27],[-110,-2],[-170,-27],[-42,-17],[-116,-68],[-198,140],[-65,41],[-48,22],[-63,44],[-248,123],[-214,117],[-159,166],[-263,161],[-63,48],[-32,32],[-15,34],[-12,156],[-20,43],[-66,70],[-117,101],[-16,36],[-9,51],[0,50],[-34,113],[-20,14],[-8,23],[-19,23],[-263,292],[-32,46],[-39,34],[-63,87],[-95,115],[-29,99],[-18,19],[-53,34],[-23,28],[-6,20],[-16,10],[-17,29],[-20,10],[-3,11],[-32,27],[-15,62],[-22,35],[-17,14],[-2,13],[-58,23],[-24,38],[-35,7],[-27,32],[0,46],[-12,45],[30,75],[0,28],[23,10],[8,13],[-2,10],[-33,26],[-24,55],[-27,5],[-31,41],[-81,35],[-63,-11],[-58,6],[-54,23]],[[25067,24358],[-6,7],[74,6],[139,24],[178,49],[73,6],[82,19],[15,-11],[12,-43],[22,-29],[30,-29],[57,-35],[22,-33],[11,-7],[45,15],[67,39],[54,39],[57,52],[15,6],[79,3],[46,-9],[36,10],[39,28],[83,32],[127,7],[34,10],[30,16],[40,34],[45,55],[42,30],[60,19],[106,-4],[80,13],[101,-3],[82,6],[71,25],[22,26],[63,17],[40,81],[8,20],[2,31],[39,85],[67,78],[46,37],[107,67],[100,86],[30,45],[31,100],[246,124],[25,25],[4,11],[-13,57],[15,25],[65,39],[91,20],[73,54],[14,34],[15,65],[16,34],[60,82],[127,132],[82,66],[142,159],[33,50],[7,33],[66,141],[59,80],[119,141],[202,204],[32,29],[157,102],[-36,90],[-1,44],[25,66],[105,99],[18,39],[3,31],[-53,82],[-13,35],[17,104],[13,39],[91,146],[13,16],[50,2],[17,16],[45,92],[4,19],[-10,44],[-24,55],[3,25],[21,23],[10,98],[17,29],[-4,37],[13,34],[-22,98],[60,149],[20,31],[29,100],[47,40],[36,7],[75,2],[17,8],[37,99],[-1,31],[-8,23],[-24,39],[-54,55],[-15,32],[-8,63],[47,373],[62,267],[-14,184],[8,51],[90,325],[114,176],[31,67],[91,395],[46,150],[8,48],[9,9],[35,376],[14,71],[28,66],[15,102],[38,164],[30,172],[19,44],[113,140],[19,41],[6,42],[2,81],[-24,79],[-16,159],[-18,49],[-32,48],[-91,60],[-31,30],[-40,66],[-66,83],[-29,22],[-48,21],[-91,16],[-59,35],[-35,59],[-10,87],[-11,24],[-11,7],[-3,33],[6,27],[-11,24],[-14,6],[-23,-6],[-19,5],[-28,23],[-4,53],[-8,14]],[[20135,23850],[-22,-1],[-36,10],[-236,26],[-73,2],[-179,-27],[-77,15],[-58,-9],[-40,-18],[-31,10],[-36,24],[-49,3],[-122,-13],[-27,-9],[-20,-18],[-9,-20],[7,-64],[-6,-139],[-18,-184],[-16,-27],[-60,-45],[-91,-128],[-71,-89],[-37,-33],[-205,-146],[-62,-28],[-215,-11],[-149,-38],[-98,-33],[-25,4],[-75,41],[-29,28],[-58,39],[-15,3],[-15,-5],[-54,-45],[-19,-5],[-20,7],[-36,129],[-69,45],[-44,61],[-31,23],[-152,37],[-23,19],[-31,11],[-42,-3],[-93,-44],[-31,-3],[-24,-9],[-12,-1],[-30,12],[-32,-7],[-69,6],[-41,-16],[-11,-13],[-23,-42],[-15,-45],[-59,-42],[0,-21],[-34,-51],[-88,-70],[-73,-96],[-9,-30],[-15,-12],[-30,-56],[-17,-61],[2,-62],[16,-34],[-8,-37],[-24,-27],[-2,-63],[-7,-33],[-28,-39],[-17,-3],[-53,26],[-29,50],[-53,14],[-20,-18],[-11,21],[-34,0],[-9,16],[-11,4],[-58,-57],[-46,23],[-25,-4],[-3,-14],[-12,-9]],[[16223,22402],[-28,27],[-16,2],[-15,15],[1,10],[23,24],[3,13],[-28,28],[-33,23],[-57,-22],[-32,0],[-22,32],[-46,13],[-34,35],[-1,35],[-23,31],[-19,15],[-45,8],[-9,105],[-32,26],[-20,30],[12,47],[-19,35],[11,28],[6,52],[-17,8],[-18,-8],[-15,-28],[-8,-3],[-13,5],[-8,14],[-1,20],[-7,5],[-8,-1],[-21,-24],[-15,-1],[-12,49],[4,10],[14,8],[4,13],[3,48],[-6,19],[-21,11],[-43,42],[-47,-22],[-27,-4],[-21,5],[-24,-17],[-29,35],[-61,0],[-28,8],[-50,33],[-12,45],[-12,10],[-22,-12],[-47,19],[-35,35],[-2,54],[11,41],[-4,41],[-20,27],[-3,31],[10,11],[12,-13],[11,-3],[3,18],[-15,18],[-21,12],[-1,12],[-47,-20],[-28,-24],[-13,22],[-11,-3],[-25,-29],[2,-13],[13,-11],[-8,-26],[-35,-15],[-6,5],[3,29],[-62,-51],[-21,0],[-26,16],[-26,6],[-7,-10],[-14,-2],[-18,7],[-37,-17],[-29,0],[-57,31],[-22,2],[-16,-17],[-12,-36],[-29,-15],[-12,8],[-11,76],[-6,8],[-16,0],[-23,-15],[-21,3],[-18,19],[10,46],[-10,79],[11,42],[-1,17],[-9,15],[11,69],[-13,17],[0,23],[-19,20],[-4,14],[7,13],[0,24],[28,22],[-4,31],[-42,-6],[-19,4],[-27,14],[-36,35],[-12,3],[-45,-22],[-11,1],[-45,52],[-35,17],[-5,31],[-16,9],[-7,18],[-22,2],[-23,11],[-16,18],[0,49],[-48,18],[-12,28],[-9,56],[-12,14],[-20,2],[-20,61],[0,34],[-20,122],[-52,119],[-154,73],[-21,58],[-8,84],[-14,48],[-117,47],[-54,57],[-70,40],[-40,34],[-18,45],[-3,57],[-27,136],[-53,87],[-55,71],[-70,118],[-100,114],[-84,113],[-27,63],[-37,60],[-24,13],[-3,31],[11,65],[13,13],[-10,49],[14,8],[29,0],[4,25],[-24,27],[8,24],[-9,9],[-37,11],[-4,10],[7,20],[-32,-2],[-13,16],[-16,5],[-25,-12],[-43,3],[-18,9],[-10,14],[10,30],[-15,27],[-72,-16],[-36,8],[-27,15],[-38,-3],[-10,4],[-27,36],[-12,28],[-24,3],[-10,-4],[-3,-18],[-7,-7],[-12,0],[-8,15],[-22,2],[-18,12],[-39,38],[-24,-9],[-13,9],[-17,-4],[-25,13],[-13,9],[-16,34],[-10,6],[-10,-3],[-17,-27],[-7,-2],[-3,21],[-8,10],[8,21],[-2,17],[-33,7],[-41,-3],[-20,9],[-3,18],[11,12],[32,11],[1,9],[-6,2],[-34,3],[-102,27],[-12,-1],[-31,-29],[-9,0],[-4,6],[5,31],[-35,-2],[-56,12],[-40,33],[-15,2],[-15,-16],[-11,-51],[-7,-5],[-14,10],[-24,-9],[-40,-2],[-30,-28],[-48,14],[-34,58],[0,26],[9,9],[-1,17],[-29,33],[-22,11],[-41,6],[-50,-3],[-49,21],[-19,101],[-14,25],[-95,107],[-26,63],[-26,7],[-18,26],[-40,-6],[-13,-12],[-14,2],[4,39],[12,18],[-5,16],[-53,12],[7,45],[15,7],[-2,6],[-30,4],[0,32],[-17,25],[-14,8],[-38,0],[-1,29],[-25,13],[0,26],[-29,-1],[-33,-15],[-3,-11],[-9,0],[-20,10],[-7,16],[-24,8],[-13,-22],[-17,-5],[-23,-35],[-36,-28],[-2,23],[8,23],[-17,26],[8,46],[-34,8],[-23,20],[-58,4],[-4,7],[3,32],[22,60],[-4,9],[-46,40],[-30,11],[-34,-4],[-11,-10],[-29,-1],[-10,16],[0,27],[-13,22],[-19,11],[-45,14],[-49,50],[21,21],[9,38],[34,2],[58,41],[44,88],[32,21],[22,28],[31,76],[71,49],[38,17],[43,41],[28,50],[-5,90],[-8,40],[5,22],[102,41],[71,48],[21,3],[11,-6],[11,6],[57,71],[17,55],[-24,23],[-14,37],[-2,25],[37,24],[76,7],[45,-41],[33,-3],[30,13],[26,23],[1,30],[17,31],[20,64],[21,29],[10,43],[38,41],[34,18],[9,15],[9,36],[-11,21],[14,48],[63,43],[11,16],[28,20],[74,2],[43,21],[21,3],[36,24],[34,38],[35,84],[-5,65],[-15,13],[-35,10],[-43,37],[-39,53],[0,41],[-37,38],[-35,18],[-4,27],[-34,18],[3,82],[-31,34],[-28,8],[-2,7],[32,26],[0,17],[85,4],[20,17],[18,3],[25,-6],[46,-24],[42,-8],[15,14],[1,18],[23,37],[28,-1],[11,-21],[19,-2],[39,38],[40,4],[65,38],[29,1],[25,22],[52,18],[11,32],[14,14],[23,17],[26,5],[3,29],[-7,32],[-16,41],[-38,21],[-37,12],[-27,20],[-296,440],[-33,52],[-8,28],[105,252],[105,230],[113,284]],[[19049,26383],[-98,-5],[-100,76],[-109,26],[-6,-9],[-25,-12],[-67,7],[-25,-3],[-36,-24],[-53,-1],[-131,11],[-29,27],[-18,0],[-73,25],[39,-99],[14,-21],[30,-25],[20,-32],[8,-31],[13,-25],[4,-47],[90,-231],[1,-104],[30,-152],[-4,-48],[18,-50],[3,-34],[83,-30],[27,-19],[6,-28],[27,-49],[1,-32],[-6,-7],[-105,-82],[-42,-46],[-67,-96],[-50,-22],[89,-59],[40,-33],[76,-40],[76,-54],[85,-42],[116,-91],[31,-37],[8,-28],[3,-110],[12,-37],[39,-42],[41,-10],[47,-2],[94,-35],[66,-36],[19,1],[37,-10],[93,-75],[37,-15],[319,-303],[39,-17],[19,-15],[224,31],[27,-4],[10,-7],[36,-110],[33,-161]],[[75503,56105],[32,57],[33,81],[52,91],[257,299],[217,272],[358,499],[148,177],[109,113],[65,60],[123,92],[97,48],[48,18],[99,22],[30,3],[73,-9],[129,-58],[261,-139],[65,-25],[425,-107],[101,-16],[55,-4],[96,-1],[205,21],[151,19],[294,54],[607,75],[48,64],[49,141],[34,159],[35,288],[6,99],[99,161],[48,134],[50,80],[131,405],[4,38],[-16,95],[-6,82],[4,63],[-5,72],[40,174],[24,65],[102,215],[78,121],[69,94],[345,397],[-44,53],[-46,76],[-38,119],[-42,247],[-3,130],[-7,61],[-30,96],[-33,24],[-180,185],[-47,72],[-37,20],[-20,23],[-20,39],[-23,22],[-8,16],[-21,14],[-60,62],[-39,75],[-35,45],[-41,75],[-37,132],[3,62],[29,67],[10,71],[-23,107],[-56,149],[-43,58],[-47,30],[-30,33],[-11,31],[10,65],[15,233],[-17,67],[-19,30],[-77,69],[-102,32],[-127,77],[-30,22],[-28,34],[-12,49],[-1,38],[9,74],[27,120],[2,78],[-36,57],[-124,106],[50,98],[74,121],[52,53],[-52,48],[27,157],[0,30],[-2,41],[-29,80],[-36,37],[-46,25],[-25,39],[-17,51],[-88,163],[-87,125],[-71,81],[-32,72],[-39,18],[-34,33],[-136,194],[-51,51],[-141,105],[-247,161],[-81,41],[-34,11],[-108,21],[238,221],[293,247],[92,89],[97,119],[20,50],[25,167],[11,18],[19,16],[56,17],[31,-5],[27,3],[28,6],[53,23]],[[88001,68756],[-11,-27],[-30,-23],[-20,-27],[-94,-56],[-14,-17],[-3,-62],[2,-55],[10,-35],[26,-19],[30,-51],[87,-87],[16,-56],[-5,-52],[4,-19],[11,-9],[16,-2],[31,-68],[58,-71],[99,-60],[99,-102],[12,-20],[-2,-27],[5,-16],[12,-10],[-4,-27],[7,-15],[27,-26],[6,-26],[10,-14],[14,-2],[19,-14],[36,-2],[12,-10],[-7,-25],[10,-38],[24,-12],[22,-40],[10,-91],[28,-50],[51,-54],[61,-40],[130,-22],[60,-34],[109,-89],[43,-46],[57,-78],[32,-56],[25,-23],[70,-19],[24,-22],[83,-50],[80,-70],[30,-2],[24,20],[41,9],[107,-71],[19,-25],[48,-116],[48,-83],[20,-66],[9,-159],[19,-100],[25,-54],[23,-33],[46,-47],[118,-60],[171,-164],[19,-126],[-9,-63],[-37,-86],[-60,-70]],[[90040,65494],[-284,-195],[-77,-65],[-64,-56],[-101,-135],[-193,-326],[-137,-355],[-34,-61],[-67,-106],[-41,-39],[-89,-104],[-45,-67],[-22,-63],[-9,-55],[0,-69],[24,-95],[34,-79],[40,-62],[13,-49],[16,-16],[8,-44],[1,-64],[-18,-109],[31,-99],[9,-77],[-21,-38],[0,-19],[3,-20],[19,-42],[-6,-11],[-62,-44],[-29,-39],[-23,-9],[-14,-24],[-35,-101],[-30,-144],[-22,-35],[-38,-32],[-44,-58],[-2,-24],[-17,-43],[-17,-79],[20,-69],[-5,-25],[54,-62],[8,-14],[7,-37],[42,-51],[1,-15],[22,-36],[-3,-41],[19,-28],[16,-62],[37,-19],[9,-11],[26,-56],[13,-7],[28,-43],[0,-29],[27,-21],[7,-33],[20,-9],[5,-9],[27,-60],[1,-23],[12,-27],[-2,-64],[23,-11],[20,-33],[19,-2],[8,-6],[26,-27],[13,-31],[38,-23],[20,-28],[19,-14],[12,-39],[26,-30],[12,-30],[46,-30],[-2,-17],[7,-18],[-10,-18],[19,-15],[11,-22],[51,-28],[5,-29],[-16,-57],[38,-31],[1,-22],[21,-9],[31,16],[8,-27],[19,-2],[38,11],[21,16],[8,-1],[12,-27],[17,3],[-8,-86],[41,-50],[-6,-30],[2,-38],[70,-46],[48,-12],[46,-48],[28,-50],[94,-79],[81,-31],[28,-4],[42,-34],[47,-24],[35,-28],[17,-24],[53,-115],[11,0],[14,-16],[26,-16],[88,-34],[31,-33],[22,3],[12,-13],[15,-6],[46,12],[33,-7],[35,-17],[8,-13],[71,-26],[12,2],[28,-22],[59,-4],[23,-30]],[[90801,59991],[33,-75],[28,-90],[98,-155],[10,-34],[23,-160],[7,-122],[28,-121],[11,-14],[21,-128],[-16,-271],[-24,-196],[-5,-207],[-21,-98],[-111,-349],[-11,-83],[10,-128],[39,-125],[30,-51],[137,-188],[155,-171],[27,-43]],[[176975,114462],[5,25],[-9,34],[-2,64],[28,10],[24,-3],[4,22],[16,17],[2,34],[-19,20],[-29,6],[-15,15],[-9,21],[1,66],[10,37],[-21,18],[-5,23],[39,55],[8,27],[-17,103],[-17,13],[-17,-7],[-10,10],[-4,16],[-43,38],[-33,12],[-14,34],[-20,-3],[-3,40],[-23,16],[-14,28],[-16,11],[6,66],[-6,9],[-13,1],[-24,-8],[-3,30],[9,31],[-13,11],[-29,-3],[-41,23],[-3,23],[-23,13],[-8,15],[11,17],[-15,15],[7,18],[-27,33],[-10,70],[-25,-2],[-12,59],[-12,21],[5,28],[-14,17],[-9,57],[5,19],[-2,32],[-40,48],[-15,29],[-51,30],[-33,-7],[-21,47],[-1,46],[-25,6],[-21,21],[-47,5],[-10,6],[-10,83],[-29,8],[-1,50],[-38,40],[-16,26],[-39,-2],[-79,39],[-78,64],[-60,16],[-54,31],[-83,63],[-34,36],[-75,159],[-180,149],[-55,64],[-20,13],[-81,33],[-55,35],[-170,182],[-155,102],[-134,43],[-321,122],[-156,12],[-74,31],[-53,42],[-159,59],[-29,38],[-7,25],[-13,101],[-38,112],[0,91],[-36,120],[-33,75],[-22,27],[-27,19],[-31,80],[-27,51],[-38,53],[-32,26],[6,104],[-96,117],[-148,249],[-73,109],[-228,280],[-181,159],[-35,52],[-35,5],[-8,18],[-51,22],[4,23],[-8,18],[8,16],[-9,13],[-43,34],[-11,20],[-2,28],[12,36],[19,12],[36,8],[18,14],[16,51],[10,12],[-9,14],[10,38],[-30,22],[-1,14],[-21,7],[-3,8],[1,84],[-29,26],[-29,12],[-22,-1],[-23,-51],[-26,-5],[-18,16],[-14,49],[-106,49],[-6,18],[20,25],[-2,8],[-23,31],[-14,8],[-37,2],[-27,28],[-10,33],[16,72],[-9,58],[18,19],[7,62],[-73,70],[-15,2],[-28,-33],[-36,-16],[-49,0],[-16,10],[-4,16],[10,24],[11,1],[35,-19],[12,0],[13,10],[-9,18],[-33,10],[-57,47],[5,24],[34,10],[10,9],[8,25],[10,6],[8,21],[-3,37],[-27,63],[-25,19],[-21,4],[-74,-13],[-56,60],[-23,8],[-43,-13],[-26,39],[-37,71],[18,-12],[11,8],[-7,15],[-36,17],[5,5],[-22,84],[-52,128],[-181,320],[-55,65],[-144,1370],[-114,1306],[6,40],[-13,4],[-22,-17],[-13,-3],[-9,7],[10,26],[-18,-2],[-10,-10],[-7,49],[-27,0],[-29,51],[-13,6],[-20,-6],[-50,16],[-14,32],[-13,1],[-10,-18],[-22,9],[-6,-2],[-10,-19],[-7,0],[-16,31],[-22,8],[-14,-1],[-14,-15],[-15,-4],[-15,4],[-15,24],[-6,-5],[-18,12],[-17,-13],[20,-27],[-8,-11],[-43,36],[-28,-22],[-24,11],[-23,-5],[-31,3],[-105,-35],[-17,-13],[-12,1],[-10,20],[-9,5],[-10,-6],[5,28],[-11,41],[-45,1],[-25,9],[-37,-9],[-23,14],[-21,-4],[-13,-16],[-7,-11],[5,-21],[-24,-1],[-22,-15],[-75,10],[-52,-19],[-44,-10],[-24,9],[-17,-17],[-40,29],[-23,-4],[-28,3],[-38,-11],[-28,27],[-10,2],[-27,-22],[-7,14],[-23,19],[-11,1],[-11,-2],[1,-15],[-6,-4],[-18,-1],[-32,14],[-16,-7]],[[169962,124464],[-2923,3899],[-19,1],[-31,17],[-21,3],[-59,-2],[0,16],[-16,8],[-10,19],[-29,9],[-9,-4],[-4,-35],[-7,-10],[-13,-2],[-10,6],[-7,28],[-104,64],[-15,0],[-34,-25],[-14,0],[-24,17],[-37,4],[-45,-31],[-54,13],[-48,-9],[-61,5],[-80,42],[-27,32],[-18,41],[-1,18],[12,37],[-6,13],[-35,4],[-24,10],[-25,-38],[-37,39],[-66,54],[-2465,3282],[-1324,1789],[3,117],[-6,11],[-10,4],[-30,-1],[-8,14],[10,33],[21,25],[2,52],[-25,-2],[-28,54],[19,20],[-11,40],[1,56],[32,57],[11,0],[9,33],[-40,78],[-3,38],[15,4],[3,24],[24,16],[-8,12],[7,4],[7,21],[18,6],[-8,23],[8,58],[-14,27],[-26,17],[-23,61],[16,22],[-1,7],[-16,12],[10,18],[-15,12],[-3,16],[-12,95],[8,30],[-21,22],[-12,80],[10,47],[16,18],[-8,80],[-12,18],[49,40],[-7,36],[-14,15],[3,17],[12,19],[-23,27],[-9,37],[7,32],[-11,33],[7,11],[-33,36],[9,26],[-25,29],[-4,21],[-31,44],[6,19],[20,9],[-5,16],[-27,11],[-21,-4],[20,27],[1,9],[-34,5],[-29,-7],[-8,26],[-53,64],[-2,16],[14,31],[-26,26],[-33,7],[-3,19],[16,17],[-3,7],[-33,10],[-3,5],[11,55],[-7,25],[12,37],[-31,25],[0,17],[-20,21],[2,27],[-11,19],[5,6],[13,-6],[8,7],[1,6],[-17,9],[23,46],[15,14],[4,89],[-16,20],[-26,8],[-31,43],[-14,32],[-18,9],[-1,12],[8,16],[17,10],[-5,16],[-8,10],[-18,6],[-9,-1],[4,-18],[-5,-4],[-11,10],[11,42],[-12,30],[10,15],[-17,8],[0,8],[15,11],[22,32],[7,27],[-25,71],[-21,25],[-29,22],[-3,26],[22,10],[-55,20],[-41,30],[-11,40],[-30,37],[4,24],[-16,19],[-36,13],[-24,-5],[-12,5],[-11,22],[17,8],[-2,9],[-16,52],[-26,52],[4,28],[-8,12],[-11,4],[-20,-11],[-56,25],[-26,48],[-9,37],[-19,-1],[-22,22],[11,16],[-7,13],[-23,1],[-11,7],[8,7],[6,26],[7,-10],[9,6],[-19,17],[-8,34],[5,33],[-16,40],[-11,78],[5,18],[-26,26],[-2,14],[6,17],[-19,24],[5,29],[-24,37],[-10,11],[-51,13],[-32,25],[-3,20],[-37,17],[-30,-2],[-37,39],[-26,-3],[-19,36],[-45,3],[-16,-3],[-22,-15],[-16,31],[-28,-2],[-3,22],[-13,2],[-13,-6],[-28,19],[-33,50],[-36,14],[-28,3],[-12,18],[13,19],[-7,6],[-41,7],[-23,12],[-6,7],[10,16],[-27,8],[-26,40],[10,29],[-19,21],[-4,15],[7,28],[-16,-4],[-5,5],[-2,47],[-17,6],[2,21],[-33,34],[18,23],[-1,19],[13,21],[-1,10],[-28,16],[-8,16],[-32,17],[-22,0],[-32,29],[-27,9],[-26,20],[-6,23],[-21,-4],[-9,9],[-5,16],[-14,8],[-6,13],[-18,53],[-4,44],[-12,1],[-1,36],[-11,9],[-21,1],[-10,14],[-69,7],[-49,21],[-18,29],[1,19],[-30,33],[8,16],[-10,25],[-24,14],[-33,39],[-34,6],[-17,16],[13,28],[-16,25],[-24,16],[-1,38],[-21,17],[8,26],[-15,1],[-12,15],[-59,8],[1,18],[-21,7],[-26,50],[-12,2],[-6,-23],[-28,20],[-21,-8],[-29,0],[-88,46],[-12,19],[6,37],[-22,8],[-2,22],[-18,-2],[-7,9],[-17,2],[-2,19],[-13,16],[-2,20],[-18,9],[-10,54]],[[168904,145703],[124,-91],[329,-511],[86,-714],[-71,-597],[101,-472],[28,-466],[265,-314],[102,-215],[47,-689],[347,-1822],[1099,-433],[265,-137],[461,-1242],[528,-141],[559,29],[251,-37],[317,470],[224,-135],[114,-259],[322,-135],[359,-104],[153,-87],[433,-915],[31,-23],[65,13],[104,81],[241,-236],[164,-310],[9,-276],[276,-465],[94,-554],[69,-147],[112,-334],[21,-211],[-11,-185],[-284,-1422],[478,-425],[30,-35],[297,-874],[1099,-1108],[234,-529],[463,-655],[544,-412],[342,57],[74,541],[452,108],[116,-153],[223,-1072],[309,-1194],[680,-21],[55,-141],[71,-368],[398,-879],[199,7],[-33,-43],[51,-52],[1,-28],[-24,-90],[-50,-102],[-8,-41],[42,-84],[4,-22],[-10,-7],[-75,-24],[-37,-30],[-50,13],[-20,-11],[-57,-60],[-15,-5],[-32,41],[-13,-3],[-30,-32],[-41,-19],[-19,-20],[-2,-26],[40,-37],[17,-39],[-2,-16],[-21,-12],[-24,1],[-75,41],[-10,-3],[-4,-14],[16,-21],[6,-28],[-14,-12],[-29,-8],[-14,-11],[-12,-39],[-18,-32],[-34,-23],[-7,-13],[17,-37],[-8,-16],[4,-13],[15,-16],[3,-21],[-49,-53],[-10,-24],[-13,-7],[-21,18],[-10,20],[-13,6],[-32,-18],[-57,12],[-8,-18],[3,-64],[15,-65],[-1,-43],[26,-30],[-5,-36],[-55,-28],[-30,-39],[-27,4],[-19,14],[-99,-23],[29,-37],[-12,-11],[-81,-3],[-49,-12],[-19,-15],[-17,-24],[-77,-40],[-19,-2],[-44,18],[-13,0],[11,-54],[-12,-101],[26,-14],[2,-10],[-21,-47],[-1,-22],[11,-99],[-14,-54],[0,-26],[13,-41],[-26,-22],[0,-55],[-49,-85],[-18,-60],[21,-58],[1,-121],[4,-26],[23,-29],[133,-65],[-62,-90],[-4,-17],[82,-543],[308,-1759],[163,-1021]],[[64522,148278],[-22,39],[-49,113],[-190,319],[-664,679],[-259,375],[-75,61],[-63,80],[-72,149],[-350,636],[845,5622],[180,356],[836,1223],[655,1114],[1159,1699],[-9,43],[-33,527],[-1,364],[-108,253],[-431,518]],[[65871,162448],[128,242],[613,325],[205,10],[516,427],[506,395],[1119,326],[1173,397],[958,316],[700,122],[506,163],[247,314],[269,447],[107,101],[97,71],[301,10],[173,62],[252,226],[164,109],[27,43],[57,35],[35,30],[45,23],[26,32],[62,45],[101,52],[102,86],[78,50],[58,61],[119,90],[130,73],[29,26],[52,61],[49,7],[28,16],[46,35],[69,39],[21,27],[12,1],[24,19],[44,14],[44,30],[34,36],[7,16],[122,74],[80,41],[41,30],[6,44],[56,83],[-1,82],[-55,129],[-43,24],[-97,31],[-37,35],[-10,26],[-1,40],[10,36],[38,46],[1,25],[0,20],[-21,32],[-3,23],[18,15],[42,19],[177,49],[67,10],[224,1],[47,-5],[103,-23],[184,-66],[110,-53],[97,-60],[278,-282],[212,-184],[308,-170],[88,-62],[382,-229],[171,-142],[171,-203],[78,-148],[140,-219],[194,-176],[340,-354],[168,-230],[149,-179],[172,-268],[94,-207],[37,-59],[80,-97],[337,-370],[143,-200],[235,-421],[57,-92],[106,-156],[40,-37],[14,-25],[29,-18],[28,-42],[73,-166],[29,-45],[24,-29],[75,-57],[156,-161],[58,-95],[38,-117],[7,-102],[-4,-57],[-57,-115],[-97,-154],[3,-13],[-4,-10],[-43,-25],[-2,-14],[-10,-3],[-4,-8],[15,-25],[-5,-14],[-44,-35],[-30,-92],[-16,-94],[2,-92],[29,-211],[23,-404],[22,-58],[9,-40],[18,-30],[-5,-51],[8,-8],[3,-28],[12,-15],[-13,-28],[0,-16],[16,-30],[10,-36],[19,-32],[15,-13],[2,-38],[13,-38],[-10,-38],[15,-47],[-11,-22],[31,-12],[-6,-19],[16,-18],[0,-49],[-9,-17],[4,-35],[20,-28],[8,-28],[17,-15],[0,-63],[27,-42],[-16,-19],[-11,-47],[-32,-19],[8,-33],[-16,-99],[53,-12],[66,6],[20,10],[26,26],[84,20],[51,31],[44,37],[27,8],[13,0],[36,-23],[36,-15],[114,14],[96,63],[38,48],[54,41],[14,-1],[50,-25],[27,0],[111,21],[26,15],[46,7],[131,-64],[56,-4],[60,7],[60,44],[77,17],[1,-32]],[[90801,59991],[377,-50],[353,-21],[177,-24],[114,-24],[110,-38],[39,-24],[108,-80],[155,-136],[89,-47],[72,-30],[242,-25],[368,-73],[320,-79],[202,-91],[204,-67],[129,-27],[178,-24],[194,-40],[122,-57],[97,-56],[159,-116],[186,-148],[118,-77],[68,-29],[141,-47],[49,-12],[225,-37],[112,-30],[242,-95],[121,-65],[58,-41],[104,-91],[335,-325],[78,-84],[30,-54],[12,-34],[11,-89],[-2,-73],[-172,-264],[-23,-67],[4,-69],[13,-63],[87,-247],[55,-295],[29,-71],[66,-81],[62,-101],[30,-92],[0,-71],[-12,-103],[-36,-120],[-136,-320],[-18,-58],[-20,-165],[-13,-33],[-103,-181],[-39,-93],[-80,-89],[-15,-46],[-3,-31],[-41,-91],[-35,-59],[-62,-73],[-21,-40],[2,-23],[20,-60],[8,-147],[10,-58],[12,-27],[15,-74],[22,-43],[-6,-44],[-27,-12],[-47,14],[-60,41],[-188,110],[-17,4],[-14,-61],[-3,-167],[-6,-7],[-101,0],[-15,-13],[-26,-36],[-12,-31],[-28,-31],[-19,-33],[-19,-51],[-31,-51],[-52,-112],[-14,-16],[-12,-35],[-27,-26],[-100,-72],[-49,-50],[-44,-10],[-25,1],[-39,23],[-71,15],[-52,1],[-19,-76],[-68,-170],[-29,-62],[-31,-37],[-97,-53],[-56,1],[-41,-9],[-78,53],[-130,68],[-14,1],[-11,-7],[-98,-141],[-460,-706],[-50,-132],[-29,-199],[-20,-83],[-17,-37],[-19,-21],[-477,-428],[-216,-186],[-64,-45],[-343,-307],[-94,-69],[-66,-34],[-135,-42],[-70,-12],[-197,-19],[-112,-26],[-51,-17],[-145,-75],[-73,-51],[-62,-52],[-63,-75],[-46,-68],[-58,-99],[-18,-43],[-13,-57],[3,-79],[-9,-101],[-25,-132],[-44,-112],[-111,-193],[-128,-179],[-82,-94],[-85,-83],[-169,-148],[-48,-35],[-169,-83],[-33,-24],[-48,-47],[-58,-41],[-38,-14],[-46,-6],[-71,25],[-24,1],[-39,-11],[-22,-9],[-39,-31],[-54,-65],[-49,-15],[-42,-3],[-22,-19],[-8,-18],[-52,-62],[-24,-11],[-82,-4],[-70,-13],[-52,-22],[-27,-50],[-5,-35],[9,-27],[24,-35],[0,-35],[-47,-46],[-54,-39],[-43,-44],[-67,-94],[-52,-95],[-11,-30],[-18,-111],[-34,-431],[14,-91],[27,-81],[22,-34],[91,-109],[221,-182],[27,-115],[38,-117],[88,-213],[65,-119],[660,-1010],[41,-3177]],[[58546,53518],[-72,-5],[-83,-14],[-52,-30],[-51,-56],[-25,-52],[-11,-74],[4,-31],[28,-66],[17,-67],[-6,-28],[-34,-37],[-109,-74],[-218,-139],[-66,-36],[-39,-52],[-108,-214],[-105,-80],[-215,-119],[-84,-55],[-76,-27],[-59,-8],[-51,1],[-336,127],[-105,0],[-76,19],[-59,49],[-131,174],[-83,87],[-122,88],[-68,20],[-111,8],[-144,26],[-73,31],[-52,26],[-45,34],[-72,67],[-161,108],[-189,102],[-82,40],[-358,114],[-63,40],[-73,59],[-39,52],[-56,94],[-50,154],[-54,71],[-106,114],[-43,79],[-157,174],[-55,98],[-75,113],[-114,83],[-316,72],[-58,0],[-77,-11],[-100,-30],[-210,-39],[-368,-1],[-138,8],[-120,-40],[-264,-142],[-180,-53],[-47,-25],[-24,-17],[-70,-156],[-47,-49],[-118,-72],[-147,-63],[-154,-87],[-212,-99],[-259,-113],[-52,-16],[-126,-25],[-114,-14],[-314,-18],[-98,-34],[-235,-39],[-97,-32],[-223,-41],[-118,17],[-81,1],[-238,-97],[-100,-34],[-64,-5],[-28,5],[-45,19],[-177,101]],[[111833,15301],[-4205,0]],[[99158,42276],[3979,4719],[49,51],[7,0],[-16,5292],[19,36],[477,1538]],[[104842,55825],[112,138],[73,69],[360,211],[49,35],[26,28],[-25,420],[-14,417],[-20,306],[-24,284],[-21,146],[-2,101],[21,319],[-38,320],[-3,59],[11,94],[-10,75],[-15,28],[-57,73],[-97,84],[-44,80],[-34,131],[-12,27],[-22,25],[-71,57],[-17,24],[14,32],[43,50],[0,25],[24,37],[-11,79],[-5,18],[-61,94],[-16,34],[-61,85],[-30,26],[-20,35],[-18,61],[-44,57],[-17,94],[7,67],[-19,43],[1,29],[17,47],[-3,18],[-169,431],[9,35],[112,158],[8,25],[1,80],[12,25],[-1,129],[-16,30],[-1,45],[-38,100],[-72,291],[29,51],[127,107],[117,86],[92,57],[108,85],[35,30],[13,30],[-13,257],[-46,249],[-13,37],[-17,27],[-28,25],[-321,180],[-44,72],[0,42],[-16,36],[-3,52],[3,73],[14,61],[4,187],[78,214],[112,137],[25,127],[100,208],[108,366],[22,50],[75,140],[104,151]],[[157533,106772],[875,333],[2002,1059],[969,687],[3045,2196],[415,736],[749,898],[399,813],[298,715],[774,1326],[109,370],[92,484],[2702,8075]],[[93466,64625],[-67,-50],[-47,-21],[-262,-66],[-209,-15],[-85,-44],[-46,-40],[-84,-105],[-40,-66],[-16,-91],[-29,-50],[-26,-23],[-62,14],[-124,48],[-103,50],[-108,20],[-119,7],[-81,-20],[-116,-52],[-202,223],[-58,85],[-181,196],[-117,146],[-95,162],[-70,93],[-73,88],[-69,55],[-120,47],[-182,120],[-81,2],[-173,-27],[-62,12],[-117,56],[-202,115]],[[81342,93625],[34,18],[61,-24],[98,-23],[55,-46],[94,-18],[49,2],[50,30],[39,2],[24,-9],[62,-63],[32,3],[40,17],[44,1],[16,-17],[67,-119],[32,-20],[66,-1],[7,5],[45,-4],[41,-11],[43,-18],[102,-79],[138,-83],[130,-45],[112,-31],[206,-95],[139,-10],[164,-37],[64,-22],[64,-14],[92,-16],[113,-6],[35,-10],[38,-18],[37,-27],[68,-112],[54,-49],[66,-47],[114,-49],[179,-50],[84,-32],[89,-58],[54,-52],[45,-33],[51,-27],[95,-36],[75,-15],[59,-6],[126,2],[53,-8],[71,-32],[34,-23],[53,-53],[81,-51],[171,-85],[104,-33],[96,-38],[121,-81],[119,-37],[18,-11],[86,-89],[71,-3],[56,21],[32,3],[39,-6],[32,-13],[82,-60],[129,-135],[77,-53],[83,-91],[98,-56],[91,-38],[54,-34],[110,-92],[23,-23],[39,-60],[45,-104],[23,-39],[22,-24],[60,-34],[29,-4],[49,17],[58,32],[46,-2],[29,-20],[13,-19],[15,-51],[35,-45],[25,-59],[52,-69],[20,-47],[14,-86],[10,-27],[66,-92],[45,-88],[57,-42],[76,-29],[112,-73],[54,-43],[58,-59],[87,-108],[19,-13],[77,-8],[41,-14],[29,-30],[41,-70],[34,-24],[25,-10],[103,-9],[75,-16],[27,-17],[30,-33],[86,-122],[42,-37],[48,-29],[40,-11],[263,-43],[65,-23],[39,-21],[75,-74],[36,-22],[40,-50],[18,-43],[4,-50],[27,-82],[77,-66],[4,-16],[-3,-14],[-46,-64],[-7,-26],[5,-45],[11,-23],[41,-55],[54,-44],[102,-112],[52,-92],[22,-23],[63,-39],[31,-7],[63,-49],[11,-18],[4,-122],[24,-34],[32,2],[61,32],[26,7],[57,-21],[21,-21],[48,-93],[28,-19],[137,-60],[61,-58],[78,-146],[19,-15],[49,-18],[46,-10],[163,-19],[0,7],[43,-2],[50,-14],[39,-28],[97,-86],[66,-39],[21,-20],[42,-54],[4,-18],[36,-55],[61,-50],[54,-27],[132,-33],[92,-38],[83,-15],[126,-47],[50,-34],[37,-41],[50,-70],[30,-26],[74,-46],[65,-11],[115,8],[369,-14],[140,3],[95,-36],[64,-38],[42,-37],[10,-18],[15,-75],[28,-31],[79,-53],[138,-42],[131,-78],[143,-114],[35,-36],[26,-69],[41,-54],[54,-22],[102,-96],[33,-13],[76,0],[97,-14],[84,-33],[45,-38],[25,-36],[54,-169],[40,-69],[40,-45],[8,-22],[-5,-136],[-12,-56],[-18,-221],[-35,-191],[5,-61],[19,-48],[35,-54],[112,-109],[46,-59],[24,-49],[8,-35],[-7,-276],[4,-60],[22,-81],[122,-213],[33,-34],[29,-17],[121,-44],[48,-29],[44,-77],[47,-204],[19,-214],[35,-156],[97,-261]],[[149030,53122],[-2005,-2569],[-20,0],[-7,-16],[0,-28],[-54,-67],[-12,-26],[-2,-28],[16,-75],[-31,-44],[7,-23],[17,-22],[22,-17],[28,-5],[22,-14],[986,-3161],[1531,-4075],[-34,-687],[-510,-3080],[5,-5],[-551,-2962],[-660,-3781],[-115,-1794],[-115,-653],[6,-8582],[160,-2158],[-4,-3949],[-9356,0]],[[137458,121906],[11,27],[20,2],[473,615],[375,531],[-45,469],[-199,1410]],[[58686,115454],[-1942,1357],[-1112,493],[-422,179],[-1,2173],[23,49],[-3,62],[-12,12],[-6,-6],[12,-6],[4,-9],[-7,-10],[-15,2],[-17,-30],[28,-23],[-18,-9],[1,-11],[-22,-5],[-23,-1],[-13,5],[-5,9],[-9,-9],[-12,1],[-5,-17],[15,-17],[-16,-6],[7,-22],[-16,-5],[-6,5],[-14,-9],[-13,6],[-13,-7],[-12,5],[-17,-17],[-22,-5],[-28,92],[-14,5],[-59,-1],[-13,-6],[-140,-15],[-53,-13],[-18,-12],[-21,1],[1,-14],[-43,-25],[6,-15],[-17,-25],[-10,4],[-11,-5],[-1,-12],[-7,-1],[-17,18],[-20,0],[-8,-8],[-26,5],[-8,-4],[-13,-22],[-24,-7],[0,-16],[-18,10],[-16,-4],[-18,2],[-1,-5],[-18,12],[-11,-9],[-7,-24],[-18,-11],[-41,9],[-13,-13],[-11,9],[3,8],[-13,18],[-18,9],[-38,-36],[2,-15],[-5,-3],[-16,11],[-6,-14],[-34,-16],[-3,-8],[8,-40],[-9,-13],[-53,-6],[-6,-12],[-17,-5],[-18,-19],[-30,-7],[-27,-22],[-52,5],[-13,-15],[-46,2],[-8,-2],[-4,-11],[-34,16],[-17,-24],[-20,11],[-14,14],[8,13],[-12,-2],[-17,19],[-14,1],[-4,18],[-27,30],[-37,-4],[-13,-20],[0,-10],[-8,-1],[-15,25],[-30,4],[-8,25],[-11,4],[-12,-27],[-17,-15],[-15,4],[-13,-7],[-33,5],[-21,-12],[-8,19],[-21,-1],[-9,18],[-11,-5],[-19,13],[-8,-13],[-6,-1],[-18,23],[-3,21],[12,7],[1,7],[-19,10],[-8,-4],[4,-11],[-12,-2],[-40,20],[-65,-16],[-25,15],[-26,0],[-31,11],[-45,-12],[-33,4],[-6,-30],[24,-9],[-3,-14],[-31,10],[-41,-38],[-24,-7],[-4,-13],[9,-18],[-22,-22],[-6,-35],[-38,-26],[-4,-15],[5,-16],[-12,-1],[-9,-21],[8,-11],[-10,-35],[6,-28],[-16,6],[-18,-12],[8,-23],[-17,-24],[10,-25],[-11,-4],[-27,13],[-23,1],[3,18],[-25,-8],[5,-16],[-5,-37],[-24,-21],[-4,-11],[16,-8],[4,-13],[-17,-56],[17,-6],[-1,-14],[-18,-15],[-54,-15],[-9,18],[-38,18],[-39,-6],[-23,17],[-41,0],[-12,8],[-34,4],[-4,23],[-17,34],[-17,11],[-21,-3],[-3,34],[-13,24],[-57,50],[-66,43],[-8,22],[-7,2],[-8,-21],[-39,-31],[-17,2],[-21,27],[-14,7],[-38,-27],[-50,9],[-8,2],[-7,19],[-40,14],[-4,11],[-42,28],[-15,16],[-12,36],[-52,38],[-33,-12],[-17,1],[-37,-45],[-9,11],[-23,-3],[-42,53],[-14,-5],[-5,-20],[-6,-1],[-12,33],[-13,14],[-20,7],[-34,-20],[-28,19],[-41,11],[-35,76],[-12,15],[-15,65],[0,33],[-6,5],[-25,13],[-28,-6],[-27,2],[-40,-14],[-2,6],[-13,-3],[-15,11],[-8,-2],[-22,16],[-30,-3],[-37,9],[-30,28],[-7,30],[-23,17],[-7,31],[-22,12],[-17,23],[-2,21],[-11,8],[1,10],[-36,27],[-1,18],[11,17],[-9,31],[-39,4],[-18,-33],[-10,-3],[-9,8],[-14,-2],[-10,18],[-14,-1],[-45,33],[-17,5],[-56,-9],[-22,17],[-9,20],[15,37],[-10,42],[-12,11],[-45,19],[-19,17],[-139,66],[174,-35],[117,1],[106,48],[60,40],[57,110],[7,43],[-85,77],[-65,70],[-118,67],[-20,61],[5,40],[-8,25],[-13,21],[-55,24],[-35,29],[-8,35],[-21,14],[15,52],[-26,53],[-22,58],[-2,22],[-14,31],[-50,45],[-23,35],[2,125],[49,128],[29,29],[87,45],[-1501,1116],[-38,-35],[-14,32],[-1,25],[6,0],[22,31],[-2,5],[-12,1],[-2,-5],[-4,7],[-15,2],[-21,19],[7,23],[-5,14],[23,14],[-14,-4],[-1,23],[-21,21],[-16,3],[2,-11],[-23,-65],[-12,-5],[-14,4],[-31,-5],[-10,8],[-5,16],[18,27],[-5,12],[-9,-6],[-27,6],[-10,-19],[-24,-23],[-15,-4],[-10,5],[7,27],[9,11],[-4,19],[7,15],[-17,15],[-16,-4],[-9,9],[-33,7],[-25,-15],[-45,-1],[-15,3],[-11,19],[-39,2],[-41,12]],[[48831,122729],[8,77],[25,78],[101,232],[47,51],[15,9],[46,56],[32,21],[19,26],[24,7],[16,20],[0,12],[16,16],[18,17],[25,10],[4,13],[-5,22],[3,19],[9,9],[3,26],[18,2],[13,-6],[23,11],[-21,33],[28,64],[-4,42],[-4,8],[-16,6],[35,76],[-11,43],[7,50],[66,136],[90,246],[8,26],[-3,50],[22,27],[3,19],[-10,49],[22,-1],[14,-24],[13,12],[6,57],[34,41],[1,10],[-11,10],[1,41],[8,17],[35,40],[11,23],[4,40],[33,83],[11,113],[21,28],[12,52],[11,19],[-16,42],[2,10],[7,10],[0,15],[29,46],[1,24],[11,-3],[11,13],[-8,46],[38,71],[17,67],[14,22],[13,-5],[12,17],[19,79],[4,41],[4,10],[17,3],[8,11],[9,32],[-2,20],[26,11],[18,54],[23,15],[16,2],[5,37],[16,16],[-5,16],[20,6],[17,49],[10,57],[13,10],[2,-25],[34,-14],[41,21],[4,7],[-2,6],[-23,5],[-5,7],[10,23],[21,7],[23,0],[23,13],[49,-13],[32,22],[32,9],[34,26],[23,6],[16,12],[17,25],[6,35],[45,35],[15,35],[24,11],[44,59],[57,6],[29,16],[30,-36],[19,21],[19,-3],[38,10],[3,5],[-7,17],[-20,17],[14,35],[34,45],[1,52],[8,7],[28,-9],[14,2],[12,10],[8,31],[9,12],[33,-37],[15,8],[-5,40],[-26,-2],[7,22],[-8,18],[-11,-19],[-50,-7],[-51,6],[-21,18],[-21,43],[0,27],[-69,-5],[-83,23],[-70,-31],[-92,-1],[-48,4],[-69,46],[-29,3],[-334,-94],[-39,-2],[-203,88],[-260,244],[-99,118],[-69,116],[-101,143],[-138,160],[-95,121],[-137,153],[-293,438],[-67,128],[-20,103],[32,73],[24,18],[-2,18],[-28,57],[4,20],[17,18],[6,24],[56,42],[49,59],[34,22],[-45,40],[-2,31],[9,16],[34,20],[21,-12],[24,4],[-9,28],[77,10],[79,-10],[26,11],[15,94],[0,53],[8,18],[-8,22],[49,26],[19,-28],[5,-54],[28,-12],[19,18],[34,-2],[17,-18],[15,2],[31,52]],[[63471,132286],[-72,-81],[-33,-62],[-88,-253],[-54,-111],[-44,-47],[-184,-142],[-87,-89],[-183,-231],[-21,-63],[-20,-37],[-27,-92],[-108,-101],[-38,-58],[-140,-176],[-15,-103],[33,-63],[-15,-36],[-67,-69],[-27,-46],[-39,-115],[-5,-100],[39,-60],[63,-130],[81,-197],[57,-96],[48,-66],[82,-81],[203,-240],[149,-165],[75,-31],[102,-53],[130,-43],[58,-30],[80,-65],[211,-215],[86,-97],[39,-28],[0,12],[104,-73],[89,-115],[67,-132],[13,-14],[13,-39],[27,-146],[0,-173],[15,-218],[21,-165],[88,-291],[24,-63],[165,-188],[46,-264],[87,-147],[97,-91],[129,-75],[326,-117],[33,-29],[57,-3],[117,-21],[231,52],[110,7],[66,-4],[173,-35],[76,-35],[61,-38],[55,-45],[122,-125],[71,-95],[33,-56],[-13,-94],[-23,-47],[-35,-41],[-114,-166],[-4,-97],[-45,-53],[-62,-58],[-199,-125],[-120,-65],[-52,-42],[-95,-49],[-75,-30],[-212,-32],[-150,-54],[-106,-71],[-124,-115],[-106,-132],[-49,-84],[-32,-60],[-90,-232],[-47,-209],[-22,-78],[-18,-43],[5,-28],[-16,-134],[6,-326],[-17,-396],[-51,-403],[-39,-240],[-42,-98],[-47,-157],[-80,-169],[-71,-109],[-138,-180],[-3,3],[-101,-109],[-60,-52],[-112,-84],[-300,-183],[-58,-25],[-151,-85],[-288,-122],[-357,-122],[-378,-139],[-237,-116],[-30,-30],[-224,-131],[-186,-120],[-394,-292],[-112,-92],[-215,-194],[-349,-349],[-73,-89],[-170,-179],[-219,-284],[-11,-26],[-11,-5],[-129,-245],[-53,-88],[-45,-101]],[[140739,89760],[-21,-7],[-104,12],[-329,-37],[-153,-11],[-323,-55],[-99,-28],[-56,-43],[-36,-39],[-302,-384],[-115,-77],[-90,-86],[-167,-142],[-40,-19],[-75,-24],[-166,-17],[-137,-2],[-174,-28],[-229,-47],[-27,1],[-461,133],[-131,20],[-121,2],[-215,-5],[-210,-17],[-124,-26],[-46,-19],[-103,-18],[-518,-48],[-456,-66],[-253,0],[-37,8],[-27,14],[-27,34],[-40,70],[-36,111],[-20,124],[4,214],[-43,71],[-24,65],[-33,59],[-40,55],[-37,35],[-31,15],[-139,22]],[[134928,89580],[10,53],[-2,76],[14,203],[25,92],[36,76],[22,29],[65,58],[297,166],[114,77],[130,128],[32,52],[87,189],[74,132],[134,153],[75,53],[155,81],[105,20],[67,2],[101,-24],[285,10],[471,-16],[40,7],[27,14],[25,24],[45,176],[35,60],[49,59],[38,31],[31,17],[115,47],[100,67],[30,5],[159,-30],[36,19],[19,59],[19,26],[22,18],[37,13],[92,10],[40,-3],[23,-10],[95,-63],[68,-26],[156,11],[114,64],[61,55],[44,51],[38,60],[60,139],[25,74],[37,842],[22,231],[38,168],[32,72],[122,168],[92,142],[173,307],[225,518],[14,-4],[10,23],[82,260],[-10,73],[0,162],[-7,28],[29,125],[69,194],[17,106],[62,212],[104,202],[17,65],[10,72],[0,67],[-29,168],[1,45],[34,455],[11,34],[32,30]],[[140055,96929],[50,14],[73,59],[45,27],[46,47],[15,27],[8,29],[24,258],[25,79],[19,23],[74,42],[132,57],[35,43],[2,19],[-10,23],[-22,28],[-37,31],[-125,68],[-60,41],[-98,111],[-36,71],[-24,70],[0,196],[28,70],[64,62],[286,351],[59,60],[17,34],[62,67],[34,59],[236,509],[60,154],[47,151],[102,204],[63,87],[45,36],[63,28],[81,15],[87,3],[267,1],[57,-7],[106,-14],[64,-13],[78,-25],[133,-21],[356,20],[72,-9],[113,-25],[52,-22],[79,-38],[183,-131],[15,-5],[20,7],[39,49],[88,160],[59,84],[100,93],[87,56],[72,33]],[[19723,75177],[-58,50],[-1,47],[-23,40],[-25,15],[-31,31],[9,22],[33,9],[58,-11],[18,12],[8,31],[-12,36],[-22,25],[-5,27],[9,18],[52,24],[51,3],[20,8],[12,20],[10,37],[24,30],[11,37],[17,9],[40,-4],[14,-22],[-8,-64],[6,-32],[18,-27],[35,-16],[31,10],[22,22],[7,23],[-14,56],[18,125],[-6,51],[-26,34],[-103,30],[-12,17],[-3,22],[23,21],[29,9],[77,-13],[37,-33],[79,-139],[31,-24],[48,-11],[32,12],[23,59],[-10,53],[-41,72],[-4,33],[16,41],[37,17],[29,-9],[50,-35],[22,-3],[16,10],[5,16],[-4,23],[-57,68],[-17,41],[-32,44],[-83,29],[-59,-7],[-21,29],[13,31],[29,25],[81,23],[59,4],[35,17],[8,48],[-20,17],[-22,11],[-73,1],[-18,5],[-7,11],[5,13],[94,36],[36,25],[18,36],[-6,37],[-47,61],[-7,24],[3,22],[26,35],[45,14],[17,13],[3,37],[-15,53],[5,37],[19,37],[29,85],[37,32],[22,9],[39,4],[33,-24],[37,-59],[33,-18],[27,0],[47,22],[29,57],[-3,40],[-38,44],[-95,42],[-53,52],[-9,56],[25,53],[43,22],[54,6],[51,-31],[11,-34],[5,-56],[20,-70],[33,-47],[26,-18],[58,1],[47,39],[30,51],[6,48],[-24,59],[-42,34],[-114,18],[-45,37],[-23,44],[12,33],[57,35],[46,-2],[29,-17],[59,-98],[43,-34],[46,-12],[51,11],[24,35],[0,26],[-20,26],[-149,114],[-62,22],[-56,4],[-83,-12],[-17,31],[11,38],[87,37],[72,-4],[123,-50],[53,7],[33,25],[15,33],[-6,22],[-42,45],[-81,56],[-42,38],[-9,50],[29,28],[55,5],[93,-56],[77,-103],[54,-37],[43,-47],[33,-12],[42,6],[24,34],[3,36],[-22,55],[-24,23],[-20,155],[-19,59],[-1,66],[31,30],[45,-1],[32,-32],[17,-47],[1,-45],[19,-51],[21,-30],[45,4],[50,20],[65,53],[66,17],[39,-6],[55,-42],[44,-15],[36,17],[32,35],[3,37],[-34,40],[-48,29],[-66,6],[-69,-8],[-83,6],[-43,44],[6,54],[55,34],[41,2],[85,-17],[53,6],[43,46],[-7,34],[-43,56],[-48,44],[-4,34],[25,27],[37,3],[34,-36],[59,-100],[16,-47],[32,-38],[39,-19],[34,8],[23,18],[16,69],[7,11],[20,10],[21,-7],[22,-41],[24,-6],[33,4],[30,18],[20,46],[0,40],[-29,22],[-30,38],[11,40],[14,20],[39,10],[14,13],[-4,19],[-28,11],[-52,-13],[-53,-27],[-37,-5],[-29,17],[-19,34],[14,56],[78,78],[115,48],[152,7],[38,29],[12,51],[-6,22],[-17,21],[-70,24],[-60,-26],[-46,-35],[-56,-22],[-82,-5],[-54,25],[-18,52],[7,32],[75,53],[58,12],[45,27],[24,67],[-27,84],[-55,26],[-59,11],[-27,20],[-8,41],[19,35],[45,24],[28,30],[7,41],[-17,23],[-25,4],[-74,-16],[-8,12],[13,14],[44,20],[21,29],[22,121],[21,33],[38,9],[38,-20],[26,-34],[18,11],[4,23],[-27,42],[-72,53],[-40,40],[7,59],[20,53],[45,34],[50,64],[18,62],[-32,152],[-24,35],[-23,1],[-94,-60],[-70,-17],[-50,20],[-19,47],[19,47],[33,34],[73,15],[39,27],[21,27],[-4,33],[-21,22],[-112,13],[-33,12],[-23,37],[13,29],[71,9],[77,-12],[61,-26],[63,-2],[27,35],[9,42],[-28,42],[-49,19],[-59,5],[-52,17],[-13,43],[21,43],[59,51],[6,56],[-12,68],[43,31],[42,3],[54,-14],[43,4],[5,32],[-8,24],[-41,18],[-32,6],[-15,26],[8,27],[30,11],[41,-16],[45,5],[10,33],[-7,32],[-23,22],[-56,15],[-88,-10],[-40,33],[-10,38],[14,36],[39,36],[69,33],[50,42],[17,42],[-11,67],[11,48],[22,44],[27,31],[121,6],[41,18],[49,53],[4,20],[-47,91],[16,34],[29,27],[48,11],[19,14],[2,21],[-25,28],[-64,25],[-13,32],[8,34],[26,25],[91,34],[36,28],[13,37],[-7,31],[-24,19],[-67,20],[-34,27],[-14,26],[27,118],[-7,45],[-24,32],[-42,31],[-35,40],[-40,104],[0,52],[-34,49],[-8,45],[8,23],[68,33],[9,19],[-4,35],[-21,50],[3,37],[29,44],[33,26],[46,20],[27,23],[29,43],[27,19],[83,-16],[20,15],[25,47],[68,79],[26,13],[33,8],[102,6],[113,31],[52,-7],[22,8],[18,67],[19,11],[13,-8],[14,-35],[30,-14],[58,-1],[37,19],[20,41],[-32,62],[4,34],[36,53],[55,35],[81,7],[35,10],[21,35],[-4,24],[-50,57],[7,31],[43,30],[0,18],[-58,57],[-7,24],[25,32],[137,-25],[53,42],[19,84],[30,6],[29,-7],[41,-66],[171,21],[193,121],[32,94],[59,52],[64,-3],[34,-22],[39,-66],[11,-85],[25,-37],[33,-21],[67,4],[24,-19],[-7,-61],[9,-50],[38,-11],[45,5],[1,104],[103,25],[119,49],[29,-4],[34,-29],[15,-25],[-17,-28],[-65,-5],[-25,-16],[-9,-27],[19,-33],[82,-1],[32,-14],[5,-92],[38,-54],[1,-40],[-29,-59],[-8,-43],[11,-23],[30,-22],[45,3],[53,25],[43,53],[41,12],[39,-5],[19,-18],[43,6],[20,22],[0,89],[36,14],[44,-16],[61,-41],[24,-124],[31,-28],[28,-12],[54,3],[63,32],[46,-8],[79,-37],[47,15],[45,31],[22,35],[19,121],[-12,131],[19,38],[65,63],[5,60],[-23,44],[-69,54],[-8,34],[10,34],[54,43],[19,45],[2,98],[56,55],[46,34],[46,53],[75,67],[2,27],[-6,27],[-25,39],[0,29],[31,27],[66,-15],[32,16],[18,27],[0,69],[29,28],[83,8],[23,15],[12,68],[19,50],[83,88],[58,92],[108,12],[106,-19],[62,-39],[106,-32],[44,-26],[22,-88],[79,-27],[52,-77],[224,9],[86,-40],[96,-118],[203,106],[132,-62],[135,104],[123,43],[32,108],[231,28],[97,-74],[59,-157],[154,22],[312,218],[137,-17],[168,124],[202,-11],[130,-99],[160,71],[128,48],[126,146],[139,83],[173,57],[221,-54],[115,45],[89,12],[42,-7],[30,-20],[22,-41],[67,-12],[32,-39],[113,-52],[89,1107],[27,23],[26,39],[14,3],[658,747],[1015,3]],[[30483,13479],[-78,56],[-20,23],[-2,61],[-15,9],[-17,1],[-10,-7],[-16,-26],[8,-47],[-86,3],[-2,14],[18,14],[30,46],[-8,13],[-32,7],[-83,-6],[-32,-37],[-62,3],[-40,11],[-5,16],[-12,12],[-33,13],[-14,25],[-44,28],[-9,1],[-20,-17],[-22,1],[-16,13],[-33,3],[-47,20],[-18,14],[-24,1],[-29,14],[-13,-13],[7,-20],[-5,-4],[-14,4],[-13,17],[-7,43],[-9,4],[-12,-5],[-25,10],[-15,-53],[21,-13],[2,-14],[-69,8],[0,13],[9,4],[2,8],[-8,9],[-36,1],[16,-31],[-8,-22],[-14,-8],[-10,0],[-31,27],[7,46],[-6,5],[-54,5],[-52,-45],[-18,28],[-25,2],[-7,-30],[-28,-6],[-20,-18],[9,-59],[13,-18],[-42,-3],[-6,-6],[9,-62],[-15,-8],[-17,1],[-31,21],[-2,9],[16,23],[20,11],[0,16],[-23,6],[-29,-24],[-35,-73],[-27,-19],[-13,-18],[13,-12],[57,5],[20,-14],[-59,-32],[-99,-1],[10,-39],[-19,-38],[22,-36],[-3,-32],[-14,-16],[-35,2],[-6,-11],[4,-18],[-6,-6],[-54,-11],[-36,5],[-29,-13],[-20,-2],[2,14],[-6,10],[-34,-9],[-10,19],[-28,10],[-23,0],[-10,16],[-18,-16],[-15,-1],[-14,15],[-40,8],[-95,-31],[-36,37],[-45,-39],[-14,-5],[-18,12],[-13,-12],[-11,6],[-18,35],[-21,22],[-32,-27],[-26,-10],[-9,25],[-37,-15],[-14,1],[-62,44],[-7,-3],[-7,-55],[-16,-14],[-37,38],[-23,34],[-28,18],[-19,-32],[2,-7],[34,-20],[-1,-11],[-14,-15],[-9,-5],[-49,8],[-50,-24],[-19,0],[-14,15],[27,34],[-11,10],[-21,4],[-25,-26],[-27,-7],[1,-23],[-55,-57],[-34,-21],[-18,-5],[-2,-27],[-35,4],[-2,-22],[-14,-22],[-27,-6],[-14,10],[11,45],[-5,7],[-38,-18],[-20,-1],[-29,10],[3,23],[-61,17],[-6,-26],[2,-32],[-7,-4],[-18,33],[-22,14],[-26,7],[-36,25],[-34,-1],[4,31],[-21,9],[-2,13],[-10,12],[-11,5],[-45,-7],[-33,30],[-23,-2],[-38,50],[-47,-88],[-31,-15],[-49,-48],[15,-40],[36,-3],[-2,-13],[17,-15],[-31,-34],[-9,-25],[-38,17],[-29,0],[-9,32],[-8,6],[-27,-9],[-15,8],[-6,21],[-50,68],[-52,1],[-52,-9],[0,-21],[20,-23],[-7,-4],[-18,9],[-27,45],[-26,12],[-27,3],[-48,-3],[-9,6],[10,32],[-8,12],[-67,-3],[-7,12],[22,33],[-34,53],[-20,2],[-51,-19],[-35,-27],[-30,-63],[-4,-23],[-28,-1],[-22,24],[-20,9],[-1,26],[-15,9],[-8,-2],[-3,-6],[45,-89],[2,-13],[-16,3],[-47,-7],[-1,-15],[-8,-6],[11,-24],[30,-20],[11,-18],[-35,-36],[-18,18],[-22,-14],[-41,1],[10,-35],[-14,-22],[-16,-5],[-1,-11],[15,-13],[-9,-34],[64,-2],[4,-67],[-5,-78],[10,-18],[13,-4],[2,-10],[-14,-5],[-12,-11],[2,-7],[-23,-19],[-24,14],[-15,-25],[1,-21],[27,-18],[-5,-15],[-15,-10],[14,-29],[-38,-44],[17,-14],[2,-51],[-6,-13],[-8,16],[-13,3],[8,-20],[-10,-6],[-20,-8],[-31,2],[-14,-15],[-14,2],[-25,-23],[-8,-2],[-16,18],[-18,-4],[15,-14],[-1,-6],[-17,4],[-18,-18],[16,-18],[4,-17],[-5,-6],[-6,9],[-8,-12],[-56,-18],[7,-12],[-29,-2],[8,-33],[-4,-13],[7,-13],[-6,-5],[-20,1],[-1,-9],[12,-19],[-11,-6],[-13,8],[-13,-11],[7,-8],[-27,-19],[15,-12],[2,-18],[-7,-20],[18,-8],[-16,-12],[11,-19],[-16,7],[-8,-5],[3,-7],[12,-2],[1,-9],[-28,-22],[5,-11],[21,19],[15,1],[9,-41],[-8,-7],[-25,5],[-5,-6],[6,-13],[20,-16],[-26,-10],[-2,-12],[10,-10],[-5,-13],[-13,0],[-21,-27],[-5,-18],[26,-2],[-14,-44],[23,2],[7,-6],[-22,-22],[7,-13],[30,5],[-6,-13],[6,-8],[19,1],[-14,-24],[16,-13],[-19,-6],[8,-28],[-5,-18],[17,-4],[3,-12],[-6,-22],[16,-23],[-21,0],[-2,-16],[9,-19],[32,-10],[0,-12],[-10,-11],[-15,-2],[36,-45],[14,-34],[2,-39],[-12,-12],[0,-19],[12,-16],[-1,-19],[17,-12],[0,-18],[7,-6],[-6,-29],[8,-14],[-17,-11],[-4,-15],[24,-14],[5,-15],[-13,-7],[14,-8],[4,-12],[38,-12],[-1,-29],[12,-26],[-7,-17],[20,-8],[-16,-45],[8,-34],[-7,-15],[-14,9],[-28,-12],[-17,6],[-15,19],[0,10],[-28,16],[-8,-12],[-10,19],[-16,-13],[-4,8],[-10,1],[-13,-10],[-3,-17],[-77,16],[-10,-12],[-29,3],[-14,-17],[-37,6],[-13,-6],[-2,-13],[-31,-1],[3,-30],[-69,-9],[-10,-7],[0,-23],[-28,-2],[1,-20],[-26,-25],[-10,3],[-13,-10],[-25,3],[-1,-17],[-9,-2],[-16,10],[-17,-3],[-1,-9],[-24,1],[-3,-7],[-23,7],[-29,-23],[-10,6],[-9,-8],[-23,3],[-17,-7],[-3,-8],[-28,-4],[-7,-4],[-4,-15],[8,-6],[-4,-5],[-25,-6],[-18,-19],[-11,6],[-4,-10],[-30,-14],[-21,-25],[-30,-13],[-43,-3],[-2,-9],[-40,0],[-43,-10],[-17,-41],[-14,-2],[-24,-15],[-22,-4],[-5,-13],[-15,5],[-37,-4],[-18,-9],[-26,15],[-4,-9],[-16,-6],[-2,-10],[-12,2],[-15,-7],[-12,-39],[-16,-11],[-6,-12],[-3,-20],[-35,-14],[-4,-9],[-14,-7],[-8,-20],[-18,-11],[-13,2],[-4,-15],[-12,-3],[-8,-23],[8,-10],[-5,-7],[-16,2],[-2,-17],[6,-10],[-18,-12],[-15,-1],[-7,-10],[4,-14]],[[16007,13459],[-50,261],[28,115],[-13,90],[1,35],[93,39],[40,39],[10,21],[5,53],[-8,18],[-7,56],[8,31],[9,112],[14,57],[-35,37],[-25,39],[-24,20],[-2,14],[-32,31],[-7,68],[7,53],[-33,40],[-14,37],[-31,21],[-10,27],[21,23],[92,56],[9,14],[27,2],[16,15],[57,1],[82,86],[33,12],[41,-5],[20,4],[30,31],[33,-4],[39,30],[40,45],[9,14],[-3,16],[24,28],[75,15],[45,22],[76,66],[16,23],[-7,22],[-15,14],[44,36],[63,34],[9,28],[-1,51],[-14,78],[23,60],[-22,103],[24,54],[20,80],[-29,82],[-63,81],[-15,29],[1,19],[29,30],[-15,35],[14,108],[32,41],[0,19],[-12,12],[6,31],[-16,57],[-3,57],[20,73],[5,118],[14,41],[31,49],[49,52],[56,45],[31,148],[25,38],[-15,40],[-51,34],[-75,73],[-56,18],[-71,60],[-32,-1],[-21,11],[-53,48],[-27,41],[-53,32],[-78,9],[-34,56],[-24,17],[0,23],[-16,19],[7,35],[-14,11],[-5,16],[-25,2],[-13,27],[-24,10],[-22,19],[-26,4],[-8,7],[1,18],[-7,12],[-84,47],[-13,3],[-32,-10],[-11,14],[6,22],[-23,-1],[-65,33],[-2,11],[-23,22],[-29,53],[-1,111],[-30,89],[-101,22],[-18,13],[-16,1],[-35,30],[3,26],[-20,13],[-1,39],[-28,28],[-46,33],[-15,72],[8,25],[-4,5],[-39,9],[-36,1],[-27,9],[-37,0],[-35,-7],[-16,1],[-20,13],[-16,-6],[-40,10],[-92,10],[-36,-18],[-102,-15],[-59,36],[0,9],[-17,22],[0,12],[60,54],[50,14],[13,10],[37,87],[6,37],[11,21],[-10,6],[-5,15],[-16,11],[0,20],[20,33],[16,7],[20,-5],[57,-19],[23,-15],[24,-1],[29,-12],[15,3],[11,18],[0,40],[-34,44],[1,7],[15,6],[20,-2],[40,-16],[40,-34],[53,-28],[54,-17],[2,-18],[15,-10],[52,-6],[2,10],[27,12],[12,13],[37,-3],[8,5],[20,58],[27,19],[42,15],[9,50],[34,25],[22,1],[28,35],[57,52],[-2,25],[35,5],[16,22],[-3,13],[79,9],[31,35],[-7,12],[20,4],[3,9],[-14,7],[6,44],[-15,1],[-22,29],[-18,1],[-10,15],[-16,-10],[-11,26],[21,15],[-21,6],[8,20],[-16,9],[13,35],[-10,13],[1,12],[8,8],[-7,24],[8,10],[16,-6],[5,3],[-7,28],[23,23],[0,20],[18,1],[6,9],[-5,13],[18,20],[4,28],[46,99],[-13,22],[-23,14],[-6,15],[-6,3],[-13,-13],[-27,22],[-4,48],[7,23],[-12,8],[10,31],[-11,10],[3,7],[33,14],[18,1],[12,5],[1,7],[-11,26],[-25,13],[-8,19],[-9,7],[-10,-6],[-11,8],[5,25],[-14,24],[-8,2],[-14,27],[-41,-8],[-13,29],[13,14],[39,6],[7,7],[-5,17],[23,13],[19,2],[-5,10],[18,10],[17,47],[22,14],[-1,21],[-39,50],[20,48],[3,68],[-27,33],[-6,60],[-17,27],[-15,85],[6,71],[0,154],[12,38],[-74,93],[-46,39],[-19,52],[2,30],[28,20],[-6,24],[10,13],[5,27],[107,4],[21,-6],[33,17],[-6,30],[3,8],[24,9],[14,45],[22,4],[21,40],[30,32],[2,13],[13,13],[46,16],[17,48],[1,31],[-7,17],[-20,13],[-31,2],[-3,5],[8,21],[-40,37],[-11,40],[21,56],[-23,14],[0,13],[-18,26],[8,32],[-11,33],[-31,17],[-15,21],[4,15],[15,17],[25,4],[11,-3],[13,-23],[18,-9],[2,8],[49,3],[7,12],[-11,7],[0,10],[11,22],[-21,26],[-2,16],[2,10],[17,15],[3,45],[6,9],[-35,52],[-42,23],[-4,35],[-9,19],[-15,13],[-1,15],[-19,19],[-44,117],[-5,35],[23,19],[5,55],[12,20],[-8,27],[-16,16],[15,27]],[[20135,23850],[78,-59],[61,-39],[221,-56],[146,-48],[196,-113],[82,-89],[27,-39],[9,-25],[2,-61],[-13,-52],[-22,-32],[13,-29],[107,-149],[130,-129],[13,-28],[15,-13],[7,8],[36,13],[168,34],[54,27],[42,6],[266,81],[75,6],[50,-5],[59,6],[41,13],[55,38],[30,34],[98,62],[35,20],[79,28],[48,30],[37,5],[172,-15],[92,14],[78,22],[38,19],[12,11],[18,62],[40,67],[18,16],[40,30],[20,3],[15,11],[16,-1],[19,10],[92,63],[47,40],[119,53],[44,26],[67,18],[40,-3],[46,-20],[31,-4],[74,34],[40,7],[79,1],[56,-13],[19,13],[24,43],[4,61],[27,24],[29,4],[29,-5],[83,-48],[93,-14],[80,-48],[52,-17],[140,28],[38,16],[29,25],[38,66],[79,59],[35,14],[14,3],[70,-9],[108,10],[39,-13],[41,-46],[4,-20],[91,-109],[23,-17],[55,-6],[31,8],[23,15],[19,29],[40,105],[-8,106],[31,192],[20,75],[-2,24],[-24,44]],[[94494,125670],[-441,-95],[-384,-52],[-3001,148],[-110,13],[-36,-6],[-91,8],[-36,-16],[-156,17],[-22,-42],[-38,-46],[-14,-23],[-14,-46],[-45,-59],[-19,-37],[-63,-133],[-57,-173],[-28,-52],[-9,-95],[36,-343],[-5,-47],[-27,-83],[-5,-32],[27,-110],[11,-8],[60,-102],[42,-184],[17,-37],[10,-117],[9,-11],[-29,-91],[-3,-38],[-13,-36],[-44,-64],[-85,-71],[-21,-80],[-4,-52],[7,-45],[59,-112],[8,-157],[57,-311],[-25,-143],[14,-138],[14,-31],[-54,-197],[7,-56],[19,-56],[0,-38],[11,-62],[-4,-15],[45,-77],[-3,-31],[8,-9],[5,-33],[21,-27],[2,-25],[-11,-77],[9,-40],[-12,-71],[9,-42],[-9,-55],[-29,-35],[-30,-52],[-14,-62],[-2,-58],[21,-221],[-2,-55],[21,-125],[16,-19],[-3,-19],[48,-141],[6,-46],[173,-359],[28,-146],[15,-10],[30,-40],[58,-94],[30,-151],[5,-94],[-9,-45],[-22,-32],[7,-7],[-27,-35],[-8,-26],[-6,-31],[12,-56],[43,-42],[29,-10],[8,-10],[36,-6],[25,-16],[84,-130],[4,-32],[-7,-29],[38,-54],[15,-34],[0,-18],[15,-17],[34,-19],[5,-19],[-11,-20],[29,-33],[29,-58],[4,-49],[18,-63],[-3,-56],[39,-58],[4,-25],[-18,-41],[7,-22],[54,-41],[-9,-36],[22,0],[16,-18],[21,-5],[16,-24],[7,-67]],[[116286,127390],[36,-2],[1,15],[7,5],[9,-14],[18,-2],[69,16],[38,23],[41,36],[32,39],[5,61],[31,76],[23,32],[48,38],[159,65],[1,54],[13,9],[39,7],[46,49],[65,47],[35,-1],[34,8],[17,12],[17,42],[32,19],[36,62],[20,17],[51,23],[29,75],[49,16],[115,56],[41,40],[72,38],[28,32],[22,0],[66,25],[42,0],[105,50],[21,25],[70,36],[27,40],[20,12],[65,69],[31,54],[39,26],[12,15],[50,15],[40,50],[49,20],[47,40],[83,22],[14,19],[43,39],[28,71],[15,22],[-2,19],[15,29],[14,61],[78,100],[44,23],[247,96],[643,212]],[[129459,89431],[256,94],[139,42],[117,24],[333,48],[175,3],[91,-19],[75,-60],[31,-52],[16,-52],[-1,-44],[13,-76],[65,-272],[67,-31],[45,-8],[106,0],[167,42],[49,22],[78,47],[98,75],[47,45],[56,8],[28,13],[274,51],[249,29],[252,-30],[148,-33],[52,-24],[217,-133],[67,-27],[66,-18],[120,-54],[80,-58],[152,-144],[104,-115],[40,-29],[90,-27],[388,-16],[74,17],[97,45],[181,132],[55,33],[60,23],[166,7],[52,-4],[38,5],[31,26],[36,50],[88,158],[116,374],[28,35],[49,27],[48,0]],[[76893,15225],[29,-87],[-29,-195],[-111,-163],[-29,-87],[-46,-82],[52,-202],[-394,212],[25,25],[8,18],[3,27],[-11,9],[-7,38],[8,93],[-13,12],[15,56],[18,25],[-18,56],[-58,94],[-99,86],[24,65],[21,-4],[21,41],[61,28],[-3,15],[31,15],[23,-13],[72,24],[10,-11],[15,15],[20,-12],[30,6],[34,-22],[6,-11],[-12,-22],[19,-16],[20,11],[0,-27],[13,-6],[23,24],[3,-18],[-11,-13],[74,-9],[87,38],[76,-33]],[[82181,15301],[-5670,41],[-1488,-22],[-1097,7],[-7036,-26],[-9417,0]],[[11188,32863],[-19,-8],[-48,16],[-36,-1],[-38,16],[-102,3],[-25,-12],[-33,14],[-53,-12],[-16,16],[-12,-1],[-1,-12],[-9,-3],[-12,2],[-8,15],[-16,1],[-16,-14],[11,-23],[-28,-33],[0,-15],[-9,-12],[-20,-15],[-35,1],[-42,11],[-45,40],[-58,5],[-36,41],[-17,0],[-23,-12],[-8,15],[-33,3],[-8,21],[-26,16],[-26,-15],[-20,-1],[-11,-10],[-62,7],[-32,50],[-22,-5],[-32,9],[-29,15],[-21,22],[-14,23],[1,71],[-12,32],[5,46],[18,26],[25,21],[7,44],[21,10],[18,26],[2,16],[-18,32],[-2,24],[20,21],[23,41],[-4,11],[-34,34],[-23,5],[-5,6],[10,37],[-24,65],[-24,13],[-110,11],[-7,8],[12,26],[-22,18],[-8,14],[-35,19],[-57,95],[-40,28],[-35,42],[-25,3],[-26,25],[-4,16],[7,32],[-40,48],[-8,17],[-1,13],[41,4],[-3,61],[16,73],[-1,29],[13,33],[33,23],[-2,27],[-13,12],[-3,16],[38,33],[5,17],[-20,68],[23,102],[-8,66],[-43,60],[-30,71],[-20,25],[-71,15],[-79,42],[-171,31],[-83,57],[-46,11],[-17,-2],[-38,-19],[-39,-42],[-19,-7],[-21,-2],[-43,17],[-67,13],[-719,389],[-4078,1114]],[[4238,36354],[440,3690]],[[129286,100179],[83,4],[222,-8],[75,-11],[106,-25],[323,-94],[167,-57],[206,-73],[305,-120],[367,-129],[128,-52],[105,-50],[389,-229],[661,-353],[35,-21],[8,-11],[0,-17],[72,-43],[17,-20],[33,-9],[80,-40],[40,-13],[147,-8],[167,-40],[51,-19],[354,-72],[75,-10],[337,-26],[79,-26],[165,-74],[19,4],[23,-5],[59,-27],[37,-2],[91,-19],[54,4],[53,-8],[64,5],[23,-14],[121,-14],[131,-85],[38,-10],[48,-3],[55,-21],[29,-23],[39,-63],[54,-176],[63,-174],[95,-145],[82,-99],[177,-60],[49,-32],[13,-27],[8,-79],[-1,-307],[95,-10],[-9,-59],[39,-55],[47,-38],[79,-96],[35,-9],[45,-32],[57,-68],[86,-78],[129,-65],[67,-13],[56,-22],[79,-18],[34,-19],[28,-70],[15,-4],[7,-15],[12,0],[12,-18],[184,65],[90,53],[47,39],[180,212],[95,69],[29,6],[241,-24],[104,5],[78,15],[24,23],[39,5],[30,15],[10,44],[9,11],[12,2],[32,-15],[26,0],[24,8],[78,-10],[25,11],[25,-9],[20,3],[19,18],[61,22],[46,9],[12,8],[546,3],[217,-10],[1332,-113]],[[160578,71028],[3,-31],[19,-11],[-8,-48],[-8,-12],[-34,11],[-4,-42],[-34,-37],[4,-22],[-16,-43],[0,-33],[-15,-7],[-4,-10],[23,-41],[22,-24],[-18,-13],[4,-11],[-19,-31],[-2,-24],[-17,-54],[-13,-72],[17,-58],[-22,-14],[-6,-11],[9,-17],[-4,-53],[-9,-24],[-15,-17],[-17,-35],[-5,-53],[-12,-29],[10,-32],[44,-32],[11,-44],[-5,-12],[-22,-16],[-7,-38],[-26,-35],[-11,-34],[1,-33],[7,-120],[34,-93],[13,-24],[41,-5],[1,-10],[-15,-21],[-9,-51],[-14,-35],[5,-25],[15,-23],[-8,-68],[19,-46],[52,-30],[18,-21],[29,-55],[33,-87],[-32,-43],[-6,-21],[3,-38],[-19,-19],[-26,-4],[-14,4],[-26,25],[-51,-14],[-13,1],[-22,13],[-14,-5],[-11,-22],[-13,-10],[-38,-6],[-25,-18],[-33,-54],[-21,-17],[-73,-10],[-8,-17],[-10,-4],[-49,35],[-13,4],[-12,-4],[5,-42],[-6,-12],[-40,-3],[-5,-8],[20,-21],[-10,-14],[-25,-2],[-53,18],[-16,-3],[-5,-26],[-7,-7],[5,-13],[28,-16],[17,-21],[-9,-9],[9,-8],[-7,-4],[6,-6],[-6,-10],[-31,12],[-3,11],[-17,13],[-3,23],[-13,3],[-1,-17],[-19,-23],[6,-9],[16,15],[8,-2],[1,-14],[-12,-24],[-14,-2],[-16,-13],[-22,5],[-8,-15],[-34,-10],[-39,7],[-21,-10],[-23,2],[-3,-12],[19,-4],[14,-14],[11,7],[0,-14],[-46,-9],[-18,-16],[5,-10],[-5,-9],[-22,-2],[-13,-8],[-18,13],[-19,-13],[-22,19],[-5,-5],[-14,6],[-13,14],[-7,29],[-9,4],[-45,-23],[-12,-47],[-17,3],[-7,12],[-7,1],[-12,-21],[-24,-1],[-12,-8],[-4,5],[4,9],[-8,-1],[-24,-17],[-14,-37],[3,-7],[-16,-22],[6,-12],[-18,-80],[52,-51],[-19,-39],[7,-23],[-17,-15],[18,-2],[19,-11],[3,-7],[-11,-18],[18,4],[11,-7],[-21,-17],[25,1],[3,-6],[-23,-19],[20,-22],[-20,-4],[2,-15],[11,-2],[13,10],[4,23],[12,-12],[-11,-16],[-8,-28],[3,-8],[7,-3],[20,8],[-1,17],[11,3],[5,-6],[1,-28],[-11,-24],[13,-13],[0,-20],[-5,-7],[-13,3],[3,25],[-27,13],[-5,-15],[20,-33],[-18,-37],[0,-17],[-21,-2],[-6,16],[-17,-10],[-2,-14],[-16,-5],[5,-22],[-10,-17],[1,-11],[53,-66],[21,2],[-8,-35],[-22,-2],[-4,9],[8,22],[-6,2],[-8,-4],[-10,-24],[-23,1],[8,14],[-5,8],[-11,-15],[-41,-20],[16,-24],[38,-24],[5,-2],[18,9],[14,-31],[1,-32],[-10,-7],[-10,4],[-26,-21],[3,-15],[17,-11],[4,-26],[8,-8],[-3,-10],[-11,1],[2,-5],[38,-20],[-21,-14],[-11,0],[-7,-27],[7,-9],[-26,-22],[51,-22],[3,-9],[-10,-14],[1,-17],[-28,-22],[-12,4],[1,-16],[-10,-11],[11,-2],[1,-9],[-11,3],[-14,-15],[-13,13],[3,-20],[27,-4],[-9,-13],[-27,-12],[6,-10],[17,-2],[-9,-13],[4,-14],[-12,-4],[-9,3],[-23,-15],[-17,10],[-11,-4],[-7,8],[-7,-8],[-12,-2],[-32,13],[-5,-20],[-10,-2],[5,-10],[11,0],[-6,-9],[-9,1],[-22,12],[0,22],[10,26],[-19,1],[-29,-22],[-25,-10],[6,-18],[33,-36],[16,-8],[-8,-7],[-17,1],[-9,18],[-31,11],[-11,33],[-13,2],[-26,-26],[-16,0],[0,-19],[-31,-48],[-11,0],[-3,15],[-10,5],[-12,-4],[-9,20],[-16,1],[-19,-10],[-80,-18],[-29,5],[-26,-5],[8,-37],[-13,-24],[-53,-10],[-27,-15],[-31,-6],[-10,-15],[12,-24],[-5,-9],[-41,7],[0,-24],[-27,-10],[-9,-13],[-26,-5],[-11,-14],[-14,-7],[-27,-1],[-19,-31],[-27,-7],[-7,-18],[-19,10],[-10,0],[-7,-14],[-15,-4],[-7,6],[-58,6],[-20,22],[-4,13],[-67,17],[-27,30],[-14,6],[-19,-3],[-23,18],[-42,13],[-9,-3],[-14,17],[-25,-20],[2,-13],[10,-7],[0,-15],[-12,-11],[10,-17],[-12,-28],[-11,-5],[9,-9],[0,-10],[-35,-4],[6,-22],[-23,-21],[-27,28],[-16,-33],[-20,-1],[2,-18],[-7,-6],[-13,16],[-12,4],[-3,-13],[11,-22],[-9,-6],[-18,18],[-23,2],[-2,10],[7,8],[-10,20],[-8,6],[-25,2],[-34,-7],[-11,-16],[-39,-30],[-34,13],[-6,-7],[8,-20],[-3,-9],[-25,2],[-5,9],[-20,3],[3,8],[-13,5],[-12,36],[-29,-4],[3,23],[-8,5],[-23,-8],[-19,34],[-22,-8],[-11,29],[-11,-1],[-20,-16],[-17,20],[-8,-6],[0,-10],[-20,4],[-9,-6],[-13,18],[-26,2],[-16,15],[-12,-4],[-10,-19],[-13,-6],[-4,-41],[-8,-10],[-47,-4],[-21,-9],[12,-17],[-1,-16],[-9,-8],[1,-27],[-19,-15],[16,-7],[-1,-11],[-11,-7],[0,-11],[-18,-25],[6,-10],[-6,-9],[-9,-1],[-7,10],[-2,23],[-17,13],[-29,-2],[-21,6],[-11,-26],[-9,-7],[-12,1],[-7,18],[-9,-3],[-10,-15],[-10,1],[-8,19],[-50,35],[-3,23],[-12,2],[-3,-27],[-21,-4],[-20,23],[-16,-3],[-9,6],[-1,31],[-30,-16],[-11,-3],[-7,7],[-7,-7],[-2,-9],[27,-26],[-29,-25],[5,-28],[-7,-11],[-24,-11],[-11,0],[-17,13],[-31,-8],[-13,4],[6,24],[-15,3],[-17,-13],[-9,3],[14,31],[-5,7],[-26,5],[-16,-3],[-12,8],[-17,57],[-6,-16],[-13,-1],[-21,-15],[-4,-38],[-13,-5],[-21,14],[-4,24],[-15,-10],[7,-31],[-9,-13],[-1,-15],[-7,-5],[-27,10],[11,-28],[-26,-18],[31,-10],[1,-5],[-36,-7],[-12,-21],[2,-7],[25,-4],[2,-9],[28,-23],[-3,-7],[-45,-12],[-23,21],[-11,-12],[4,-11],[-6,-6],[-13,0],[-16,30],[5,31],[-8,6],[-23,-2],[17,-38],[-12,-4],[-14,14],[-13,2],[7,11],[-23,22],[-5,-26],[11,-14],[-19,-11],[11,-26],[29,-8],[-3,-18],[-8,-8],[2,-11],[-12,-15],[-11,0],[-29,21],[-19,-15],[-11,3],[2,-8],[27,-11],[13,-22],[14,-4],[9,-35],[-2,-10],[-15,-11],[-8,1],[-27,30],[-32,-7],[-3,-8],[17,-26],[-6,-15],[-38,-8],[-8,12],[-13,3],[-9,-5],[-7,-18],[9,-25],[-22,7],[-15,-16],[-13,-1],[-13,20],[-7,-4],[3,-21],[-7,-9],[-28,-10],[2,-12],[11,-6],[42,-4],[5,-18],[-6,-24],[9,-12],[35,-16],[-2,-6],[-29,-6],[-5,-9],[9,-17],[13,-6],[1,-10],[-16,3],[-6,-6],[9,-15],[-13,-19],[-13,2],[-20,34],[-25,-14],[-5,-15],[-39,-12],[-13,25],[0,28],[-54,-23],[-19,24],[-11,0],[-6,-8],[-11,3],[1,12],[-33,9],[-9,-10],[-5,5],[10,24],[-4,3],[-45,-14],[-9,-23],[-28,-9],[-9,-19],[5,-25],[-13,1],[-17,15],[3,33],[-10,-2],[-13,-36],[-33,-16],[14,-19],[0,-13],[15,-18],[-4,-11],[-15,-6],[-7,-20],[-13,3],[4,25],[-27,23],[-13,-1],[-6,-11],[9,-20],[-9,-8],[-14,2],[-3,16],[-12,5],[-23,-9],[7,-17],[27,-10],[-13,-18],[8,-20],[-23,8],[-36,-12],[-11,14],[-32,-9],[-20,21],[-7,-3],[-5,-16],[-11,-5],[-25,11],[-7,-11],[8,-16],[-35,-18],[13,-16],[-21,-10],[10,-23],[-11,3],[-18,26],[-5,-11],[4,-31],[-29,12],[9,-29],[-9,-16],[-7,5],[-1,24],[-7,8],[-8,-2],[-3,-10],[9,-22],[-20,-8],[-10,13],[8,29],[-22,1],[-5,-29],[-11,-11],[8,-25],[-15,5],[-25,-5],[-4,-9],[16,-15],[-5,-6],[-15,6],[-11,14],[-6,-3],[0,-11],[12,-16],[21,-9],[1,-7],[-27,4],[-13,13],[-20,-21],[6,-8],[8,5],[3,-5],[-15,-18],[3,-11],[-11,1],[-11,9],[-15,-5],[-10,9],[-7,-17],[-25,-14],[8,-29],[-11,-8],[7,-14],[-17,-7],[-17,5],[-12,-11],[-29,-2],[6,-21],[-12,-16],[-18,21],[-10,1],[-10,-7],[-2,-9],[12,-21],[-9,-15],[8,-24],[-15,-2],[-3,-7],[2,-13],[13,-10],[2,-18],[-22,5],[-7,22],[-17,-3],[-11,11],[-57,-26],[-14,8],[-12,-3],[-1,19],[-13,2],[-12,-27],[-19,12],[-12,-13],[26,-48],[-44,14],[-3,-14],[12,-15],[-13,-7],[-29,13],[-34,-17],[-14,15],[-6,-13],[-27,-4],[8,-32],[14,-2],[-7,-12],[-10,-3],[-14,8],[-19,18],[-15,-14],[-1,-20],[-9,-7],[-8,3],[3,32],[-16,1],[-3,-28],[-9,6],[-5,13],[-11,-1],[-1,-17],[-6,-6],[-13,18],[-19,8],[-5,15],[-21,19],[5,13],[-41,3]],[[51714,165634],[24,33],[17,12],[-9,26],[7,29],[11,4],[36,-5],[60,21],[14,16],[-6,30],[-8,-3],[-62,9],[-36,17],[-30,-8],[-13,5],[0,26],[-15,53],[9,32],[53,19],[29,-5],[19,10],[10,48],[21,31],[7,39],[9,8],[49,3],[15,-8],[22,-23],[19,-3],[38,31],[14,67],[20,25],[55,29],[42,0],[47,25],[14,-3],[19,-38],[10,-6],[35,-6],[42,13],[40,39],[5,20],[-7,22],[42,49],[8,5],[56,-13],[17,4],[11,16],[8,30],[-24,47],[35,28],[56,16],[30,29],[16,7],[19,-18],[12,2],[29,29],[-2,16],[11,29],[35,28],[16,4],[39,-6],[34,-21],[46,-1],[16,7],[27,20],[1,33],[7,10],[-16,13],[32,38],[23,13],[39,2],[15,12],[33,11],[100,71],[49,-13],[61,44],[37,15],[79,87],[39,20],[19,-16],[12,-3],[35,32],[44,6],[44,50],[33,11],[22,16],[41,65],[11,53],[63,38],[0,18],[22,30],[101,106],[47,59],[38,69],[16,14],[541,1],[23,-13],[57,-11],[28,24],[222,-1],[39,7],[138,-1],[44,-10],[91,12],[100,-7],[298,-1],[11,4],[12,21],[14,-11],[54,-7],[18,0],[34,15],[33,-8],[32,9],[35,-11],[14,-10],[412,-3],[361,7],[74,-9],[49,11],[140,-11],[1325,-2],[35,-13],[1105,-708],[1007,-667],[606,-285],[302,-122],[312,-163],[600,-279],[304,-118],[615,-333],[308,-196],[432,-212],[293,-121],[490,-235],[445,-188],[293,-105],[267,-70],[19,-75],[-13,-123],[-65,-195],[-63,-146],[-62,-213],[-9,-58],[-14,-216],[107,-77],[55,-16],[202,-12],[177,-80]],[[48831,122729],[-33,37],[-23,-5],[-14,8],[-7,12],[2,31],[-26,19],[-30,53],[15,18],[2,14],[-11,65],[13,47],[-23,38],[-26,10],[-69,43],[-37,-2],[-69,-39],[-12,-30],[-42,-1],[-19,13],[-24,-18],[-22,14],[2,16],[-9,14],[-25,3],[-10,11],[2,19],[-14,14],[-25,9],[-9,20],[-12,2],[-13,17],[-63,11],[-23,26],[-16,4],[-11,14],[-17,0],[-17,26],[-4,-6],[-17,-1],[-6,-13],[-11,0],[-8,7],[-3,18],[-40,4],[-11,7],[-6,-18],[-56,3],[-22,-25],[-14,-2],[-32,26],[-64,4],[-21,14],[-15,24],[-27,4],[-10,11],[-14,0],[-83,-27],[-11,-12],[0,-10],[-20,7],[-54,-20],[-16,1],[-48,-52],[-43,11],[-17,-9],[-19,10],[-11,-8],[-15,2],[-4,-11],[-21,4],[-15,-9],[-13,6],[-1,-5],[-25,-6],[-19,-17],[-16,-5],[-12,11],[0,14],[-15,0],[-3,-9],[-21,7],[-51,-4],[-24,-11],[-26,-23],[-14,-32],[-36,-55],[-45,-15],[4,-35],[-15,-17],[-21,8],[-54,-7],[-20,10],[-29,48],[-32,9],[-27,54],[14,30],[-39,36],[-19,2],[-30,-31],[-20,-53],[-53,-73],[-27,-13],[-78,-58],[-17,-26],[-5,-27],[4,-27],[33,-47],[14,-29],[-3,-56],[-36,-80],[-14,-18],[-64,-27],[-41,-45],[-74,-134],[-30,-91],[15,-30],[35,-40],[6,-19],[-50,-117],[-2,-12],[10,-19],[40,-26],[71,-16],[116,-7],[10,-24],[5,-82],[-12,-29],[-28,2],[-31,-10],[-25,-27],[-16,-30],[-13,-102],[-25,-105],[-40,-97],[-57,-88],[1,-74],[-11,-22],[-42,-40],[-58,-32],[-51,-55],[-15,-76],[-17,-21],[-75,-48],[-78,-8],[-105,-1],[-25,7],[-37,40],[-32,61],[-27,20],[-28,12],[-29,1],[-66,-11],[-153,47],[-142,31],[-32,-79],[-13,-60],[-6,-132],[-8,-31],[-18,-13],[-100,20],[-93,5],[-29,16],[-88,71],[-18,8],[-80,-3],[-105,50],[-92,79],[-26,20],[-23,9],[-25,-6],[-40,-28],[-13,0],[-14,3],[-14,14],[-10,23],[-30,23],[-32,-4],[-23,-13],[-35,-9],[-81,18],[-23,24],[-18,56],[-1,28],[12,87],[-14,25],[-50,35],[-12,26],[-9,56],[-65,65],[-22,33],[3,74],[-6,22],[-20,29],[-7,30],[38,81],[8,53],[-5,11],[-67,49],[-22,7],[-7,60],[-24,43],[-102,-1],[-34,16],[-60,5],[-26,11],[-44,35],[1,34],[19,53],[-2,38],[-33,37],[-28,11],[-25,1],[-71,-10],[-170,32],[-8,7],[-59,136],[-19,11],[-60,10],[-70,30],[-32,24],[-19,26],[-3,58],[-43,77],[-9,61],[-49,79],[9,44],[29,49],[-7,24],[-45,68],[-75,56],[-21,75],[-18,18],[-30,6],[-61,-20],[-15,9],[52,100],[6,76],[-13,58],[-55,111],[-21,23],[-30,8],[-49,-4],[-30,6],[-21,14],[-22,28],[-4,17],[10,17],[51,44],[12,20],[-25,108],[0,34],[13,36],[0,27],[-12,7],[-80,-8],[-48,6],[-80,-48],[-27,-26],[-18,-6],[-58,2],[-22,-10],[-38,-7],[-51,11],[-53,-14],[-61,22],[-71,43],[-27,6],[-33,-5],[-62,-29],[-78,1],[-29,-16],[-21,-3],[-96,14],[-162,55],[-115,12],[-50,27],[-51,40],[-61,85],[-30,16],[-56,59],[-44,34],[-84,-29],[-65,-5],[-35,5],[-46,25],[4,21],[-5,9],[-64,13],[-2,18],[-26,48],[-11,8],[-37,-2],[-10,-4],[-37,-68],[-163,-86],[-19,-21],[-11,-54],[-17,-14],[-40,-13],[-91,10],[-55,14],[-5,-2],[-11,-53],[-61,-33],[-20,-9],[-41,-1],[-31,-9],[-16,3],[-26,-13],[-26,-22],[-22,-7],[-60,2],[-9,-6],[-7,-32],[8,-28],[-18,-54],[-29,-44],[-43,-43],[-31,-16],[-50,165],[-4,128],[-7,45],[-28,101],[5,70],[-22,169],[-56,62],[-32,50],[-102,75],[-37,32],[-16,21],[-39,133],[-4,43],[10,48],[15,26],[53,53],[56,40],[7,16],[7,41],[-6,142],[11,66],[-35,99],[-5,38],[41,117],[4,50],[46,121],[-1,283],[10,38],[28,57],[33,44],[30,28],[72,49],[38,16],[43,8],[53,-3],[58,-13],[20,1],[38,18],[32,58],[42,115],[4,71],[21,74],[12,72],[-6,58],[-36,80],[-37,107],[-107,649],[17,164],[24,96],[45,124],[-4,61],[-100,147],[7,55],[28,49],[16,46],[10,104],[-25,53],[-88,109],[-49,74],[-1,44],[36,104],[3,62],[-49,80],[-46,48],[-35,74],[-1,30],[30,65],[19,12],[51,75],[31,14],[68,-6],[27,6],[27,23],[47,100],[36,32],[63,32],[160,48],[37,2],[72,-9],[54,0],[17,12],[-10,71],[14,32],[34,18],[117,-13],[24,9],[27,30],[7,25],[34,50],[2,28],[-20,35],[-10,41],[4,126],[46,16],[22,20],[-2,26],[-27,47],[34,39],[19,5],[37,39],[7,32],[22,34],[44,129],[34,42],[53,48],[25,43],[14,71],[53,41],[39,53],[0,20],[-10,14],[-99,13],[-10,10],[-22,61],[-5,73],[17,28],[1,38],[-16,48],[0,29],[18,26],[148,29]]],"transform":{"scale":[0.000029516771186302375,0.0000315208185141685],"translate":[29.573443,-1.482318]},"objects":{"uganda":{"type":"GeometryCollection","geometries":[{"arcs":[[0,1,2,3]],"type":"Polygon","properties":{"name":"Abim","density":0,"path":"/world/Uganda/Abim"},"id":"11515"},{"arcs":[[4,5,6,7]],"type":"Polygon","properties":{"name":"Adjumani","density":0,"path":"/world/Uganda/Adjumani"},"id":"11557"},{"arcs":[[8,9,10,11,-2]],"type":"Polygon","properties":{"name":"Agago","density":0,"path":"/world/Uganda/Agago"},"id":"11591"},{"arcs":[[12,13,14,15,16]],"type":"Polygon","properties":{"name":"Alebtong","density":0,"path":"/world/Uganda/Alebtong"},"id":"11608"},{"arcs":[[17,18,19,20,21,22]],"type":"Polygon","properties":{"name":"Amolatar","density":0,"path":"/world/Uganda/Amolatar"},"id":"11509"},{"arcs":[[23,24,25,26,27]],"type":"Polygon","properties":{"name":"Amudat","density":0,"path":"/world/Uganda/Amudat"},"id":"11569"},{"arcs":[[28,29,-17,30,31,32]],"type":"Polygon","properties":{"name":"Amuria","density":0,"path":"/world/Uganda/Amuria"},"id":"11514"},{"arcs":[[33,34,35,-8,36,37,38]],"type":"Polygon","properties":{"name":"Amuru","density":0,"path":"/world/Uganda/Amuru"},"id":"11587"},{"arcs":[[-22,39,40,41,42,43,44]],"type":"Polygon","properties":{"name":"Apac","density":0,"path":"/world/Uganda/Apac"},"id":"11506"},{"arcs":[[-5,-36,45,46,47,48,49,50]],"type":"Polygon","properties":{"name":"Arua","density":0,"path":"/world/Uganda/Arua"},"id":"11588"},{"arcs":[[51,52,53,54]],"type":"Polygon","properties":{"name":"Budaka","density":0,"path":"/world/Uganda/Budaka"},"id":"11550"},{"arcs":[[55,56,57,58,59]],"type":"Polygon","properties":{"name":"Bududa","density":0,"path":"/world/Uganda/Bududa"},"id":"11573"},{"arcs":[[60,61,62,63,64,65,66]],"type":"Polygon","properties":{"name":"Bugiri","density":0,"path":"/world/Uganda/Bugiri"},"id":"11548"},{"arcs":[[67,68,69,70,71]],"type":"Polygon","properties":{"name":"Buhweju","density":0,"path":"/world/Uganda/Buhweju"},"id":"11522"},{"arcs":[[72,73,74,75,76]],"type":"Polygon","properties":{"name":"Buikwe","density":0,"path":"/world/Uganda/Buikwe"},"id":"11579"},{"arcs":[[77,78,79,80,81,82]],"type":"Polygon","properties":{"name":"Bukedea","density":0,"path":"/world/Uganda/Bukedea"},"id":"11554"},{"arcs":[[83,84,85,86]],"type":"Polygon","properties":{"name":"Bukomansimbi","density":0,"path":"/world/Uganda/Bukomansimbi"},"id":"11529"},{"arcs":[[87,-24,88]],"type":"Polygon","properties":{"name":"Bukwo","density":0,"path":"/world/Uganda/Bukwo"},"id":"11571"},{"arcs":[[89,90,-83,91,92,93]],"type":"Polygon","properties":{"name":"Bulambuli","density":0,"path":"/world/Uganda/Bulambuli"},"id":"11553"},{"arcs":[[94,95,96,97,98,99],[100]],"type":"Polygon","properties":{"name":"Buliisa","density":0,"path":"/world/Uganda/Buliisa"},"id":"11585"},{"arcs":[[101,102,103,104]],"type":"Polygon","properties":{"name":"Bundibugyo","density":0,"path":"/world/Uganda/Bundibugyo"},"id":"11610"},{"arcs":[[105,106,107,-69,108]],"type":"Polygon","properties":{"name":"Bushenyi","density":0,"path":"/world/Uganda/Bushenyi"},"id":"11526"},{"arcs":[[109,110,-61,111]],"type":"Polygon","properties":{"name":"Busia","density":0,"path":"/world/Uganda/Busia"},"id":"11576"},{"arcs":[[112,-66,113,114,-52,115]],"type":"Polygon","properties":{"name":"Butaleja","density":0,"path":"/world/Uganda/Butaleja"},"id":"11549"},{"arcs":[[116,117,118,119]],"type":"Polygon","properties":{"name":"Butambala","density":0,"path":"/world/Uganda/Butambala"},"id":"11533"},{"arcs":[[120,121,-73,122]],"type":"Polygon","properties":{"name":"Buvuma","density":0,"path":"/world/Uganda/Buvuma"},"id":"11572"},{"arcs":[[123,124,125,126,-19,127,128,129]],"type":"Polygon","properties":{"name":"Buyende","density":0,"path":"/world/Uganda/Buyende"},"id":"11543"},{"arcs":[[130,-23,-45,131,-14]],"type":"Polygon","properties":{"name":"Dokolo","density":0,"path":"/world/Uganda/Dokolo"},"id":"11606"},{"arcs":[[-118,132,-86,133,134,135]],"type":"Polygon","properties":{"name":"Gomba","density":0,"path":"/world/Uganda/Gomba"},"id":"11531"},{"arcs":[[136,137,138,-39,139,140]],"type":"Polygon","properties":{"name":"Gulu","density":0,"path":"/world/Uganda/Gulu"},"id":"11508"},{"arcs":[[141,142,143,144,-97,145]],"type":"Polygon","properties":{"name":"Hoima","density":0,"path":"/world/Uganda/Hoima"},"id":"11584"},{"arcs":[[146,-71,147,148,149]],"type":"Polygon","properties":{"name":"Ibanda","density":0,"path":"/world/Uganda/Ibanda"},"id":"11523"},{"arcs":[[150,151,152,153,-64]],"type":"Polygon","properties":{"name":"Iganga","density":0,"path":"/world/Uganda/Iganga"},"id":"11540"},{"arcs":[[154,155,156,157,158]],"type":"Polygon","properties":{"name":"Isingiro","density":0,"path":"/world/Uganda/Isingiro"},"id":"11597"},{"arcs":[[159,-76,160,161,162]],"type":"Polygon","properties":{"name":"Jinja","density":0,"path":"/world/Uganda/Jinja"},"id":"11578"},{"arcs":[[163,164,165,166]],"type":"Polygon","properties":{"name":"Kaabong","density":0,"path":"/world/Uganda/Kaabong"},"id":"11566"},{"arcs":[[167,168,169,170,171,172,173]],"type":"Polygon","properties":{"name":"Kabale","density":0,"path":"/world/Uganda/Kabale"},"id":"11616"},{"arcs":[[174,175,176,-102,177,178]],"type":"Polygon","properties":{"name":"Kabarole","density":0,"path":"/world/Uganda/Kabarole"},"id":"11611"},{"arcs":[[179,-128,-18,-131,-13,-30,180]],"type":"Polygon","properties":{"name":"Kaberamaido","density":0,"path":"/world/Uganda/Kaberamaido"},"id":"11510"},{"arcs":[[181,182,183,184,185,186]],"type":"Polygon","properties":{"name":"Kalangala","density":0,"path":"/world/Uganda/Kalangala"},"id":"11582"},{"arcs":[[187,-153,188,-124,189,190]],"type":"Polygon","properties":{"name":"Kaliro","density":0,"path":"/world/Uganda/Kaliro"},"id":"11547"},{"arcs":[[191,-87,-133,-117,192]],"type":"Polygon","properties":{"name":"Kalungu","density":0,"path":"/world/Uganda/Kalungu"},"id":"11534"},{"arcs":[[193,194]],"type":"Polygon","properties":{"name":"Kampala","density":0,"path":"/world/Uganda/Kampala"},"id":"11536"},{"arcs":[[195,-162,196,-126]],"type":"Polygon","properties":{"name":"Kamuli","density":0,"path":"/world/Uganda/Kamuli"},"id":"11542"},{"arcs":[[197,-149,198,199,-176,200,201]],"type":"Polygon","properties":{"name":"Kamwenge","density":0,"path":"/world/Uganda/Kamwenge"},"id":"11595"},{"arcs":[[202,-170,203,204,205,-172]],"type":"Polygon","properties":{"name":"Kanungu","density":0,"path":"/world/Uganda/Kanungu"},"id":"11613"},{"arcs":[[-94,206]],"type":"Polygon","properties":{"name":"Kapchorwa","density":0,"path":"/world/Uganda/Kapchorwa"},"id":"11568"},{"arcs":[[-200,207,208,-103,-177]],"type":"Polygon","properties":{"name":"Kasese","density":0,"path":"/world/Uganda/Kasese"},"id":"11612"},{"arcs":[[209,210,211,212,-33,213]],"type":"Polygon","properties":{"name":"Katakwi","density":0,"path":"/world/Uganda/Katakwi"},"id":"11564"},{"arcs":[[-75,214,215,216,-20,-127,-197,-161]],"type":"Polygon","properties":{"name":"Kayunga","density":0,"path":"/world/Uganda/Kayunga"},"id":"11538"},{"arcs":[[217,218,219,-179,220,-143,221]],"type":"Polygon","properties":{"name":"Kibaale","density":0,"path":"/world/Uganda/Kibaale"},"id":"11596"},{"arcs":[[222,223,224,225]],"type":"Polygon","properties":{"name":"Kiboga","density":0,"path":"/world/Uganda/Kiboga"},"id":"11520"},{"arcs":[[-115,226,-191,227,-53]],"type":"Polygon","properties":{"name":"Kibuku","density":0,"path":"/world/Uganda/Kibuku"},"id":"11545"},{"arcs":[[228,-158,229,-150,-198,230,231,232]],"type":"Polygon","properties":{"name":"Kiruhura","density":0,"path":"/world/Uganda/Kiruhura"},"id":"11589"},{"arcs":[[233,234,-95,235,236,-41]],"type":"Polygon","properties":{"name":"Kiryandongo","density":0,"path":"/world/Uganda/Kiryandongo"},"id":"11599"},{"arcs":[[-204,-169,237]],"type":"Polygon","properties":{"name":"Kisoro","density":0,"path":"/world/Uganda/Kisoro"},"id":"11614"},{"arcs":[[-11,238,239,240,-165,241]],"type":"Polygon","properties":{"name":"Kitgum","density":0,"path":"/world/Uganda/Kitgum"},"id":"11559"},{"arcs":[[242,243,244]],"type":"Polygon","properties":{"name":"Koboko","density":0,"path":"/world/Uganda/Koboko"},"id":"11560"},{"arcs":[[-43,245,246]],"type":"Polygon","properties":{"name":"Kole","density":0,"path":"/world/Uganda/Kole"},"id":"11607"},{"arcs":[[247,248,-3,-12,-242,-164]],"type":"Polygon","properties":{"name":"Kotido","density":0,"path":"/world/Uganda/Kotido"},"id":"11516"},{"arcs":[[-81,249,250,-211,251]],"type":"Polygon","properties":{"name":"Kumi","density":0,"path":"/world/Uganda/Kumi"},"id":"11555"},{"arcs":[[-88,252,-60,253,-90,-207,-93,254,-25]],"type":"Polygon","properties":{"name":"Kween","density":0,"path":"/world/Uganda/Kween"},"id":"11570"},{"arcs":[[-225,255,-222,-142,256,257]],"type":"Polygon","properties":{"name":"Kyankwanzi","density":0,"path":"/world/Uganda/Kyankwanzi"},"id":"11519"},{"arcs":[[258,-231,-202,259,-219,260]],"type":"Polygon","properties":{"name":"Kyegegwa","density":0,"path":"/world/Uganda/Kyegegwa"},"id":"11590"},{"arcs":[[-201,-175,-220,-260]],"type":"Polygon","properties":{"name":"Kyenjojo","density":0,"path":"/world/Uganda/Kyenjojo"},"id":"11594"},{"arcs":[[261,-140,-38,262,-240]],"type":"Polygon","properties":{"name":"Lamwo","density":0,"path":"/world/Uganda/Lamwo"},"id":"11563"},{"arcs":[[-132,-44,-247,263,-137,264,265,-15]],"type":"Polygon","properties":{"name":"Lira","density":0,"path":"/world/Uganda/Lira"},"id":"11609"},{"arcs":[[266,-163,-196,-125,-189,-152]],"type":"Polygon","properties":{"name":"Luuka","density":0,"path":"/world/Uganda/Luuka"},"id":"11541"},{"arcs":[[267,268,269,270,-216]],"type":"Polygon","properties":{"name":"Luweero","density":0,"path":"/world/Uganda/Luweero"},"id":"11537"},{"arcs":[[271,272,273,274]],"type":"Polygon","properties":{"name":"Lwengo","density":0,"path":"/world/Uganda/Lwengo"},"id":"11530"},{"arcs":[[-273,275,-233,276]],"type":"Polygon","properties":{"name":"Lyantonde","density":0,"path":"/world/Uganda/Lyantonde"},"id":"11604"},{"arcs":[[277,278,279,-57]],"type":"Polygon","properties":{"name":"Manafwa","density":0,"path":"/world/Uganda/Manafwa"},"id":"11574"},{"arcs":[[280,-243,281,-49]],"type":"Polygon","properties":{"name":"Maracha","density":0,"path":"/world/Uganda/Maracha"},"id":"11562"},{"arcs":[[282,-275,283,-84,-192,-184]],"type":"Polygon","properties":{"name":"Masaka","density":0,"path":"/world/Uganda/Masaka"},"id":"11528"},{"arcs":[[284,-257,-146,-96,-235,285]],"type":"Polygon","properties":{"name":"Masindi","density":0,"path":"/world/Uganda/Masindi"},"id":"11517"},{"arcs":[[286,287,-123,-77,-160,-267,-151,-63]],"type":"Polygon","properties":{"name":"Mayuge","density":0,"path":"/world/Uganda/Mayuge"},"id":"11577"},{"arcs":[[-280,288,-116,-55,289,-79,290,-58]],"type":"Polygon","properties":{"name":"Mbale","density":0,"path":"/world/Uganda/Mbale"},"id":"11551"},{"arcs":[[-157,291,292,-72,-147,-230]],"type":"Polygon","properties":{"name":"Mbarara","density":0,"path":"/world/Uganda/Mbarara"},"id":"11527"},{"arcs":[[293,294,-106,295]],"type":"Polygon","properties":{"name":"Mitooma","density":0,"path":"/world/Uganda/Mitooma"},"id":"11525"},{"arcs":[[-136,296,-223,297,298,299,-119]],"type":"Polygon","properties":{"name":"Mityana","density":0,"path":"/world/Uganda/Mityana"},"id":"11532"},{"arcs":[[-27,300,301,-248,-167,302]],"type":"Polygon","properties":{"name":"Moroto","density":0,"path":"/world/Uganda/Moroto"},"id":"11567"},{"arcs":[[-6,-51,303,304]],"type":"Polygon","properties":{"name":"Moyo","density":0,"path":"/world/Uganda/Moyo"},"id":"11558"},{"arcs":[[-185,-193,-120,-300,305]],"type":"Polygon","properties":{"name":"Mpigi","density":0,"path":"/world/Uganda/Mpigi"},"id":"11535"},{"arcs":[[-135,306,-261,-218,-256,-224,-297]],"type":"Polygon","properties":{"name":"Mubende","density":0,"path":"/world/Uganda/Mubende"},"id":"11603"},{"arcs":[[-74,-122,307,-187,308,-194,309,-268,-215]],"type":"Polygon","properties":{"name":"Mukono","density":0,"path":"/world/Uganda/Mukono"},"id":"11581"},{"arcs":[[-255,-92,-82,-252,-210,310,-301,-26]],"type":"Polygon","properties":{"name":"Nakapiripirit","density":0,"path":"/world/Uganda/Nakapiripirit"},"id":"11556"},{"arcs":[[311,-298,-226,-258,-285,312,-270]],"type":"Polygon","properties":{"name":"Nakaseke","density":0,"path":"/world/Uganda/Nakaseke"},"id":"11521"},{"arcs":[[-271,-313,-286,-234,-40,-21,-217]],"type":"Polygon","properties":{"name":"Nakasongola","density":0,"path":"/world/Uganda/Nakasongola"},"id":"11518"},{"arcs":[[-287,-62,-111,313]],"type":"Polygon","properties":{"name":"Namayingo","density":0,"path":"/world/Uganda/Namayingo"},"id":"11593"},{"arcs":[[-65,-154,-188,-227,-114]],"type":"Polygon","properties":{"name":"Namutumba","density":0,"path":"/world/Uganda/Namutumba"},"id":"11546"},{"arcs":[[-311,-214,-32,314,-4,-249,-302]],"type":"Polygon","properties":{"name":"Napak","density":0,"path":"/world/Uganda/Napak"},"id":"11565"},{"arcs":[[-99,315,316,-46,-35,317]],"type":"Polygon","properties":{"name":"Nebbi","density":0,"path":"/world/Uganda/Nebbi"},"id":"11601"},{"arcs":[[318,319,320,-212,-251]],"type":"Polygon","properties":{"name":"Ngora","density":0,"path":"/world/Uganda/Ngora"},"id":"11512"},{"arcs":[[-178,-105,321,-144,-221]],"type":"Polygon","properties":{"name":"Ntoroko","density":0,"path":"/world/Uganda/Ntoroko"},"id":"11600"},{"arcs":[[322,-174,323,-294,324,-292,-156]],"type":"Polygon","properties":{"name":"Ntungamo","density":0,"path":"/world/Uganda/Ntungamo"},"id":"11615"},{"arcs":[[-236,-100,-318,-34,-139,325]],"type":"Polygon","properties":{"name":"Nwoya","density":0,"path":"/world/Uganda/Nwoya"},"id":"11598"},{"arcs":[[-31,-16,-266,326,-9,-1,-315]],"type":"Polygon","properties":{"name":"Otuke","density":0,"path":"/world/Uganda/Otuke"},"id":"11507"},{"arcs":[[-246,-42,-237,-326,-138,-264]],"type":"Polygon","properties":{"name":"Oyam","density":0,"path":"/world/Uganda/Oyam"},"id":"11505"},{"arcs":[[-327,-265,-141,-262,-239,-10]],"type":"Polygon","properties":{"name":"Pader","density":0,"path":"/world/Uganda/Pader"},"id":"11592"},{"arcs":[[-54,-228,-190,-130,327,-319,-250,-80,-290]],"type":"Polygon","properties":{"name":"Pallisa","density":0,"path":"/world/Uganda/Pallisa"},"id":"11544"},{"arcs":[[[328]],[[329,-159,-229,-276,-272,-283,-183]]],"type":"MultiPolygon","properties":{"name":"Rakai","density":0,"path":"/world/Uganda/Rakai"},"id":"11580"},{"arcs":[[-70,-108,330,331,-208,-199,-148]],"type":"Polygon","properties":{"name":"Rubirizi","density":0,"path":"/world/Uganda/Rubirizi"},"id":"11583"},{"arcs":[[-173,-206,-331,-107,-295,-324]],"type":"Polygon","properties":{"name":"Rukungiri","density":0,"path":"/world/Uganda/Rukungiri"},"id":"11586"},{"arcs":[[-274,-277,-232,-259,-307,-134,-85,-284]],"type":"Polygon","properties":{"name":"Sembabule","density":0,"path":"/world/Uganda/Sembabule"},"id":"11605"},{"arcs":[[-320,-328,-129,-180,332]],"type":"Polygon","properties":{"name":"Serere","density":0,"path":"/world/Uganda/Serere"},"id":"11513"},{"arcs":[[-325,-296,-109,-68,-293]],"type":"Polygon","properties":{"name":"Sheema","density":0,"path":"/world/Uganda/Sheema"},"id":"11524"},{"arcs":[[-291,-78,-91,-254,-59]],"type":"Polygon","properties":{"name":"Sironko","density":0,"path":"/world/Uganda/Sironko"},"id":"11552"},{"arcs":[[-321,-333,-181,-29,-213]],"type":"Polygon","properties":{"name":"Soroti","density":0,"path":"/world/Uganda/Soroti"},"id":"11511"},{"arcs":[[-112,-67,-113,-289,-279,333]],"type":"Polygon","properties":{"name":"Tororo","density":0,"path":"/world/Uganda/Tororo"},"id":"11575"},{"arcs":[[-195,-309,-186,-306,-299,-312,-269,-310]],"type":"Polygon","properties":{"name":"Wakiso","density":0,"path":"/world/Uganda/Wakiso"},"id":"11539"},{"arcs":[[-50,-282,-245,334,-304]],"type":"Polygon","properties":{"name":"Yumbe","density":0,"path":"/world/Uganda/Yumbe"},"id":"11561"},{"arcs":[[335,-47,-317]],"type":"Polygon","properties":{"name":"Zombo","density":0,"path":"/world/Uganda/Zombo"},"id":"11602"}]}}}